0.00000000 0.00000000 6.00000000
0.00000000 0.00500000 5.99476400
0.00000000 0.01000000 5.98905900
0.00000000 0.01500000 5.98288600
0.00000000 0.02000000 5.97625200
0.00000000 0.02500000 5.96916400
0.00000000 0.03000000 5.96163000
0.00000000 0.03500000 5.95366300
0.00000000 0.04000000 5.94527500
0.00000000 0.04500000 5.93648200
0.00000000 0.05000000 5.92730000
0.00000000 0.05500000 5.91775000
0.00000000 0.06000000 5.90785000
0.00000000 0.06500000 5.89762500
0.00000000 0.07000000 5.88709700
0.00000000 0.07500000 5.87629100
0.00000000 0.08000000 5.86523600
0.00000000 0.08500000 5.85395900
0.00000000 0.09000000 5.84249000
0.00000000 0.09500000 5.83085900
0.00000000 0.10000000 5.81909800
0.00000000 0.10500000 5.80724000
0.00000000 0.11000000 5.79531800
0.00000000 0.11500000 5.78336700
0.00000000 0.12000000 5.77142100
0.00000000 0.12500000 5.75951500
0.00000000 0.13000000 5.74768600
0.00000000 0.13500000 5.73596800
0.00000000 0.14000000 5.72439800
0.00000000 0.14500000 5.71301300
0.00000000 0.15000000 5.70184700
0.00000000 0.15500000 5.69093600
0.00000000 0.16000000 5.68031600
0.00000000 0.16500000 5.67002000
0.00000000 0.17000000 5.66008400
0.00000000 0.17500000 5.65053900
0.00000000 0.18000000 5.64141900
0.00000000 0.18500000 5.63275500
0.00000000 0.19000000 5.62457600
0.00000000 0.19500000 5.61691100
0.00000000 0.20000000 5.60978900
0.00000000 0.20500000 5.60323400
0.00000000 0.21000000 5.59727200
0.00000000 0.21500000 5.59192400
0.00000000 0.22000000 5.58721300
0.00000000 0.22500000 5.58315600
0.00000000 0.23000000 5.57977100
0.00000000 0.23500000 5.57707400
0.00000000 0.24000000 5.57507700
0.00000000 0.24500000 5.57379000
0.00000000 0.25000000 5.57322300
0.00000000 0.63500000 5.55171600
0.00000000 0.64000000 5.51916200
0.00000000 0.64500000 5.48579800
0.00000000 0.65000000 5.45168200
0.00000000 0.65500000 5.41687600
0.00000000 0.66000000 5.38144200
0.00000000 0.66500000 5.34544500
0.00000000 0.67000000 5.30895500
0.00000000 0.67500000 5.27204000
0.00000000 0.68000000 5.23477300
0.00000000 0.68500000 5.19722900
0.00000000 0.69000000 5.15948100
0.00000000 0.69500000 5.12160800
0.00000000 0.70000000 5.08368800
0.00000000 0.70500000 5.04580000
0.00000000 0.71000000 5.00802500
0.00000000 0.71500000 4.97044300
0.00000000 0.72000000 4.93313700
0.00000000 0.72500000 4.89618900
0.00000000 0.73000000 4.85967900
0.00000000 0.73500000 4.82369100
0.00000000 0.74000000 4.78830600
0.00000000 0.74500000 4.75360600
0.00000000 0.75000000 4.71967000
0.00000000 0.75500000 4.68657900
0.00000000 0.76000000 4.65441000
0.00000000 0.76500000 4.62324100
0.00000000 0.77000000 4.59314800
0.00000000 0.77500000 4.56420400
0.00000000 0.78000000 4.53648100
0.00000000 0.78500000 4.51004800
0.00000000 0.79000000 4.48497400
0.00000000 0.79500000 4.46132200
0.00000000 0.80000000 4.43915500
0.00000000 0.80500000 4.41853100
0.00000000 0.81000000 4.39950700
0.00000000 0.81500000 4.38213600
0.00000000 0.82000000 4.36646600
0.00000000 0.82500000 4.35254300
0.00000000 0.83000000 4.34041000
0.00000000 0.83500000 4.33010300
0.00000000 0.84000000 4.32165800
0.00000000 0.84500000 4.31510300
0.00000000 0.85000000 4.31046500
0.00000000 0.85500000 4.30776400
0.00000000 0.86000000 4.30701800
0.00500000 0.00000000 5.99476400
0.00500000 0.00500000 5.98952900
0.00500000 0.01000000 5.98382300
0.00500000 0.01500000 5.97765100
0.00500000 0.02000000 5.97101700
0.00500000 0.02500000 5.96392800
0.00500000 0.03000000 5.95639500
0.00500000 0.03500000 5.94842700
0.00500000 0.04000000 5.94003900
0.00500000 0.04500000 5.93124600
0.00500000 0.05000000 5.92206500
0.00500000 0.05500000 5.91251400
0.00500000 0.06000000 5.90261500
0.00500000 0.06500000 5.89238900
0.00500000 0.07000000 5.88186100
0.00500000 0.07500000 5.87105600
0.00500000 0.08000000 5.86000100
0.00500000 0.08500000 5.84872400
0.00500000 0.09000000 5.83725400
0.00500000 0.09500000 5.82562400
0.00500000 0.10000000 5.81386300
0.00500000 0.10500000 5.80200500
0.00500000 0.11000000 5.79008300
0.00500000 0.11500000 5.77813100
0.00500000 0.12000000 5.76618500
0.00500000 0.12500000 5.75428000
0.00500000 0.13000000 5.74245000
0.00500000 0.13500000 5.73073200
0.00500000 0.14000000 5.71916300
0.00500000 0.14500000 5.70777700
0.00500000 0.15000000 5.69661100
0.00500000 0.15500000 5.68570100
0.00500000 0.16000000 5.67508000
0.00500000 0.16500000 5.66478500
0.00500000 0.17000000 5.65484800
0.00500000 0.17500000 5.64530400
0.00500000 0.18000000 5.63618400
0.00500000 0.18500000 5.62751900
0.00500000 0.19000000 5.61934000
0.00500000 0.19500000 5.61167600
0.00500000 0.20000000 5.60455300
0.00500000 0.20500000 5.59799800
0.00500000 0.21000000 5.59203600
0.00500000 0.21500000 5.58668900
0.00500000 0.22000000 5.58197700
0.00500000 0.22500000 5.57792000
0.00500000 0.23000000 5.57453600
0.00500000 0.23500000 5.57183900
0.00500000 0.24000000 5.56984100
0.00500000 0.24500000 5.56855500
0.00500000 0.25000000 5.56798800
0.00500000 0.63500000 5.54648000
0.00500000 0.64000000 5.51392600
0.00500000 0.64500000 5.48056200
0.00500000 0.65000000 5.44644700
0.00500000 0.65500000 5.41164000
0.00500000 0.66000000 5.37620600
0.00500000 0.66500000 5.34021000
0.00500000 0.67000000 5.30371900
0.00500000 0.67500000 5.26680500
0.00500000 0.68000000 5.22953800
0.00500000 0.68500000 5.19199300
0.00500000 0.69000000 5.15424600
0.00500000 0.69500000 5.11637300
0.00500000 0.70000000 5.07845300
0.00500000 0.70500000 5.04056500
0.00500000 0.71000000 5.00278900
0.00500000 0.71500000 4.96520800
0.00500000 0.72000000 4.92790200
0.00500000 0.72500000 4.89095300
0.00500000 0.73000000 4.85444400
0.00500000 0.73500000 4.81845600
0.00500000 0.74000000 4.78307100
0.00500000 0.74500000 4.74837000
0.00500000 0.75000000 4.71443400
0.00500000 0.75500000 4.68134300
0.00500000 0.76000000 4.64917400
0.00500000 0.76500000 4.61800600
0.00500000 0.77000000 4.58791200
0.00500000 0.77500000 4.55896800
0.00500000 0.78000000 4.53124500
0.00500000 0.78500000 4.50481300
0.00500000 0.79000000 4.47973800
0.00500000 0.79500000 4.45608600
0.00500000 0.80000000 4.43391900
0.00500000 0.80500000 4.41329600
0.00500000 0.81000000 4.39427200
0.00500000 0.81500000 4.37690000
0.00500000 0.82000000 4.36123000
0.00500000 0.82500000 4.34730800
0.00500000 0.83000000 4.33517400
0.00500000 0.83500000 4.32486700
0.00500000 0.84000000 4.31642200
0.00500000 0.84500000 4.30986700
0.00500000 0.85000000 4.30522900
0.00500000 0.85500000 4.30252900
0.00500000 0.86000000 4.30178300
0.01000000 0.00000000 5.98905900
0.01000000 0.00500000 5.98382300
0.01000000 0.01000000 5.97811800
0.01000000 0.01500000 5.97194500
0.01000000 0.02000000 5.96531100
0.01000000 0.02500000 5.95822300
0.01000000 0.03000000 5.95068900
0.01000000 0.03500000 5.94272200
0.01000000 0.04000000 5.93433400
0.01000000 0.04500000 5.92554100
0.01000000 0.05000000 5.91635900
0.01000000 0.05500000 5.90680900
0.01000000 0.06000000 5.89690900
0.01000000 0.06500000 5.88668400
0.01000000 0.07000000 5.87615500
0.01000000 0.07500000 5.86535000
0.01000000 0.08000000 5.85429500
0.01000000 0.08500000 5.84301800
0.01000000 0.09000000 5.83154900
0.01000000 0.09500000 5.81991800
0.01000000 0.10000000 5.80815700
0.01000000 0.10500000 5.79629900
0.01000000 0.11000000 5.78437700
0.01000000 0.11500000 5.77242600
0.01000000 0.12000000 5.76048000
0.01000000 0.12500000 5.74857400
0.01000000 0.13000000 5.73674400
0.01000000 0.13500000 5.72502700
0.01000000 0.14000000 5.71345700
0.01000000 0.14500000 5.70207200
0.01000000 0.15000000 5.69090600
0.01000000 0.15500000 5.67999500
0.01000000 0.16000000 5.66937500
0.01000000 0.16500000 5.65907900
0.01000000 0.17000000 5.64914300
0.01000000 0.17500000 5.63959800
0.01000000 0.18000000 5.63047800
0.01000000 0.18500000 5.62181400
0.01000000 0.19000000 5.61363500
0.01000000 0.19500000 5.60597000
0.01000000 0.20000000 5.59884800
0.01000000 0.20500000 5.59229300
0.01000000 0.21000000 5.58633000
0.01000000 0.21500000 5.58098300
0.01000000 0.22000000 5.57627100
0.01000000 0.22500000 5.57221500
0.01000000 0.23000000 5.56883000
0.01000000 0.23500000 5.56613300
0.01000000 0.24000000 5.56413600
0.01000000 0.24500000 5.56284900
0.01000000 0.25000000 5.56228200
0.01000000 0.63500000 5.54077500
0.01000000 0.64000000 5.50822000
0.01000000 0.64500000 5.47485700
0.01000000 0.65000000 5.44074100
0.01000000 0.65500000 5.40593500
0.01000000 0.66000000 5.37050100
0.01000000 0.66500000 5.33450400
0.01000000 0.67000000 5.29801400
0.01000000 0.67500000 5.26109900
0.01000000 0.68000000 5.22383200
0.01000000 0.68500000 5.18628700
0.01000000 0.69000000 5.14854000
0.01000000 0.69500000 5.11066700
0.01000000 0.70000000 5.07274700
0.01000000 0.70500000 5.03485900
0.01000000 0.71000000 4.99708400
0.01000000 0.71500000 4.95950200
0.01000000 0.72000000 4.92219600
0.01000000 0.72500000 4.88524700
0.01000000 0.73000000 4.84873800
0.01000000 0.73500000 4.81275000
0.01000000 0.74000000 4.77736500
0.01000000 0.74500000 4.74266500
0.01000000 0.75000000 4.70872900
0.01000000 0.75500000 4.67563700
0.01000000 0.76000000 4.64346900
0.01000000 0.76500000 4.61230000
0.01000000 0.77000000 4.58220700
0.01000000 0.77500000 4.55326300
0.01000000 0.78000000 4.52554000
0.01000000 0.78500000 4.49910700
0.01000000 0.79000000 4.47403300
0.01000000 0.79500000 4.45038100
0.01000000 0.80000000 4.42821400
0.01000000 0.80500000 4.40759000
0.01000000 0.81000000 4.38856600
0.01000000 0.81500000 4.37119500
0.01000000 0.82000000 4.35552500
0.01000000 0.82500000 4.34160200
0.01000000 0.83000000 4.32946800
0.01000000 0.83500000 4.31916200
0.01000000 0.84000000 4.31071600
0.01000000 0.84500000 4.30416200
0.01000000 0.85000000 4.29952400
0.01000000 0.85500000 4.29682300
0.01000000 0.86000000 4.29607700
0.01500000 0.00000000 5.98288600
0.01500000 0.00500000 5.97765100
0.01500000 0.01000000 5.97194500
0.01500000 0.01500000 5.96577300
0.01500000 0.02000000 5.95913900
0.01500000 0.02500000 5.95205000
0.01500000 0.03000000 5.94451700
0.01500000 0.03500000 5.93654900
0.01500000 0.04000000 5.92816100
0.01500000 0.04500000 5.91936800
0.01500000 0.05000000 5.91018700
0.01500000 0.05500000 5.90063600
0.01500000 0.06000000 5.89073700
0.01500000 0.06500000 5.88051100
0.01500000 0.07000000 5.86998300
0.01500000 0.07500000 5.85917800
0.01500000 0.08000000 5.84812300
0.01500000 0.08500000 5.83684600
0.01500000 0.09000000 5.82537600
0.01500000 0.09500000 5.81374600
0.01500000 0.10000000 5.80198500
0.01500000 0.10500000 5.79012700
0.01500000 0.11000000 5.77820500
0.01500000 0.11500000 5.76625300
0.01500000 0.12000000 5.75430700
0.01500000 0.12500000 5.74240200
0.01500000 0.13000000 5.73057200
0.01500000 0.13500000 5.71885400
0.01500000 0.14000000 5.70728500
0.01500000 0.14500000 5.69589900
0.01500000 0.15000000 5.68473300
0.01500000 0.15500000 5.67382300
0.01500000 0.16000000 5.66320200
0.01500000 0.16500000 5.65290700
0.01500000 0.17000000 5.64297000
0.01500000 0.17500000 5.63342600
0.01500000 0.18000000 5.62430600
0.01500000 0.18500000 5.61564100
0.01500000 0.19000000 5.60746200
0.01500000 0.19500000 5.59979800
0.01500000 0.20000000 5.59267500
0.01500000 0.20500000 5.58612000
0.01500000 0.21000000 5.58015800
0.01500000 0.21500000 5.57481100
0.01500000 0.22000000 5.57009900
0.01500000 0.22500000 5.56604200
0.01500000 0.23000000 5.56265800
0.01500000 0.23500000 5.55996100
0.01500000 0.24000000 5.55796300
0.01500000 0.24500000 5.55667700
0.01500000 0.25000000 5.55611000
0.01500000 0.63500000 5.53460200
0.01500000 0.64000000 5.50204800
0.01500000 0.64500000 5.46868400
0.01500000 0.65000000 5.43456900
0.01500000 0.65500000 5.39976200
0.01500000 0.66000000 5.36432800
0.01500000 0.66500000 5.32833200
0.01500000 0.67000000 5.29184100
0.01500000 0.67500000 5.25492700
0.01500000 0.68000000 5.21766000
0.01500000 0.68500000 5.18011500
0.01500000 0.69000000 5.14236800
0.01500000 0.69500000 5.10449500
0.01500000 0.70000000 5.06657500
0.01500000 0.70500000 5.02868700
0.01500000 0.71000000 4.99091100
0.01500000 0.71500000 4.95333000
0.01500000 0.72000000 4.91602400
0.01500000 0.72500000 4.87907500
0.01500000 0.73000000 4.84256600
0.01500000 0.73500000 4.80657800
0.01500000 0.74000000 4.77119300
0.01500000 0.74500000 4.73649200
0.01500000 0.75000000 4.70255600
0.01500000 0.75500000 4.66946500
0.01500000 0.76000000 4.63729600
0.01500000 0.76500000 4.60612800
0.01500000 0.77000000 4.57603400
0.01500000 0.77500000 4.54709000
0.01500000 0.78000000 4.51936700
0.01500000 0.78500000 4.49293500
0.01500000 0.79000000 4.46786000
0.01500000 0.79500000 4.44420800
0.01500000 0.80000000 4.42204100
0.01500000 0.80500000 4.40141800
0.01500000 0.81000000 4.38239400
0.01500000 0.81500000 4.36502200
0.01500000 0.82000000 4.34935200
0.01500000 0.82500000 4.33543000
0.01500000 0.83000000 4.32329600
0.01500000 0.83500000 4.31298900
0.01500000 0.84000000 4.30454400
0.01500000 0.84500000 4.29798900
0.01500000 0.85000000 4.29335100
0.01500000 0.85500000 4.29065100
0.01500000 0.86000000 4.28990500
0.02000000 0.00000000 5.97625200
0.02000000 0.00500000 5.97101700
0.02000000 0.01000000 5.96531100
0.02000000 0.01500000 5.95913900
0.02000000 0.02000000 5.95250500
0.02000000 0.02500000 5.94541600
0.02000000 0.03000000 5.93788300
0.02000000 0.03500000 5.92991500
0.02000000 0.04000000 5.92152700
0.02000000 0.04500000 5.91273400
0.02000000 0.05000000 5.90355300
0.02000000 0.05500000 5.89400200
0.02000000 0.06000000 5.88410300
0.02000000 0.06500000 5.87387700
0.02000000 0.07000000 5.86334900
0.02000000 0.07500000 5.85254400
0.02000000 0.08000000 5.84148900
0.02000000 0.08500000 5.83021200
0.02000000 0.09000000 5.81874200
0.02000000 0.09500000 5.80711100
0.02000000 0.10000000 5.79535100
0.02000000 0.10500000 5.78349300
0.02000000 0.11000000 5.77157100
0.02000000 0.11500000 5.75961900
0.02000000 0.12000000 5.74767300
0.02000000 0.12500000 5.73576700
0.02000000 0.13000000 5.72393800
0.02000000 0.13500000 5.71222000
0.02000000 0.14000000 5.70065100
0.02000000 0.14500000 5.68926500
0.02000000 0.15000000 5.67809900
0.02000000 0.15500000 5.66718800
0.02000000 0.16000000 5.65656800
0.02000000 0.16500000 5.64627300
0.02000000 0.17000000 5.63633600
0.02000000 0.17500000 5.62679200
0.02000000 0.18000000 5.61767200
0.02000000 0.18500000 5.60900700
0.02000000 0.19000000 5.60082800
0.02000000 0.19500000 5.59316400
0.02000000 0.20000000 5.58604100
0.02000000 0.20500000 5.57948600
0.02000000 0.21000000 5.57352400
0.02000000 0.21500000 5.56817600
0.02000000 0.22000000 5.56346500
0.02000000 0.22500000 5.55940800
0.02000000 0.23000000 5.55602400
0.02000000 0.23500000 5.55332600
0.02000000 0.24000000 5.55132900
0.02000000 0.24500000 5.55004300
0.02000000 0.25000000 5.54947600
0.02000000 0.63500000 5.52796800
0.02000000 0.64000000 5.49541400
0.02000000 0.64500000 5.46205000
0.02000000 0.65000000 5.42793500
0.02000000 0.65500000 5.39312800
0.02000000 0.66000000 5.35769400
0.02000000 0.66500000 5.32169800
0.02000000 0.67000000 5.28520700
0.02000000 0.67500000 5.24829200
0.02000000 0.68000000 5.21102600
0.02000000 0.68500000 5.17348100
0.02000000 0.69000000 5.13573400
0.02000000 0.69500000 5.09786100
0.02000000 0.70000000 5.05994000
0.02000000 0.70500000 5.02205300
0.02000000 0.71000000 4.98427700
0.02000000 0.71500000 4.94669600
0.02000000 0.72000000 4.90939000
0.02000000 0.72500000 4.87244100
0.02000000 0.73000000 4.83593200
0.02000000 0.73500000 4.79994400
0.02000000 0.74000000 4.76455900
0.02000000 0.74500000 4.72985800
0.02000000 0.75000000 4.69592200
0.02000000 0.75500000 4.66283100
0.02000000 0.76000000 4.63066200
0.02000000 0.76500000 4.59949400
0.02000000 0.77000000 4.56940000
0.02000000 0.77500000 4.54045600
0.02000000 0.78000000 4.51273300
0.02000000 0.78500000 4.48630100
0.02000000 0.79000000 4.46122600
0.02000000 0.79500000 4.43757400
0.02000000 0.80000000 4.41540700
0.02000000 0.80500000 4.39478400
0.02000000 0.81000000 4.37576000
0.02000000 0.81500000 4.35838800
0.02000000 0.82000000 4.34271800
0.02000000 0.82500000 4.32879600
0.02000000 0.83000000 4.31666200
0.02000000 0.83500000 4.30635500
0.02000000 0.84000000 4.29791000
0.02000000 0.84500000 4.29135500
0.02000000 0.85000000 4.28671700
0.02000000 0.85500000 4.28401700
0.02000000 0.86000000 4.28327100
0.02500000 0.00000000 5.96916400
0.02500000 0.00500000 5.96392800
0.02500000 0.01000000 5.95822300
0.02500000 0.01500000 5.95205000
0.02500000 0.02000000 5.94541600
0.02500000 0.02500000 5.93832800
0.02500000 0.03000000 5.93079400
0.02500000 0.03500000 5.92282700
0.02500000 0.04000000 5.91443900
0.02500000 0.04500000 5.90564600
0.02500000 0.05000000 5.89646400
0.02500000 0.05500000 5.88691400
0.02500000 0.06000000 5.87701400
0.02500000 0.06500000 5.86678900
0.02500000 0.07000000 5.85626000
0.02500000 0.07500000 5.84545500
0.02500000 0.08000000 5.83440000
0.02500000 0.08500000 5.82312300
0.02500000 0.09000000 5.81165400
0.02500000 0.09500000 5.80002300
0.02500000 0.10000000 5.78826200
0.02500000 0.10500000 5.77640400
0.02500000 0.11000000 5.76448200
0.02500000 0.11500000 5.75253100
0.02500000 0.12000000 5.74058500
0.02500000 0.12500000 5.72867900
0.02500000 0.13000000 5.71684900
0.02500000 0.13500000 5.70513200
0.02500000 0.14000000 5.69356200
0.02500000 0.14500000 5.68217700
0.02500000 0.15000000 5.67101100
0.02500000 0.15500000 5.66010000
0.02500000 0.16000000 5.64948000
0.02500000 0.16500000 5.63918400
0.02500000 0.17000000 5.62924800
0.02500000 0.17500000 5.61970300
0.02500000 0.18000000 5.61058300
0.02500000 0.18500000 5.60191900
0.02500000 0.19000000 5.59374000
0.02500000 0.19500000 5.58607500
0.02500000 0.20000000 5.57895300
0.02500000 0.20500000 5.57239800
0.02500000 0.21000000 5.56643500
0.02500000 0.21500000 5.56108800
0.02500000 0.22000000 5.55637600
0.02500000 0.22500000 5.55232000
0.02500000 0.23000000 5.54893500
0.02500000 0.23500000 5.54623800
0.02500000 0.24000000 5.54424100
0.02500000 0.24500000 5.54295400
0.02500000 0.25000000 5.54238700
0.02500000 0.63500000 5.52087900
0.02500000 0.64000000 5.48832500
0.02500000 0.64500000 5.45496200
0.02500000 0.65000000 5.42084600
0.02500000 0.65500000 5.38604000
0.02500000 0.66000000 5.35060600
0.02500000 0.66500000 5.31460900
0.02500000 0.67000000 5.27811900
0.02500000 0.67500000 5.24120400
0.02500000 0.68000000 5.20393700
0.02500000 0.68500000 5.16639200
0.02500000 0.69000000 5.12864500
0.02500000 0.69500000 5.09077200
0.02500000 0.70000000 5.05285200
0.02500000 0.70500000 5.01496400
0.02500000 0.71000000 4.97718900
0.02500000 0.71500000 4.93960700
0.02500000 0.72000000 4.90230100
0.02500000 0.72500000 4.86535200
0.02500000 0.73000000 4.82884300
0.02500000 0.73500000 4.79285500
0.02500000 0.74000000 4.75747000
0.02500000 0.74500000 4.72277000
0.02500000 0.75000000 4.68883400
0.02500000 0.75500000 4.65574200
0.02500000 0.76000000 4.62357400
0.02500000 0.76500000 4.59240500
0.02500000 0.77000000 4.56231200
0.02500000 0.77500000 4.53336800
0.02500000 0.78000000 4.50564500
0.02500000 0.78500000 4.47921200
0.02500000 0.79000000 4.45413800
0.02500000 0.79500000 4.43048600
0.02500000 0.80000000 4.40831900
0.02500000 0.80500000 4.38769500
0.02500000 0.81000000 4.36867100
0.02500000 0.81500000 4.35130000
0.02500000 0.82000000 4.33563000
0.02500000 0.82500000 4.32170700
0.02500000 0.83000000 4.30957300
0.02500000 0.83500000 4.29926700
0.02500000 0.84000000 4.29082100
0.02500000 0.84500000 4.28426700
0.02500000 0.85000000 4.27962900
0.02500000 0.85500000 4.27692800
0.02500000 0.86000000 4.27618200
0.03000000 0.00000000 5.96163000
0.03000000 0.00500000 5.95639500
0.03000000 0.01000000 5.95068900
0.03000000 0.01500000 5.94451700
0.03000000 0.02000000 5.93788300
0.03000000 0.02500000 5.93079400
0.03000000 0.03000000 5.92326100
0.03000000 0.03500000 5.91529300
0.03000000 0.04000000 5.90690500
0.03000000 0.04500000 5.89811200
0.03000000 0.05000000 5.88893100
0.03000000 0.05500000 5.87938000
0.03000000 0.06000000 5.86948100
0.03000000 0.06500000 5.85925500
0.03000000 0.07000000 5.84872700
0.03000000 0.07500000 5.83792200
0.03000000 0.08000000 5.82686600
0.03000000 0.08500000 5.81559000
0.03000000 0.09000000 5.80412000
0.03000000 0.09500000 5.79248900
0.03000000 0.10000000 5.78072900
0.03000000 0.10500000 5.76887000
0.03000000 0.11000000 5.75694900
0.03000000 0.11500000 5.74499700
0.03000000 0.12000000 5.73305100
0.03000000 0.12500000 5.72114500
0.03000000 0.13000000 5.70931600
0.03000000 0.13500000 5.69759800
0.03000000 0.14000000 5.68602900
0.03000000 0.14500000 5.67464300
0.03000000 0.15000000 5.66347700
0.03000000 0.15500000 5.65256600
0.03000000 0.16000000 5.64194600
0.03000000 0.16500000 5.63165100
0.03000000 0.17000000 5.62171400
0.03000000 0.17500000 5.61217000
0.03000000 0.18000000 5.60305000
0.03000000 0.18500000 5.59438500
0.03000000 0.19000000 5.58620600
0.03000000 0.19500000 5.57854200
0.03000000 0.20000000 5.57141900
0.03000000 0.20500000 5.56486400
0.03000000 0.21000000 5.55890200
0.03000000 0.21500000 5.55355400
0.03000000 0.22000000 5.54884300
0.03000000 0.22500000 5.54478600
0.03000000 0.23000000 5.54140200
0.03000000 0.23500000 5.53870400
0.03000000 0.24000000 5.53670700
0.03000000 0.24500000 5.53542100
0.03000000 0.25000000 5.53485400
0.03000000 0.63500000 5.51334600
0.03000000 0.64000000 5.48079200
0.03000000 0.64500000 5.44742800
0.03000000 0.65000000 5.41331300
0.03000000 0.65500000 5.37850600
0.03000000 0.66000000 5.34307200
0.03000000 0.66500000 5.30707600
0.03000000 0.67000000 5.27058500
0.03000000 0.67500000 5.23367000
0.03000000 0.68000000 5.19640400
0.03000000 0.68500000 5.15885900
0.03000000 0.69000000 5.12111100
0.03000000 0.69500000 5.08323800
0.03000000 0.70000000 5.04531800
0.03000000 0.70500000 5.00743100
0.03000000 0.71000000 4.96965500
0.03000000 0.71500000 4.93207400
0.03000000 0.72000000 4.89476800
0.03000000 0.72500000 4.85781900
0.03000000 0.73000000 4.82130900
0.03000000 0.73500000 4.78532100
0.03000000 0.74000000 4.74993700
0.03000000 0.74500000 4.71523600
0.03000000 0.75000000 4.68130000
0.03000000 0.75500000 4.64820900
0.03000000 0.76000000 4.61604000
0.03000000 0.76500000 4.58487200
0.03000000 0.77000000 4.55477800
0.03000000 0.77500000 4.52583400
0.03000000 0.78000000 4.49811100
0.03000000 0.78500000 4.47167900
0.03000000 0.79000000 4.44660400
0.03000000 0.79500000 4.42295200
0.03000000 0.80000000 4.40078500
0.03000000 0.80500000 4.38016200
0.03000000 0.81000000 4.36113800
0.03000000 0.81500000 4.34376600
0.03000000 0.82000000 4.32809600
0.03000000 0.82500000 4.31417300
0.03000000 0.83000000 4.30204000
0.03000000 0.83500000 4.29173300
0.03000000 0.84000000 4.28328800
0.03000000 0.84500000 4.27673300
0.03000000 0.85000000 4.27209500
0.03000000 0.85500000 4.26939500
0.03000000 0.86000000 4.26864900
0.03500000 0.00000000 5.95366300
0.03500000 0.00500000 5.94842700
0.03500000 0.01000000 5.94272200
0.03500000 0.01500000 5.93654900
0.03500000 0.02000000 5.92991500
0.03500000 0.02500000 5.92282700
0.03500000 0.03000000 5.91529300
0.03500000 0.03500000 5.90732600
0.03500000 0.04000000 5.89893800
0.03500000 0.04500000 5.89014500
0.03500000 0.05000000 5.88096300
0.03500000 0.05500000 5.87141300
0.03500000 0.06000000 5.86151300
0.03500000 0.06500000 5.85128800
0.03500000 0.07000000 5.84075900
0.03500000 0.07500000 5.82995400
0.03500000 0.08000000 5.81889900
0.03500000 0.08500000 5.80762200
0.03500000 0.09000000 5.79615300
0.03500000 0.09500000 5.78452200
0.03500000 0.10000000 5.77276100
0.03500000 0.10500000 5.76090300
0.03500000 0.11000000 5.74898100
0.03500000 0.11500000 5.73703000
0.03500000 0.12000000 5.72508400
0.03500000 0.12500000 5.71317800
0.03500000 0.13000000 5.70134800
0.03500000 0.13500000 5.68963100
0.03500000 0.14000000 5.67806100
0.03500000 0.14500000 5.66667600
0.03500000 0.15000000 5.65551000
0.03500000 0.15500000 5.64459900
0.03500000 0.16000000 5.63397900
0.03500000 0.16500000 5.62368300
0.03500000 0.17000000 5.61374700
0.03500000 0.17500000 5.60420200
0.03500000 0.18000000 5.59508200
0.03500000 0.18500000 5.58641800
0.03500000 0.19000000 5.57823900
0.03500000 0.19500000 5.57057400
0.03500000 0.20000000 5.56345200
0.03500000 0.20500000 5.55689700
0.03500000 0.21000000 5.55093400
0.03500000 0.21500000 5.54558700
0.03500000 0.22000000 5.54087500
0.03500000 0.22500000 5.53681900
0.03500000 0.23000000 5.53343400
0.03500000 0.23500000 5.53073700
0.03500000 0.24000000 5.52874000
0.03500000 0.24500000 5.52745300
0.03500000 0.25000000 5.52688600
0.03500000 0.63500000 5.50537800
0.03500000 0.64000000 5.47282400
0.03500000 0.64500000 5.43946100
0.03500000 0.65000000 5.40534500
0.03500000 0.65500000 5.37053900
0.03500000 0.66000000 5.33510500
0.03500000 0.66500000 5.29910800
0.03500000 0.67000000 5.26261800
0.03500000 0.67500000 5.22570300
0.03500000 0.68000000 5.18843600
0.03500000 0.68500000 5.15089100
0.03500000 0.69000000 5.11314400
0.03500000 0.69500000 5.07527100
0.03500000 0.70000000 5.03735100
0.03500000 0.70500000 4.99946300
0.03500000 0.71000000 4.96168800
0.03500000 0.71500000 4.92410600
0.03500000 0.72000000 4.88680000
0.03500000 0.72500000 4.84985100
0.03500000 0.73000000 4.81334200
0.03500000 0.73500000 4.77735400
0.03500000 0.74000000 4.74196900
0.03500000 0.74500000 4.70726900
0.03500000 0.75000000 4.67333300
0.03500000 0.75500000 4.64024100
0.03500000 0.76000000 4.60807300
0.03500000 0.76500000 4.57690400
0.03500000 0.77000000 4.54681100
0.03500000 0.77500000 4.51786700
0.03500000 0.78000000 4.49014400
0.03500000 0.78500000 4.46371100
0.03500000 0.79000000 4.43863700
0.03500000 0.79500000 4.41498500
0.03500000 0.80000000 4.39281800
0.03500000 0.80500000 4.37219400
0.03500000 0.81000000 4.35317000
0.03500000 0.81500000 4.33579900
0.03500000 0.82000000 4.32012900
0.03500000 0.82500000 4.30620600
0.03500000 0.83000000 4.29407200
0.03500000 0.83500000 4.28376600
0.03500000 0.84000000 4.27532000
0.03500000 0.84500000 4.26876600
0.03500000 0.85000000 4.26412800
0.03500000 0.85500000 4.26142700
0.03500000 0.86000000 4.26068100
0.04000000 0.00000000 5.94527500
0.04000000 0.00500000 5.94003900
0.04000000 0.01000000 5.93433400
0.04000000 0.01500000 5.92816100
0.04000000 0.02000000 5.92152700
0.04000000 0.02500000 5.91443900
0.04000000 0.03000000 5.90690500
0.04000000 0.03500000 5.89893800
0.04000000 0.04000000 5.89055000
0.04000000 0.04500000 5.88175700
0.04000000 0.05000000 5.87257500
0.04000000 0.05500000 5.86302500
0.04000000 0.06000000 5.85312500
0.04000000 0.06500000 5.84290000
0.04000000 0.07000000 5.83237200
0.04000000 0.07500000 5.82156600
0.04000000 0.08000000 5.81051100
0.04000000 0.08500000 5.79923400
0.04000000 0.09000000 5.78776500
0.04000000 0.09500000 5.77613400
0.04000000 0.10000000 5.76437300
0.04000000 0.10500000 5.75251500
0.04000000 0.11000000 5.74059300
0.04000000 0.11500000 5.72864200
0.04000000 0.12000000 5.71669600
0.04000000 0.12500000 5.70479000
0.04000000 0.13000000 5.69296100
0.04000000 0.13500000 5.68124300
0.04000000 0.14000000 5.66967300
0.04000000 0.14500000 5.65828800
0.04000000 0.15000000 5.64712200
0.04000000 0.15500000 5.63621100
0.04000000 0.16000000 5.62559100
0.04000000 0.16500000 5.61529500
0.04000000 0.17000000 5.60535900
0.04000000 0.17500000 5.59581400
0.04000000 0.18000000 5.58669400
0.04000000 0.18500000 5.57803000
0.04000000 0.19000000 5.56985100
0.04000000 0.19500000 5.56218600
0.04000000 0.20000000 5.55506400
0.04000000 0.20500000 5.54850900
0.04000000 0.21000000 5.54254700
0.04000000 0.21500000 5.53719900
0.04000000 0.22000000 5.53248800
0.04000000 0.22500000 5.52843100
0.04000000 0.23000000 5.52504600
0.04000000 0.23500000 5.52234900
0.04000000 0.24000000 5.52035200
0.04000000 0.24500000 5.51906500
0.04000000 0.25000000 5.51849800
0.04000000 0.63500000 5.49699100
0.04000000 0.64000000 5.46443700
0.04000000 0.64500000 5.43107300
0.04000000 0.65000000 5.39695700
0.04000000 0.65500000 5.36215100
0.04000000 0.66000000 5.32671700
0.04000000 0.66500000 5.29072000
0.04000000 0.67000000 5.25423000
0.04000000 0.67500000 5.21731500
0.04000000 0.68000000 5.18004800
0.04000000 0.68500000 5.14250400
0.04000000 0.69000000 5.10475600
0.04000000 0.69500000 5.06688300
0.04000000 0.70000000 5.02896300
0.04000000 0.70500000 4.99107500
0.04000000 0.71000000 4.95330000
0.04000000 0.71500000 4.91571900
0.04000000 0.72000000 4.87841200
0.04000000 0.72500000 4.84146400
0.04000000 0.73000000 4.80495400
0.04000000 0.73500000 4.76896600
0.04000000 0.74000000 4.73358100
0.04000000 0.74500000 4.69888100
0.04000000 0.75000000 4.66494500
0.04000000 0.75500000 4.63185400
0.04000000 0.76000000 4.59968500
0.04000000 0.76500000 4.56851600
0.04000000 0.77000000 4.53842300
0.04000000 0.77500000 4.50947900
0.04000000 0.78000000 4.48175600
0.04000000 0.78500000 4.45532300
0.04000000 0.79000000 4.43024900
0.04000000 0.79500000 4.40659700
0.04000000 0.80000000 4.38443000
0.04000000 0.80500000 4.36380600
0.04000000 0.81000000 4.34478200
0.04000000 0.81500000 4.32741100
0.04000000 0.82000000 4.31174100
0.04000000 0.82500000 4.29781800
0.04000000 0.83000000 4.28568500
0.04000000 0.83500000 4.27537800
0.04000000 0.84000000 4.26693300
0.04000000 0.84500000 4.26037800
0.04000000 0.85000000 4.25574000
0.04000000 0.85500000 4.25304000
0.04000000 0.86000000 4.25229300
0.04500000 0.00000000 5.93648200
0.04500000 0.00500000 5.93124600
0.04500000 0.01000000 5.92554100
0.04500000 0.01500000 5.91936800
0.04500000 0.02000000 5.91273400
0.04500000 0.02500000 5.90564600
0.04500000 0.03000000 5.89811200
0.04500000 0.03500000 5.89014500
0.04500000 0.04000000 5.88175700
0.04500000 0.04500000 5.87296400
0.04500000 0.05000000 5.86378200
0.04500000 0.05500000 5.85423200
0.04500000 0.06000000 5.84433200
0.04500000 0.06500000 5.83410700
0.04500000 0.07000000 5.82357800
0.04500000 0.07500000 5.81277300
0.04500000 0.08000000 5.80171800
0.04500000 0.08500000 5.79044100
0.04500000 0.09000000 5.77897200
0.04500000 0.09500000 5.76734100
0.04500000 0.10000000 5.75558000
0.04500000 0.10500000 5.74372200
0.04500000 0.11000000 5.73180000
0.04500000 0.11500000 5.71984900
0.04500000 0.12000000 5.70790300
0.04500000 0.12500000 5.69599700
0.04500000 0.13000000 5.68416700
0.04500000 0.13500000 5.67245000
0.04500000 0.14000000 5.66088000
0.04500000 0.14500000 5.64949500
0.04500000 0.15000000 5.63832900
0.04500000 0.15500000 5.62741800
0.04500000 0.16000000 5.61679800
0.04500000 0.16500000 5.60650200
0.04500000 0.17000000 5.59656600
0.04500000 0.17500000 5.58702100
0.04500000 0.18000000 5.57790100
0.04500000 0.18500000 5.56923700
0.04500000 0.19000000 5.56105800
0.04500000 0.19500000 5.55339300
0.04500000 0.20000000 5.54627100
0.04500000 0.20500000 5.53971600
0.04500000 0.21000000 5.53375300
0.04500000 0.21500000 5.52840600
0.04500000 0.22000000 5.52369400
0.04500000 0.22500000 5.51963800
0.04500000 0.23000000 5.51625300
0.04500000 0.23500000 5.51355600
0.04500000 0.24000000 5.51155900
0.04500000 0.24500000 5.51027200
0.04500000 0.25000000 5.50970500
0.04500000 0.63500000 5.48819700
0.04500000 0.64000000 5.45564300
0.04500000 0.64500000 5.42228000
0.04500000 0.65000000 5.38816400
0.04500000 0.65500000 5.35335800
0.04500000 0.66000000 5.31792400
0.04500000 0.66500000 5.28192700
0.04500000 0.67000000 5.24543700
0.04500000 0.67500000 5.20852200
0.04500000 0.68000000 5.17125500
0.04500000 0.68500000 5.13371000
0.04500000 0.69000000 5.09596300
0.04500000 0.69500000 5.05809000
0.04500000 0.70000000 5.02017000
0.04500000 0.70500000 4.98228200
0.04500000 0.71000000 4.94450700
0.04500000 0.71500000 4.90692500
0.04500000 0.72000000 4.86961900
0.04500000 0.72500000 4.83267000
0.04500000 0.73000000 4.79616100
0.04500000 0.73500000 4.76017300
0.04500000 0.74000000 4.72478800
0.04500000 0.74500000 4.69008800
0.04500000 0.75000000 4.65615200
0.04500000 0.75500000 4.62306000
0.04500000 0.76000000 4.59089200
0.04500000 0.76500000 4.55972300
0.04500000 0.77000000 4.52963000
0.04500000 0.77500000 4.50068600
0.04500000 0.78000000 4.47296300
0.04500000 0.78500000 4.44653000
0.04500000 0.79000000 4.42145600
0.04500000 0.79500000 4.39780400
0.04500000 0.80000000 4.37563700
0.04500000 0.80500000 4.35501300
0.04500000 0.81000000 4.33598900
0.04500000 0.81500000 4.31861800
0.04500000 0.82000000 4.30294800
0.04500000 0.82500000 4.28902500
0.04500000 0.83000000 4.27689100
0.04500000 0.83500000 4.26658500
0.04500000 0.84000000 4.25813900
0.04500000 0.84500000 4.25158500
0.04500000 0.85000000 4.24694700
0.04500000 0.85500000 4.24424600
0.04500000 0.86000000 4.24350000
0.05000000 0.00000000 5.92730000
0.05000000 0.00500000 5.92206500
0.05000000 0.01000000 5.91635900
0.05000000 0.01500000 5.91018700
0.05000000 0.02000000 5.90355300
0.05000000 0.02500000 5.89646400
0.05000000 0.03000000 5.88893100
0.05000000 0.03500000 5.88096300
0.05000000 0.04000000 5.87257500
0.05000000 0.04500000 5.86378200
0.05000000 0.05000000 5.85460100
0.05000000 0.05500000 5.84505000
0.05000000 0.06000000 5.83515100
0.05000000 0.06500000 5.82492500
0.05000000 0.07000000 5.81439700
0.05000000 0.07500000 5.80359200
0.05000000 0.08000000 5.79253700
0.05000000 0.08500000 5.78126000
0.05000000 0.09000000 5.76979000
0.05000000 0.09500000 5.75816000
0.05000000 0.10000000 5.74639900
0.05000000 0.10500000 5.73454100
0.05000000 0.11000000 5.72261900
0.05000000 0.11500000 5.71066700
0.05000000 0.12000000 5.69872100
0.05000000 0.12500000 5.68681600
0.05000000 0.13000000 5.67498600
0.05000000 0.13500000 5.66326800
0.05000000 0.14000000 5.65169900
0.05000000 0.14500000 5.64031300
0.05000000 0.15000000 5.62914700
0.05000000 0.15500000 5.61823700
0.05000000 0.16000000 5.60761600
0.05000000 0.16500000 5.59732100
0.05000000 0.17000000 5.58738400
0.05000000 0.17500000 5.57784000
0.05000000 0.18000000 5.56872000
0.05000000 0.18500000 5.56005500
0.05000000 0.19000000 5.55187600
0.05000000 0.19500000 5.54421200
0.05000000 0.20000000 5.53708900
0.05000000 0.20500000 5.53053400
0.05000000 0.21000000 5.52457200
0.05000000 0.21500000 5.51922500
0.05000000 0.22000000 5.51451300
0.05000000 0.22500000 5.51045600
0.05000000 0.23000000 5.50707200
0.05000000 0.23500000 5.50437500
0.05000000 0.24000000 5.50237700
0.05000000 0.24500000 5.50109100
0.05000000 0.25000000 5.50052400
0.05000000 0.63500000 5.47901600
0.05000000 0.64000000 5.44646200
0.05000000 0.64500000 5.41309800
0.05000000 0.65000000 5.37898300
0.05000000 0.65500000 5.34417600
0.05000000 0.66000000 5.30874200
0.05000000 0.66500000 5.27274600
0.05000000 0.67000000 5.23625500
0.05000000 0.67500000 5.19934100
0.05000000 0.68000000 5.16207400
0.05000000 0.68500000 5.12452900
0.05000000 0.69000000 5.08678200
0.05000000 0.69500000 5.04890900
0.05000000 0.70000000 5.01098900
0.05000000 0.70500000 4.97310100
0.05000000 0.71000000 4.93532500
0.05000000 0.71500000 4.89774400
0.05000000 0.72000000 4.86043800
0.05000000 0.72500000 4.82348900
0.05000000 0.73000000 4.78698000
0.05000000 0.73500000 4.75099200
0.05000000 0.74000000 4.71560700
0.05000000 0.74500000 4.68090600
0.05000000 0.75000000 4.64697000
0.05000000 0.75500000 4.61387900
0.05000000 0.76000000 4.58171000
0.05000000 0.76500000 4.55054200
0.05000000 0.77000000 4.52044800
0.05000000 0.77500000 4.49150400
0.05000000 0.78000000 4.46378100
0.05000000 0.78500000 4.43734900
0.05000000 0.79000000 4.41227400
0.05000000 0.79500000 4.38862200
0.05000000 0.80000000 4.36645500
0.05000000 0.80500000 4.34583200
0.05000000 0.81000000 4.32680800
0.05000000 0.81500000 4.30943600
0.05000000 0.82000000 4.29376600
0.05000000 0.82500000 4.27984400
0.05000000 0.83000000 4.26771000
0.05000000 0.83500000 4.25740300
0.05000000 0.84000000 4.24895800
0.05000000 0.84500000 4.24240300
0.05000000 0.85000000 4.23776500
0.05000000 0.85500000 4.23506500
0.05000000 0.86000000 4.23431900
0.05500000 0.00000000 5.91775000
0.05500000 0.00500000 5.91251400
0.05500000 0.01000000 5.90680900
0.05500000 0.01500000 5.90063600
0.05500000 0.02000000 5.89400200
0.05500000 0.02500000 5.88691400
0.05500000 0.03000000 5.87938000
0.05500000 0.03500000 5.87141300
0.05500000 0.04000000 5.86302500
0.05500000 0.04500000 5.85423200
0.05500000 0.05000000 5.84505000
0.05500000 0.05500000 5.83550000
0.05500000 0.06000000 5.82560000
0.05500000 0.06500000 5.81537400
0.05500000 0.07000000 5.80484600
0.05500000 0.07500000 5.79404100
0.05500000 0.08000000 5.78298600
0.05500000 0.08500000 5.77170900
0.05500000 0.09000000 5.76024000
0.05500000 0.09500000 5.74860900
0.05500000 0.10000000 5.73684800
0.05500000 0.10500000 5.72499000
0.05500000 0.11000000 5.71306800
0.05500000 0.11500000 5.70111700
0.05500000 0.12000000 5.68917100
0.05500000 0.12500000 5.67726500
0.05500000 0.13000000 5.66543500
0.05500000 0.13500000 5.65371800
0.05500000 0.14000000 5.64214800
0.05500000 0.14500000 5.63076200
0.05500000 0.15000000 5.61959700
0.05500000 0.15500000 5.60868600
0.05500000 0.16000000 5.59806500
0.05500000 0.16500000 5.58777000
0.05500000 0.17000000 5.57783400
0.05500000 0.17500000 5.56828900
0.05500000 0.18000000 5.55916900
0.05500000 0.18500000 5.55050500
0.05500000 0.19000000 5.54232600
0.05500000 0.19500000 5.53466100
0.05500000 0.20000000 5.52753800
0.05500000 0.20500000 5.52098400
0.05500000 0.21000000 5.51502100
0.05500000 0.21500000 5.50967400
0.05500000 0.22000000 5.50496200
0.05500000 0.22500000 5.50090600
0.05500000 0.23000000 5.49752100
0.05500000 0.23500000 5.49482400
0.05500000 0.24000000 5.49282700
0.05500000 0.24500000 5.49154000
0.05500000 0.25000000 5.49097300
0.05500000 0.63500000 5.46946500
0.05500000 0.64000000 5.43691100
0.05500000 0.64500000 5.40354800
0.05500000 0.65000000 5.36943200
0.05500000 0.65500000 5.33462600
0.05500000 0.66000000 5.29919200
0.05500000 0.66500000 5.26319500
0.05500000 0.67000000 5.22670500
0.05500000 0.67500000 5.18979000
0.05500000 0.68000000 5.15252300
0.05500000 0.68500000 5.11497800
0.05500000 0.69000000 5.07723100
0.05500000 0.69500000 5.03935800
0.05500000 0.70000000 5.00143800
0.05500000 0.70500000 4.96355000
0.05500000 0.71000000 4.92577500
0.05500000 0.71500000 4.88819300
0.05500000 0.72000000 4.85088700
0.05500000 0.72500000 4.81393800
0.05500000 0.73000000 4.77742900
0.05500000 0.73500000 4.74144100
0.05500000 0.74000000 4.70605600
0.05500000 0.74500000 4.67135500
0.05500000 0.75000000 4.63742000
0.05500000 0.75500000 4.60432800
0.05500000 0.76000000 4.57216000
0.05500000 0.76500000 4.54099100
0.05500000 0.77000000 4.51089800
0.05500000 0.77500000 4.48195400
0.05500000 0.78000000 4.45423100
0.05500000 0.78500000 4.42779800
0.05500000 0.79000000 4.40272400
0.05500000 0.79500000 4.37907200
0.05500000 0.80000000 4.35690500
0.05500000 0.80500000 4.33628100
0.05500000 0.81000000 4.31725700
0.05500000 0.81500000 4.29988600
0.05500000 0.82000000 4.28421600
0.05500000 0.82500000 4.27029300
0.05500000 0.83000000 4.25815900
0.05500000 0.83500000 4.24785300
0.05500000 0.84000000 4.23940700
0.05500000 0.84500000 4.23285300
0.05500000 0.85000000 4.22821500
0.05500000 0.85500000 4.22551400
0.05500000 0.86000000 4.22476800
0.06000000 0.00000000 5.90785000
0.06000000 0.00500000 5.90261500
0.06000000 0.01000000 5.89690900
0.06000000 0.01500000 5.89073700
0.06000000 0.02000000 5.88410300
0.06000000 0.02500000 5.87701400
0.06000000 0.03000000 5.86948100
0.06000000 0.03500000 5.86151300
0.06000000 0.04000000 5.85312500
0.06000000 0.04500000 5.84433200
0.06000000 0.05000000 5.83515100
0.06000000 0.05500000 5.82560000
0.06000000 0.06000000 5.81570100
0.06000000 0.06500000 5.80547500
0.06000000 0.07000000 5.79494700
0.06000000 0.07500000 5.78414200
0.06000000 0.08000000 5.77308700
0.06000000 0.08500000 5.76181000
0.06000000 0.09000000 5.75034000
0.06000000 0.09500000 5.73871000
0.06000000 0.10000000 5.72694900
0.06000000 0.10500000 5.71509100
0.06000000 0.11000000 5.70316900
0.06000000 0.11500000 5.69121700
0.06000000 0.12000000 5.67927100
0.06000000 0.12500000 5.66736500
0.06000000 0.13000000 5.65553600
0.06000000 0.13500000 5.64381800
0.06000000 0.14000000 5.63224900
0.06000000 0.14500000 5.62086300
0.06000000 0.15000000 5.60969700
0.06000000 0.15500000 5.59878600
0.06000000 0.16000000 5.58816600
0.06000000 0.16500000 5.57787100
0.06000000 0.17000000 5.56793400
0.06000000 0.17500000 5.55839000
0.06000000 0.18000000 5.54927000
0.06000000 0.18500000 5.54060500
0.06000000 0.19000000 5.53242600
0.06000000 0.19500000 5.52476200
0.06000000 0.20000000 5.51763900
0.06000000 0.20500000 5.51108400
0.06000000 0.21000000 5.50512200
0.06000000 0.21500000 5.49977400
0.06000000 0.22000000 5.49506300
0.06000000 0.22500000 5.49100600
0.06000000 0.23000000 5.48762200
0.06000000 0.23500000 5.48492400
0.06000000 0.24000000 5.48292700
0.06000000 0.24500000 5.48164100
0.06000000 0.25000000 5.48107400
0.06000000 0.63500000 5.45956600
0.06000000 0.64000000 5.42701200
0.06000000 0.64500000 5.39364800
0.06000000 0.65000000 5.35953300
0.06000000 0.65500000 5.32472600
0.06000000 0.66000000 5.28929200
0.06000000 0.66500000 5.25329600
0.06000000 0.67000000 5.21680500
0.06000000 0.67500000 5.17989100
0.06000000 0.68000000 5.14262400
0.06000000 0.68500000 5.10507900
0.06000000 0.69000000 5.06733200
0.06000000 0.69500000 5.02945900
0.06000000 0.70000000 4.99153800
0.06000000 0.70500000 4.95365100
0.06000000 0.71000000 4.91587500
0.06000000 0.71500000 4.87829400
0.06000000 0.72000000 4.84098800
0.06000000 0.72500000 4.80403900
0.06000000 0.73000000 4.76753000
0.06000000 0.73500000 4.73154200
0.06000000 0.74000000 4.69615700
0.06000000 0.74500000 4.66145600
0.06000000 0.75000000 4.62752000
0.06000000 0.75500000 4.59442900
0.06000000 0.76000000 4.56226000
0.06000000 0.76500000 4.53109200
0.06000000 0.77000000 4.50099800
0.06000000 0.77500000 4.47205400
0.06000000 0.78000000 4.44433100
0.06000000 0.78500000 4.41789900
0.06000000 0.79000000 4.39282400
0.06000000 0.79500000 4.36917200
0.06000000 0.80000000 4.34700500
0.06000000 0.80500000 4.32638200
0.06000000 0.81000000 4.30735800
0.06000000 0.81500000 4.28998600
0.06000000 0.82000000 4.27431600
0.06000000 0.82500000 4.26039400
0.06000000 0.83000000 4.24826000
0.06000000 0.83500000 4.23795300
0.06000000 0.84000000 4.22950800
0.06000000 0.84500000 4.22295300
0.06000000 0.85000000 4.21831500
0.06000000 0.85500000 4.21561500
0.06000000 0.86000000 4.21486900
0.06500000 0.00000000 5.89762500
0.06500000 0.00500000 5.89238900
0.06500000 0.01000000 5.88668400
0.06500000 0.01500000 5.88051100
0.06500000 0.02000000 5.87387700
0.06500000 0.02500000 5.86678900
0.06500000 0.03000000 5.85925500
0.06500000 0.03500000 5.85128800
0.06500000 0.04000000 5.84290000
0.06500000 0.04500000 5.83410700
0.06500000 0.05000000 5.82492500
0.06500000 0.05500000 5.81537400
0.06500000 0.06000000 5.80547500
0.06500000 0.06500000 5.79524900
0.06500000 0.07000000 5.78472100
0.06500000 0.07500000 5.77391600
0.06500000 0.08000000 5.76286100
0.06500000 0.08500000 5.75158400
0.06500000 0.09000000 5.74011500
0.06500000 0.09500000 5.72848400
0.06500000 0.10000000 5.71672300
0.06500000 0.10500000 5.70486500
0.06500000 0.11000000 5.69294300
0.06500000 0.11500000 5.68099200
0.06500000 0.12000000 5.66904500
0.06500000 0.12500000 5.65714000
0.06500000 0.13000000 5.64531000
0.06500000 0.13500000 5.63359300
0.06500000 0.14000000 5.62202300
0.06500000 0.14500000 5.61063700
0.06500000 0.15000000 5.59947100
0.06500000 0.15500000 5.58856100
0.06500000 0.16000000 5.57794000
0.06500000 0.16500000 5.56764500
0.06500000 0.17000000 5.55770900
0.06500000 0.17500000 5.54816400
0.06500000 0.18000000 5.53904400
0.06500000 0.18500000 5.53037900
0.06500000 0.19000000 5.52220000
0.06500000 0.19500000 5.51453600
0.06500000 0.20000000 5.50741300
0.06500000 0.20500000 5.50085900
0.06500000 0.21000000 5.49489600
0.06500000 0.21500000 5.48954900
0.06500000 0.22000000 5.48483700
0.06500000 0.22500000 5.48078100
0.06500000 0.23000000 5.47739600
0.06500000 0.23500000 5.47469900
0.06500000 0.24000000 5.47270100
0.06500000 0.24500000 5.47141500
0.06500000 0.25000000 5.47084800
0.06500000 0.63500000 5.44934000
0.06500000 0.64000000 5.41678600
0.06500000 0.64500000 5.38342200
0.06500000 0.65000000 5.34930700
0.06500000 0.65500000 5.31450100
0.06500000 0.66000000 5.27906600
0.06500000 0.66500000 5.24307000
0.06500000 0.67000000 5.20657900
0.06500000 0.67500000 5.16966500
0.06500000 0.68000000 5.13239800
0.06500000 0.68500000 5.09485300
0.06500000 0.69000000 5.05710600
0.06500000 0.69500000 5.01923300
0.06500000 0.70000000 4.98131300
0.06500000 0.70500000 4.94342500
0.06500000 0.71000000 4.90565000
0.06500000 0.71500000 4.86806800
0.06500000 0.72000000 4.83076200
0.06500000 0.72500000 4.79381300
0.06500000 0.73000000 4.75730400
0.06500000 0.73500000 4.72131600
0.06500000 0.74000000 4.68593100
0.06500000 0.74500000 4.65123000
0.06500000 0.75000000 4.61729500
0.06500000 0.75500000 4.58420300
0.06500000 0.76000000 4.55203500
0.06500000 0.76500000 4.52086600
0.06500000 0.77000000 4.49077300
0.06500000 0.77500000 4.46182900
0.06500000 0.78000000 4.43410500
0.06500000 0.78500000 4.40767300
0.06500000 0.79000000 4.38259900
0.06500000 0.79500000 4.35894700
0.06500000 0.80000000 4.33677900
0.06500000 0.80500000 4.31615600
0.06500000 0.81000000 4.29713200
0.06500000 0.81500000 4.27976100
0.06500000 0.82000000 4.26409100
0.06500000 0.82500000 4.25016800
0.06500000 0.83000000 4.23803400
0.06500000 0.83500000 4.22772800
0.06500000 0.84000000 4.21928200
0.06500000 0.84500000 4.21272800
0.06500000 0.85000000 4.20809000
0.06500000 0.85500000 4.20538900
0.06500000 0.86000000 4.20464300
0.07000000 0.00000000 5.88709700
0.07000000 0.00500000 5.88186100
0.07000000 0.01000000 5.87615500
0.07000000 0.01500000 5.86998300
0.07000000 0.02000000 5.86334900
0.07000000 0.02500000 5.85626000
0.07000000 0.03000000 5.84872700
0.07000000 0.03500000 5.84075900
0.07000000 0.04000000 5.83237200
0.07000000 0.04500000 5.82357800
0.07000000 0.05000000 5.81439700
0.07000000 0.05500000 5.80484600
0.07000000 0.06000000 5.79494700
0.07000000 0.06500000 5.78472100
0.07000000 0.07000000 5.77419300
0.07000000 0.07500000 5.76338800
0.07000000 0.08000000 5.75233300
0.07000000 0.08500000 5.74105600
0.07000000 0.09000000 5.72958700
0.07000000 0.09500000 5.71795600
0.07000000 0.10000000 5.70619500
0.07000000 0.10500000 5.69433700
0.07000000 0.11000000 5.68241500
0.07000000 0.11500000 5.67046300
0.07000000 0.12000000 5.65851700
0.07000000 0.12500000 5.64661200
0.07000000 0.13000000 5.63478200
0.07000000 0.13500000 5.62306400
0.07000000 0.14000000 5.61149500
0.07000000 0.14500000 5.60010900
0.07000000 0.15000000 5.58894300
0.07000000 0.15500000 5.57803300
0.07000000 0.16000000 5.56741200
0.07000000 0.16500000 5.55711700
0.07000000 0.17000000 5.54718000
0.07000000 0.17500000 5.53763600
0.07000000 0.18000000 5.52851600
0.07000000 0.18500000 5.51985100
0.07000000 0.19000000 5.51167200
0.07000000 0.19500000 5.50400800
0.07000000 0.20000000 5.49688500
0.07000000 0.20500000 5.49033000
0.07000000 0.21000000 5.48436800
0.07000000 0.21500000 5.47902100
0.07000000 0.22000000 5.47430900
0.07000000 0.22500000 5.47025200
0.07000000 0.23000000 5.46686800
0.07000000 0.23500000 5.46417100
0.07000000 0.24000000 5.46217300
0.07000000 0.24500000 5.46088700
0.07000000 0.25000000 5.46032000
0.07000000 0.63500000 5.43881200
0.07000000 0.64000000 5.40625800
0.07000000 0.64500000 5.37289400
0.07000000 0.65000000 5.33877900
0.07000000 0.65500000 5.30397200
0.07000000 0.66000000 5.26853800
0.07000000 0.66500000 5.23254200
0.07000000 0.67000000 5.19605100
0.07000000 0.67500000 5.15913700
0.07000000 0.68000000 5.12187000
0.07000000 0.68500000 5.08432500
0.07000000 0.69000000 5.04657800
0.07000000 0.69500000 5.00870500
0.07000000 0.70000000 4.97078500
0.07000000 0.70500000 4.93289700
0.07000000 0.71000000 4.89512200
0.07000000 0.71500000 4.85754000
0.07000000 0.72000000 4.82023400
0.07000000 0.72500000 4.78328500
0.07000000 0.73000000 4.74677600
0.07000000 0.73500000 4.71078800
0.07000000 0.74000000 4.67540300
0.07000000 0.74500000 4.64070200
0.07000000 0.75000000 4.60676600
0.07000000 0.75500000 4.57367500
0.07000000 0.76000000 4.54150600
0.07000000 0.76500000 4.51033800
0.07000000 0.77000000 4.48024400
0.07000000 0.77500000 4.45130000
0.07000000 0.78000000 4.42357700
0.07000000 0.78500000 4.39714500
0.07000000 0.79000000 4.37207000
0.07000000 0.79500000 4.34841900
0.07000000 0.80000000 4.32625100
0.07000000 0.80500000 4.30562800
0.07000000 0.81000000 4.28660400
0.07000000 0.81500000 4.26923200
0.07000000 0.82000000 4.25356200
0.07000000 0.82500000 4.23964000
0.07000000 0.83000000 4.22750600
0.07000000 0.83500000 4.21720000
0.07000000 0.84000000 4.20875400
0.07000000 0.84500000 4.20219900
0.07000000 0.85000000 4.19756100
0.07000000 0.85500000 4.19486100
0.07000000 0.86000000 4.19411500
0.07500000 0.00000000 5.87629100
0.07500000 0.00500000 5.87105600
0.07500000 0.01000000 5.86535000
0.07500000 0.01500000 5.85917800
0.07500000 0.02000000 5.85254400
0.07500000 0.02500000 5.84545500
0.07500000 0.03000000 5.83792200
0.07500000 0.03500000 5.82995400
0.07500000 0.04000000 5.82156600
0.07500000 0.04500000 5.81277300
0.07500000 0.05000000 5.80359200
0.07500000 0.05500000 5.79404100
0.07500000 0.06000000 5.78414200
0.07500000 0.06500000 5.77391600
0.07500000 0.07000000 5.76338800
0.07500000 0.07500000 5.75258300
0.07500000 0.08000000 5.74152800
0.07500000 0.08500000 5.73025100
0.07500000 0.09000000 5.71878100
0.07500000 0.09500000 5.70715100
0.07500000 0.10000000 5.69539000
0.07500000 0.10500000 5.68353200
0.07500000 0.11000000 5.67161000
0.07500000 0.11500000 5.65965800
0.07500000 0.12000000 5.64771200
0.07500000 0.12500000 5.63580600
0.07500000 0.13000000 5.62397700
0.07500000 0.13500000 5.61225900
0.07500000 0.14000000 5.60069000
0.07500000 0.14500000 5.58930400
0.07500000 0.15000000 5.57813800
0.07500000 0.15500000 5.56722700
0.07500000 0.16000000 5.55660700
0.07500000 0.16500000 5.54631200
0.07500000 0.17000000 5.53637500
0.07500000 0.17500000 5.52683100
0.07500000 0.18000000 5.51771100
0.07500000 0.18500000 5.50904600
0.07500000 0.19000000 5.50086700
0.07500000 0.19500000 5.49320300
0.07500000 0.20000000 5.48608000
0.07500000 0.20500000 5.47952500
0.07500000 0.21000000 5.47356300
0.07500000 0.21500000 5.46821500
0.07500000 0.22000000 5.46350400
0.07500000 0.22500000 5.45944700
0.07500000 0.23000000 5.45606300
0.07500000 0.23500000 5.45336600
0.07500000 0.24000000 5.45136800
0.07500000 0.24500000 5.45008200
0.07500000 0.25000000 5.44951500
0.07500000 0.63500000 5.42800700
0.07500000 0.64000000 5.39545300
0.07500000 0.64500000 5.36208900
0.07500000 0.65000000 5.32797400
0.07500000 0.65500000 5.29316700
0.07500000 0.66000000 5.25773300
0.07500000 0.66500000 5.22173700
0.07500000 0.67000000 5.18524600
0.07500000 0.67500000 5.14833200
0.07500000 0.68000000 5.11106500
0.07500000 0.68500000 5.07352000
0.07500000 0.69000000 5.03577300
0.07500000 0.69500000 4.99790000
0.07500000 0.70000000 4.95998000
0.07500000 0.70500000 4.92209200
0.07500000 0.71000000 4.88431600
0.07500000 0.71500000 4.84673500
0.07500000 0.72000000 4.80942900
0.07500000 0.72500000 4.77248000
0.07500000 0.73000000 4.73597100
0.07500000 0.73500000 4.69998300
0.07500000 0.74000000 4.66459800
0.07500000 0.74500000 4.62989700
0.07500000 0.75000000 4.59596100
0.07500000 0.75500000 4.56287000
0.07500000 0.76000000 4.53070100
0.07500000 0.76500000 4.49953300
0.07500000 0.77000000 4.46943900
0.07500000 0.77500000 4.44049500
0.07500000 0.78000000 4.41277200
0.07500000 0.78500000 4.38634000
0.07500000 0.79000000 4.36126500
0.07500000 0.79500000 4.33761300
0.07500000 0.80000000 4.31544600
0.07500000 0.80500000 4.29482300
0.07500000 0.81000000 4.27579900
0.07500000 0.81500000 4.25842700
0.07500000 0.82000000 4.24275700
0.07500000 0.82500000 4.22883500
0.07500000 0.83000000 4.21670100
0.07500000 0.83500000 4.20639400
0.07500000 0.84000000 4.19794900
0.07500000 0.84500000 4.19139400
0.07500000 0.85000000 4.18675600
0.07500000 0.85500000 4.18405600
0.07500000 0.86000000 4.18331000
0.08000000 0.00000000 5.86523600
0.08000000 0.00500000 5.86000100
0.08000000 0.01000000 5.85429500
0.08000000 0.01500000 5.84812300
0.08000000 0.02000000 5.84148900
0.08000000 0.02500000 5.83440000
0.08000000 0.03000000 5.82686600
0.08000000 0.03500000 5.81889900
0.08000000 0.04000000 5.81051100
0.08000000 0.04500000 5.80171800
0.08000000 0.05000000 5.79253700
0.08000000 0.05500000 5.78298600
0.08000000 0.06000000 5.77308700
0.08000000 0.06500000 5.76286100
0.08000000 0.07000000 5.75233300
0.08000000 0.07500000 5.74152800
0.08000000 0.08000000 5.73047200
0.08000000 0.08500000 5.71919500
0.08000000 0.09000000 5.70772600
0.08000000 0.09500000 5.69609500
0.08000000 0.10000000 5.68433500
0.08000000 0.10500000 5.67247600
0.08000000 0.11000000 5.66055500
0.08000000 0.11500000 5.64860300
0.08000000 0.12000000 5.63665700
0.08000000 0.12500000 5.62475100
0.08000000 0.13000000 5.61292200
0.08000000 0.13500000 5.60120400
0.08000000 0.14000000 5.58963500
0.08000000 0.14500000 5.57824900
0.08000000 0.15000000 5.56708300
0.08000000 0.15500000 5.55617200
0.08000000 0.16000000 5.54555200
0.08000000 0.16500000 5.53525700
0.08000000 0.17000000 5.52532000
0.08000000 0.17500000 5.51577600
0.08000000 0.18000000 5.50665600
0.08000000 0.18500000 5.49799100
0.08000000 0.19000000 5.48981200
0.08000000 0.19500000 5.48214800
0.08000000 0.20000000 5.47502500
0.08000000 0.20500000 5.46847000
0.08000000 0.21000000 5.46250800
0.08000000 0.21500000 5.45716000
0.08000000 0.22000000 5.45244900
0.08000000 0.22500000 5.44839200
0.08000000 0.23000000 5.44500800
0.08000000 0.23500000 5.44231000
0.08000000 0.24000000 5.44031300
0.08000000 0.24500000 5.43902700
0.08000000 0.25000000 5.43846000
0.08000000 0.63500000 5.41695200
0.08000000 0.64000000 5.38439800
0.08000000 0.64500000 5.35103400
0.08000000 0.65000000 5.31691900
0.08000000 0.65500000 5.28211200
0.08000000 0.66000000 5.24667800
0.08000000 0.66500000 5.21068200
0.08000000 0.67000000 5.17419100
0.08000000 0.67500000 5.13727600
0.08000000 0.68000000 5.10001000
0.08000000 0.68500000 5.06246500
0.08000000 0.69000000 5.02471700
0.08000000 0.69500000 4.98684400
0.08000000 0.70000000 4.94892400
0.08000000 0.70500000 4.91103600
0.08000000 0.71000000 4.87326100
0.08000000 0.71500000 4.83568000
0.08000000 0.72000000 4.79837400
0.08000000 0.72500000 4.76142500
0.08000000 0.73000000 4.72491500
0.08000000 0.73500000 4.68892700
0.08000000 0.74000000 4.65354200
0.08000000 0.74500000 4.61884200
0.08000000 0.75000000 4.58490600
0.08000000 0.75500000 4.55181500
0.08000000 0.76000000 4.51964600
0.08000000 0.76500000 4.48847700
0.08000000 0.77000000 4.45838400
0.08000000 0.77500000 4.42944000
0.08000000 0.78000000 4.40171700
0.08000000 0.78500000 4.37528500
0.08000000 0.79000000 4.35021000
0.08000000 0.79500000 4.32655800
0.08000000 0.80000000 4.30439100
0.08000000 0.80500000 4.28376800
0.08000000 0.81000000 4.26474400
0.08000000 0.81500000 4.24737200
0.08000000 0.82000000 4.23170200
0.08000000 0.82500000 4.21777900
0.08000000 0.83000000 4.20564600
0.08000000 0.83500000 4.19533900
0.08000000 0.84000000 4.18689400
0.08000000 0.84500000 4.18033900
0.08000000 0.85000000 4.17570100
0.08000000 0.85500000 4.17300100
0.08000000 0.86000000 4.17225500
0.08500000 0.00000000 5.85395900
0.08500000 0.00500000 5.84872400
0.08500000 0.01000000 5.84301800
0.08500000 0.01500000 5.83684600
0.08500000 0.02000000 5.83021200
0.08500000 0.02500000 5.82312300
0.08500000 0.03000000 5.81559000
0.08500000 0.03500000 5.80762200
0.08500000 0.04000000 5.79923400
0.08500000 0.04500000 5.79044100
0.08500000 0.05000000 5.78126000
0.08500000 0.05500000 5.77170900
0.08500000 0.06000000 5.76181000
0.08500000 0.06500000 5.75158400
0.08500000 0.07000000 5.74105600
0.08500000 0.07500000 5.73025100
0.08500000 0.08000000 5.71919500
0.08500000 0.08500000 5.70791900
0.08500000 0.09000000 5.69644900
0.08500000 0.09500000 5.68481800
0.08500000 0.10000000 5.67305800
0.08500000 0.10500000 5.66119900
0.08500000 0.11000000 5.64927800
0.08500000 0.11500000 5.63732600
0.08500000 0.12000000 5.62538000
0.08500000 0.12500000 5.61347400
0.08500000 0.13000000 5.60164500
0.08500000 0.13500000 5.58992700
0.08500000 0.14000000 5.57835800
0.08500000 0.14500000 5.56697200
0.08500000 0.15000000 5.55580600
0.08500000 0.15500000 5.54489500
0.08500000 0.16000000 5.53427500
0.08500000 0.16500000 5.52398000
0.08500000 0.17000000 5.51404300
0.08500000 0.17500000 5.50449900
0.08500000 0.18000000 5.49537900
0.08500000 0.18500000 5.48671400
0.08500000 0.19000000 5.47853500
0.08500000 0.19500000 5.47087100
0.08500000 0.20000000 5.46374800
0.08500000 0.20500000 5.45719300
0.08500000 0.21000000 5.45123100
0.08500000 0.21500000 5.44588300
0.08500000 0.22000000 5.44117200
0.08500000 0.22500000 5.43711500
0.08500000 0.23000000 5.43373100
0.08500000 0.23500000 5.43103300
0.08500000 0.24000000 5.42903600
0.08500000 0.24500000 5.42775000
0.08500000 0.25000000 5.42718300
0.08500000 0.63500000 5.40567500
0.08500000 0.64000000 5.37312100
0.08500000 0.64500000 5.33975700
0.08500000 0.65000000 5.30564200
0.08500000 0.65500000 5.27083500
0.08500000 0.66000000 5.23540100
0.08500000 0.66500000 5.19940500
0.08500000 0.67000000 5.16291400
0.08500000 0.67500000 5.12599900
0.08500000 0.68000000 5.08873300
0.08500000 0.68500000 5.05118800
0.08500000 0.69000000 5.01344000
0.08500000 0.69500000 4.97556700
0.08500000 0.70000000 4.93764700
0.08500000 0.70500000 4.89975900
0.08500000 0.71000000 4.86198400
0.08500000 0.71500000 4.82440300
0.08500000 0.72000000 4.78709700
0.08500000 0.72500000 4.75014800
0.08500000 0.73000000 4.71363800
0.08500000 0.73500000 4.67765000
0.08500000 0.74000000 4.64226600
0.08500000 0.74500000 4.60756500
0.08500000 0.75000000 4.57362900
0.08500000 0.75500000 4.54053800
0.08500000 0.76000000 4.50836900
0.08500000 0.76500000 4.47720100
0.08500000 0.77000000 4.44710700
0.08500000 0.77500000 4.41816300
0.08500000 0.78000000 4.39044000
0.08500000 0.78500000 4.36400800
0.08500000 0.79000000 4.33893300
0.08500000 0.79500000 4.31528100
0.08500000 0.80000000 4.29311400
0.08500000 0.80500000 4.27249100
0.08500000 0.81000000 4.25346700
0.08500000 0.81500000 4.23609500
0.08500000 0.82000000 4.22042500
0.08500000 0.82500000 4.20650200
0.08500000 0.83000000 4.19436900
0.08500000 0.83500000 4.18406200
0.08500000 0.84000000 4.17561700
0.08500000 0.84500000 4.16906200
0.08500000 0.85000000 4.16442400
0.08500000 0.85500000 4.16172400
0.08500000 0.86000000 4.16097800
0.09000000 0.00000000 5.84249000
0.09000000 0.00500000 5.83725400
0.09000000 0.01000000 5.83154900
0.09000000 0.01500000 5.82537600
0.09000000 0.02000000 5.81874200
0.09000000 0.02500000 5.81165400
0.09000000 0.03000000 5.80412000
0.09000000 0.03500000 5.79615300
0.09000000 0.04000000 5.78776500
0.09000000 0.04500000 5.77897200
0.09000000 0.05000000 5.76979000
0.09000000 0.05500000 5.76024000
0.09000000 0.06000000 5.75034000
0.09000000 0.06500000 5.74011500
0.09000000 0.07000000 5.72958700
0.09000000 0.07500000 5.71878100
0.09000000 0.08000000 5.70772600
0.09000000 0.08500000 5.69644900
0.09000000 0.09000000 5.68498000
0.09000000 0.09500000 5.67334900
0.09000000 0.10000000 5.66158800
0.09000000 0.10500000 5.64973000
0.09000000 0.11000000 5.63780800
0.09000000 0.11500000 5.62585700
0.09000000 0.12000000 5.61391100
0.09000000 0.12500000 5.60200500
0.09000000 0.13000000 5.59017600
0.09000000 0.13500000 5.57845800
0.09000000 0.14000000 5.56688800
0.09000000 0.14500000 5.55550300
0.09000000 0.15000000 5.54433700
0.09000000 0.15500000 5.53342600
0.09000000 0.16000000 5.52280600
0.09000000 0.16500000 5.51251000
0.09000000 0.17000000 5.50257400
0.09000000 0.17500000 5.49302900
0.09000000 0.18000000 5.48390900
0.09000000 0.18500000 5.47524500
0.09000000 0.19000000 5.46706600
0.09000000 0.19500000 5.45940100
0.09000000 0.20000000 5.45227900
0.09000000 0.20500000 5.44572400
0.09000000 0.21000000 5.43976200
0.09000000 0.21500000 5.43441400
0.09000000 0.22000000 5.42970300
0.09000000 0.22500000 5.42564600
0.09000000 0.23000000 5.42226100
0.09000000 0.23500000 5.41956400
0.09000000 0.24000000 5.41756700
0.09000000 0.24500000 5.41628000
0.09000000 0.25000000 5.41571300
0.09000000 0.63500000 5.39420600
0.09000000 0.64000000 5.36165200
0.09000000 0.64500000 5.32828800
0.09000000 0.65000000 5.29417200
0.09000000 0.65500000 5.25936600
0.09000000 0.66000000 5.22393200
0.09000000 0.66500000 5.18793500
0.09000000 0.67000000 5.15144500
0.09000000 0.67500000 5.11453000
0.09000000 0.68000000 5.07726300
0.09000000 0.68500000 5.03971900
0.09000000 0.69000000 5.00197100
0.09000000 0.69500000 4.96409800
0.09000000 0.70000000 4.92617800
0.09000000 0.70500000 4.88829000
0.09000000 0.71000000 4.85051500
0.09000000 0.71500000 4.81293300
0.09000000 0.72000000 4.77562700
0.09000000 0.72500000 4.73867900
0.09000000 0.73000000 4.70216900
0.09000000 0.73500000 4.66618100
0.09000000 0.74000000 4.63079600
0.09000000 0.74500000 4.59609600
0.09000000 0.75000000 4.56216000
0.09000000 0.75500000 4.52906900
0.09000000 0.76000000 4.49690000
0.09000000 0.76500000 4.46573100
0.09000000 0.77000000 4.43563800
0.09000000 0.77500000 4.40669400
0.09000000 0.78000000 4.37897100
0.09000000 0.78500000 4.35253800
0.09000000 0.79000000 4.32746400
0.09000000 0.79500000 4.30381200
0.09000000 0.80000000 4.28164500
0.09000000 0.80500000 4.26102100
0.09000000 0.81000000 4.24199700
0.09000000 0.81500000 4.22462600
0.09000000 0.82000000 4.20895600
0.09000000 0.82500000 4.19503300
0.09000000 0.83000000 4.18290000
0.09000000 0.83500000 4.17259300
0.09000000 0.84000000 4.16414800
0.09000000 0.84500000 4.15759300
0.09000000 0.85000000 4.15295500
0.09000000 0.85500000 4.15025500
0.09000000 0.86000000 4.14950800
0.09500000 0.00000000 5.83085900
0.09500000 0.00500000 5.82562400
0.09500000 0.01000000 5.81991800
0.09500000 0.01500000 5.81374600
0.09500000 0.02000000 5.80711100
0.09500000 0.02500000 5.80002300
0.09500000 0.03000000 5.79248900
0.09500000 0.03500000 5.78452200
0.09500000 0.04000000 5.77613400
0.09500000 0.04500000 5.76734100
0.09500000 0.05000000 5.75816000
0.09500000 0.05500000 5.74860900
0.09500000 0.06000000 5.73871000
0.09500000 0.06500000 5.72848400
0.09500000 0.07000000 5.71795600
0.09500000 0.07500000 5.70715100
0.09500000 0.08000000 5.69609500
0.09500000 0.08500000 5.68481800
0.09500000 0.09000000 5.67334900
0.09500000 0.09500000 5.66171800
0.09500000 0.10000000 5.64995700
0.09500000 0.10500000 5.63809900
0.09500000 0.11000000 5.62617700
0.09500000 0.11500000 5.61422600
0.09500000 0.12000000 5.60228000
0.09500000 0.12500000 5.59037400
0.09500000 0.13000000 5.57854500
0.09500000 0.13500000 5.56682700
0.09500000 0.14000000 5.55525700
0.09500000 0.14500000 5.54387200
0.09500000 0.15000000 5.53270600
0.09500000 0.15500000 5.52179500
0.09500000 0.16000000 5.51117500
0.09500000 0.16500000 5.50087900
0.09500000 0.17000000 5.49094300
0.09500000 0.17500000 5.48139900
0.09500000 0.18000000 5.47227800
0.09500000 0.18500000 5.46361400
0.09500000 0.19000000 5.45543500
0.09500000 0.19500000 5.44777000
0.09500000 0.20000000 5.44064800
0.09500000 0.20500000 5.43409300
0.09500000 0.21000000 5.42813100
0.09500000 0.21500000 5.42278300
0.09500000 0.22000000 5.41807200
0.09500000 0.22500000 5.41401500
0.09500000 0.23000000 5.41063100
0.09500000 0.23500000 5.40793300
0.09500000 0.24000000 5.40593600
0.09500000 0.24500000 5.40464900
0.09500000 0.25000000 5.40408200
0.09500000 0.63500000 5.38257500
0.09500000 0.64000000 5.35002100
0.09500000 0.64500000 5.31665700
0.09500000 0.65000000 5.28254200
0.09500000 0.65500000 5.24773500
0.09500000 0.66000000 5.21230100
0.09500000 0.66500000 5.17630400
0.09500000 0.67000000 5.13981400
0.09500000 0.67500000 5.10289900
0.09500000 0.68000000 5.06563300
0.09500000 0.68500000 5.02808800
0.09500000 0.69000000 4.99034000
0.09500000 0.69500000 4.95246700
0.09500000 0.70000000 4.91454700
0.09500000 0.70500000 4.87665900
0.09500000 0.71000000 4.83888400
0.09500000 0.71500000 4.80130300
0.09500000 0.72000000 4.76399600
0.09500000 0.72500000 4.72704800
0.09500000 0.73000000 4.69053800
0.09500000 0.73500000 4.65455000
0.09500000 0.74000000 4.61916500
0.09500000 0.74500000 4.58446500
0.09500000 0.75000000 4.55052900
0.09500000 0.75500000 4.51743800
0.09500000 0.76000000 4.48526900
0.09500000 0.76500000 4.45410000
0.09500000 0.77000000 4.42400700
0.09500000 0.77500000 4.39506300
0.09500000 0.78000000 4.36734000
0.09500000 0.78500000 4.34090700
0.09500000 0.79000000 4.31583300
0.09500000 0.79500000 4.29218100
0.09500000 0.80000000 4.27001400
0.09500000 0.80500000 4.24939000
0.09500000 0.81000000 4.23036700
0.09500000 0.81500000 4.21299500
0.09500000 0.82000000 4.19732500
0.09500000 0.82500000 4.18340200
0.09500000 0.83000000 4.17126900
0.09500000 0.83500000 4.16096200
0.09500000 0.84000000 4.15251700
0.09500000 0.84500000 4.14596200
0.09500000 0.85000000 4.14132400
0.09500000 0.85500000 4.13862400
0.09500000 0.86000000 4.13787800
0.10000000 0.00000000 5.81909800
0.10000000 0.00500000 5.81386300
0.10000000 0.01000000 5.80815700
0.10000000 0.01500000 5.80198500
0.10000000 0.02000000 5.79535100
0.10000000 0.02500000 5.78826200
0.10000000 0.03000000 5.78072900
0.10000000 0.03500000 5.77276100
0.10000000 0.04000000 5.76437300
0.10000000 0.04500000 5.75558000
0.10000000 0.05000000 5.74639900
0.10000000 0.05500000 5.73684800
0.10000000 0.06000000 5.72694900
0.10000000 0.06500000 5.71672300
0.10000000 0.07000000 5.70619500
0.10000000 0.07500000 5.69539000
0.10000000 0.08000000 5.68433500
0.10000000 0.08500000 5.67305800
0.10000000 0.09000000 5.66158800
0.10000000 0.09500000 5.64995700
0.10000000 0.10000000 5.63819700
0.10000000 0.10500000 5.62633900
0.10000000 0.11000000 5.61441700
0.10000000 0.11500000 5.60246500
0.10000000 0.12000000 5.59051900
0.10000000 0.12500000 5.57861300
0.10000000 0.13000000 5.56678400
0.10000000 0.13500000 5.55506600
0.10000000 0.14000000 5.54349700
0.10000000 0.14500000 5.53211100
0.10000000 0.15000000 5.52094500
0.10000000 0.15500000 5.51003400
0.10000000 0.16000000 5.49941400
0.10000000 0.16500000 5.48911900
0.10000000 0.17000000 5.47918200
0.10000000 0.17500000 5.46963800
0.10000000 0.18000000 5.46051800
0.10000000 0.18500000 5.45185300
0.10000000 0.19000000 5.44367400
0.10000000 0.19500000 5.43601000
0.10000000 0.20000000 5.42888700
0.10000000 0.20500000 5.42233200
0.10000000 0.21000000 5.41637000
0.10000000 0.21500000 5.41102200
0.10000000 0.22000000 5.40631100
0.10000000 0.22500000 5.40225400
0.10000000 0.23000000 5.39887000
0.10000000 0.23500000 5.39617200
0.10000000 0.24000000 5.39417500
0.10000000 0.24500000 5.39288900
0.10000000 0.25000000 5.39232200
0.10000000 0.63500000 5.37081400
0.10000000 0.64000000 5.33826000
0.10000000 0.64500000 5.30489600
0.10000000 0.65000000 5.27078100
0.10000000 0.65500000 5.23597400
0.10000000 0.66000000 5.20054000
0.10000000 0.66500000 5.16454400
0.10000000 0.67000000 5.12805300
0.10000000 0.67500000 5.09113800
0.10000000 0.68000000 5.05387200
0.10000000 0.68500000 5.01632700
0.10000000 0.69000000 4.97857900
0.10000000 0.69500000 4.94070700
0.10000000 0.70000000 4.90278600
0.10000000 0.70500000 4.86489900
0.10000000 0.71000000 4.82712300
0.10000000 0.71500000 4.78954200
0.10000000 0.72000000 4.75223600
0.10000000 0.72500000 4.71528700
0.10000000 0.73000000 4.67877700
0.10000000 0.73500000 4.64278900
0.10000000 0.74000000 4.60740500
0.10000000 0.74500000 4.57270400
0.10000000 0.75000000 4.53876800
0.10000000 0.75500000 4.50567700
0.10000000 0.76000000 4.47350800
0.10000000 0.76500000 4.44234000
0.10000000 0.77000000 4.41224600
0.10000000 0.77500000 4.38330200
0.10000000 0.78000000 4.35557900
0.10000000 0.78500000 4.32914700
0.10000000 0.79000000 4.30407200
0.10000000 0.79500000 4.28042000
0.10000000 0.80000000 4.25825300
0.10000000 0.80500000 4.23763000
0.10000000 0.81000000 4.21860600
0.10000000 0.81500000 4.20123400
0.10000000 0.82000000 4.18556400
0.10000000 0.82500000 4.17164200
0.10000000 0.83000000 4.15950800
0.10000000 0.83500000 4.14920100
0.10000000 0.84000000 4.14075600
0.10000000 0.84500000 4.13420100
0.10000000 0.85000000 4.12956300
0.10000000 0.85500000 4.12686300
0.10000000 0.86000000 4.12611700
0.10500000 0.00000000 5.80724000
0.10500000 0.00500000 5.80200500
0.10500000 0.01000000 5.79629900
0.10500000 0.01500000 5.79012700
0.10500000 0.02000000 5.78349300
0.10500000 0.02500000 5.77640400
0.10500000 0.03000000 5.76887000
0.10500000 0.03500000 5.76090300
0.10500000 0.04000000 5.75251500
0.10500000 0.04500000 5.74372200
0.10500000 0.05000000 5.73454100
0.10500000 0.05500000 5.72499000
0.10500000 0.06000000 5.71509100
0.10500000 0.06500000 5.70486500
0.10500000 0.07000000 5.69433700
0.10500000 0.07500000 5.68353200
0.10500000 0.08000000 5.67247600
0.10500000 0.08500000 5.66119900
0.10500000 0.09000000 5.64973000
0.10500000 0.09500000 5.63809900
0.10500000 0.10000000 5.62633900
0.10500000 0.10500000 5.61448000
0.10500000 0.11000000 5.60255900
0.10500000 0.11500000 5.59060700
0.10500000 0.12000000 5.57866100
0.10500000 0.12500000 5.56675500
0.10500000 0.13000000 5.55492600
0.10500000 0.13500000 5.54320800
0.10500000 0.14000000 5.53163900
0.10500000 0.14500000 5.52025300
0.10500000 0.15000000 5.50908700
0.10500000 0.15500000 5.49817600
0.10500000 0.16000000 5.48755600
0.10500000 0.16500000 5.47726100
0.10500000 0.17000000 5.46732400
0.10500000 0.17500000 5.45778000
0.10500000 0.18000000 5.44866000
0.10500000 0.18500000 5.43999500
0.10500000 0.19000000 5.43181600
0.10500000 0.19500000 5.42415200
0.10500000 0.20000000 5.41702900
0.10500000 0.20500000 5.41047400
0.10500000 0.21000000 5.40451200
0.10500000 0.21500000 5.39916400
0.10500000 0.22000000 5.39445300
0.10500000 0.22500000 5.39039600
0.10500000 0.23000000 5.38701200
0.10500000 0.23500000 5.38431400
0.10500000 0.24000000 5.38231700
0.10500000 0.24500000 5.38103100
0.10500000 0.25000000 5.38046400
0.10500000 0.63500000 5.35895600
0.10500000 0.64000000 5.32640200
0.10500000 0.64500000 5.29303800
0.10500000 0.65000000 5.25892300
0.10500000 0.65500000 5.22411600
0.10500000 0.66000000 5.18868200
0.10500000 0.66500000 5.15268600
0.10500000 0.67000000 5.11619500
0.10500000 0.67500000 5.07928000
0.10500000 0.68000000 5.04201400
0.10500000 0.68500000 5.00446900
0.10500000 0.69000000 4.96672100
0.10500000 0.69500000 4.92884800
0.10500000 0.70000000 4.89092800
0.10500000 0.70500000 4.85304000
0.10500000 0.71000000 4.81526500
0.10500000 0.71500000 4.77768400
0.10500000 0.72000000 4.74037800
0.10500000 0.72500000 4.70342900
0.10500000 0.73000000 4.66691900
0.10500000 0.73500000 4.63093100
0.10500000 0.74000000 4.59554600
0.10500000 0.74500000 4.56084600
0.10500000 0.75000000 4.52691000
0.10500000 0.75500000 4.49381900
0.10500000 0.76000000 4.46165000
0.10500000 0.76500000 4.43048100
0.10500000 0.77000000 4.40038800
0.10500000 0.77500000 4.37144400
0.10500000 0.78000000 4.34372100
0.10500000 0.78500000 4.31728900
0.10500000 0.79000000 4.29221400
0.10500000 0.79500000 4.26856200
0.10500000 0.80000000 4.24639500
0.10500000 0.80500000 4.22577200
0.10500000 0.81000000 4.20674800
0.10500000 0.81500000 4.18937600
0.10500000 0.82000000 4.17370600
0.10500000 0.82500000 4.15978300
0.10500000 0.83000000 4.14765000
0.10500000 0.83500000 4.13734300
0.10500000 0.84000000 4.12889800
0.10500000 0.84500000 4.12234300
0.10500000 0.85000000 4.11770500
0.10500000 0.85500000 4.11500500
0.10500000 0.86000000 4.11425900
0.11000000 0.00000000 5.79531800
0.11000000 0.00500000 5.79008300
0.11000000 0.01000000 5.78437700
0.11000000 0.01500000 5.77820500
0.11000000 0.02000000 5.77157100
0.11000000 0.02500000 5.76448200
0.11000000 0.03000000 5.75694900
0.11000000 0.03500000 5.74898100
0.11000000 0.04000000 5.74059300
0.11000000 0.04500000 5.73180000
0.11000000 0.05000000 5.72261900
0.11000000 0.05500000 5.71306800
0.11000000 0.06000000 5.70316900
0.11000000 0.06500000 5.69294300
0.11000000 0.07000000 5.68241500
0.11000000 0.07500000 5.67161000
0.11000000 0.08000000 5.66055500
0.11000000 0.08500000 5.64927800
0.11000000 0.09000000 5.63780800
0.11000000 0.09500000 5.62617700
0.11000000 0.10000000 5.61441700
0.11000000 0.10500000 5.60255900
0.11000000 0.11000000 5.59063700
0.11000000 0.11500000 5.57868500
0.11000000 0.12000000 5.56673900
0.11000000 0.12500000 5.55483300
0.11000000 0.13000000 5.54300400
0.11000000 0.13500000 5.53128600
0.11000000 0.14000000 5.51971700
0.11000000 0.14500000 5.50833100
0.11000000 0.15000000 5.49716500
0.11000000 0.15500000 5.48625400
0.11000000 0.16000000 5.47563400
0.11000000 0.16500000 5.46533900
0.11000000 0.17000000 5.45540200
0.11000000 0.17500000 5.44585800
0.11000000 0.18000000 5.43673800
0.11000000 0.18500000 5.42807300
0.11000000 0.19000000 5.41989400
0.11000000 0.19500000 5.41223000
0.11000000 0.20000000 5.40510700
0.11000000 0.20500000 5.39855200
0.11000000 0.21000000 5.39259000
0.11000000 0.21500000 5.38724200
0.11000000 0.22000000 5.38253100
0.11000000 0.22500000 5.37847400
0.11000000 0.23000000 5.37509000
0.11000000 0.23500000 5.37239200
0.11000000 0.24000000 5.37039500
0.11000000 0.24500000 5.36910900
0.11000000 0.25000000 5.36854200
0.11000000 0.63500000 5.34703400
0.11000000 0.64000000 5.31448000
0.11000000 0.64500000 5.28111600
0.11000000 0.65000000 5.24700100
0.11000000 0.65500000 5.21219400
0.11000000 0.66000000 5.17676000
0.11000000 0.66500000 5.14076400
0.11000000 0.67000000 5.10427300
0.11000000 0.67500000 5.06735800
0.11000000 0.68000000 5.03009200
0.11000000 0.68500000 4.99254700
0.11000000 0.69000000 4.95480000
0.11000000 0.69500000 4.91692700
0.11000000 0.70000000 4.87900600
0.11000000 0.70500000 4.84111900
0.11000000 0.71000000 4.80334300
0.11000000 0.71500000 4.76576200
0.11000000 0.72000000 4.72845600
0.11000000 0.72500000 4.69150700
0.11000000 0.73000000 4.65499800
0.11000000 0.73500000 4.61901000
0.11000000 0.74000000 4.58362500
0.11000000 0.74500000 4.54892400
0.11000000 0.75000000 4.51498800
0.11000000 0.75500000 4.48189700
0.11000000 0.76000000 4.44972800
0.11000000 0.76500000 4.41856000
0.11000000 0.77000000 4.38846600
0.11000000 0.77500000 4.35952200
0.11000000 0.78000000 4.33179900
0.11000000 0.78500000 4.30536700
0.11000000 0.79000000 4.28029200
0.11000000 0.79500000 4.25664000
0.11000000 0.80000000 4.23447300
0.11000000 0.80500000 4.21385000
0.11000000 0.81000000 4.19482600
0.11000000 0.81500000 4.17745400
0.11000000 0.82000000 4.16178400
0.11000000 0.82500000 4.14786200
0.11000000 0.83000000 4.13572800
0.11000000 0.83500000 4.12542100
0.11000000 0.84000000 4.11697600
0.11000000 0.84500000 4.11042100
0.11000000 0.85000000 4.10578300
0.11000000 0.85500000 4.10308300
0.11000000 0.86000000 4.10233700
0.11500000 0.00000000 5.78336700
0.11500000 0.00500000 5.77813100
0.11500000 0.01000000 5.77242600
0.11500000 0.01500000 5.76625300
0.11500000 0.02000000 5.75961900
0.11500000 0.02500000 5.75253100
0.11500000 0.03000000 5.74499700
0.11500000 0.03500000 5.73703000
0.11500000 0.04000000 5.72864200
0.11500000 0.04500000 5.71984900
0.11500000 0.05000000 5.71066700
0.11500000 0.05500000 5.70111700
0.11500000 0.06000000 5.69121700
0.11500000 0.06500000 5.68099200
0.11500000 0.07000000 5.67046300
0.11500000 0.07500000 5.65965800
0.11500000 0.08000000 5.64860300
0.11500000 0.08500000 5.63732600
0.11500000 0.09000000 5.62585700
0.11500000 0.09500000 5.61422600
0.11500000 0.10000000 5.60246500
0.11500000 0.10500000 5.59060700
0.11500000 0.11000000 5.57868500
0.11500000 0.11500000 5.56673400
0.11500000 0.12000000 5.55478800
0.11500000 0.12500000 5.54288200
0.11500000 0.13000000 5.53105200
0.11500000 0.13500000 5.51933500
0.11500000 0.14000000 5.50776500
0.11500000 0.14500000 5.49638000
0.11500000 0.15000000 5.48521400
0.11500000 0.15500000 5.47430300
0.11500000 0.16000000 5.46368300
0.11500000 0.16500000 5.45338700
0.11500000 0.17000000 5.44345100
0.11500000 0.17500000 5.43390600
0.11500000 0.18000000 5.42478600
0.11500000 0.18500000 5.41612200
0.11500000 0.19000000 5.40794300
0.11500000 0.19500000 5.40027800
0.11500000 0.20000000 5.39315600
0.11500000 0.20500000 5.38660100
0.11500000 0.21000000 5.38063800
0.11500000 0.21500000 5.37529100
0.11500000 0.22000000 5.37057900
0.11500000 0.22500000 5.36652300
0.11500000 0.23000000 5.36313800
0.11500000 0.23500000 5.36044100
0.11500000 0.24000000 5.35844400
0.11500000 0.24500000 5.35715700
0.11500000 0.25000000 5.35659000
0.11500000 0.63500000 5.33508300
0.11500000 0.64000000 5.30252800
0.11500000 0.64500000 5.26916500
0.11500000 0.65000000 5.23504900
0.11500000 0.65500000 5.20024300
0.11500000 0.66000000 5.16480900
0.11500000 0.66500000 5.12881200
0.11500000 0.67000000 5.09232200
0.11500000 0.67500000 5.05540700
0.11500000 0.68000000 5.01814000
0.11500000 0.68500000 4.98059600
0.11500000 0.69000000 4.94284800
0.11500000 0.69500000 4.90497500
0.11500000 0.70000000 4.86705500
0.11500000 0.70500000 4.82916700
0.11500000 0.71000000 4.79139200
0.11500000 0.71500000 4.75381000
0.11500000 0.72000000 4.71650400
0.11500000 0.72500000 4.67955500
0.11500000 0.73000000 4.64304600
0.11500000 0.73500000 4.60705800
0.11500000 0.74000000 4.57167300
0.11500000 0.74500000 4.53697300
0.11500000 0.75000000 4.50303700
0.11500000 0.75500000 4.46994500
0.11500000 0.76000000 4.43777700
0.11500000 0.76500000 4.40660800
0.11500000 0.77000000 4.37651500
0.11500000 0.77500000 4.34757100
0.11500000 0.78000000 4.31984800
0.11500000 0.78500000 4.29341500
0.11500000 0.79000000 4.26834100
0.11500000 0.79500000 4.24468900
0.11500000 0.80000000 4.22252200
0.11500000 0.80500000 4.20189800
0.11500000 0.81000000 4.18287400
0.11500000 0.81500000 4.16550300
0.11500000 0.82000000 4.14983300
0.11500000 0.82500000 4.13591000
0.11500000 0.83000000 4.12377700
0.11500000 0.83500000 4.11347000
0.11500000 0.84000000 4.10502500
0.11500000 0.84500000 4.09847000
0.11500000 0.85000000 4.09383200
0.11500000 0.85500000 4.09113100
0.11500000 0.86000000 4.09038500
0.12000000 0.00000000 5.77142100
0.12000000 0.00500000 5.76618500
0.12000000 0.01000000 5.76048000
0.12000000 0.01500000 5.75430700
0.12000000 0.02000000 5.74767300
0.12000000 0.02500000 5.74058500
0.12000000 0.03000000 5.73305100
0.12000000 0.03500000 5.72508400
0.12000000 0.04000000 5.71669600
0.12000000 0.04500000 5.70790300
0.12000000 0.05000000 5.69872100
0.12000000 0.05500000 5.68917100
0.12000000 0.06000000 5.67927100
0.12000000 0.06500000 5.66904500
0.12000000 0.07000000 5.65851700
0.12000000 0.07500000 5.64771200
0.12000000 0.08000000 5.63665700
0.12000000 0.08500000 5.62538000
0.12000000 0.09000000 5.61391100
0.12000000 0.09500000 5.60228000
0.12000000 0.10000000 5.59051900
0.12000000 0.10500000 5.57866100
0.12000000 0.11000000 5.56673900
0.12000000 0.11500000 5.55478800
0.12000000 0.12000000 5.54284200
0.12000000 0.12500000 5.53093600
0.12000000 0.13000000 5.51910600
0.12000000 0.13500000 5.50738900
0.12000000 0.14000000 5.49581900
0.12000000 0.14500000 5.48443300
0.12000000 0.15000000 5.47326800
0.12000000 0.15500000 5.46235700
0.12000000 0.16000000 5.45173600
0.12000000 0.16500000 5.44144100
0.12000000 0.17000000 5.43150500
0.12000000 0.17500000 5.42196000
0.12000000 0.18000000 5.41284000
0.12000000 0.18500000 5.40417600
0.12000000 0.19000000 5.39599700
0.12000000 0.19500000 5.38833200
0.12000000 0.20000000 5.38120900
0.12000000 0.20500000 5.37465500
0.12000000 0.21000000 5.36869200
0.12000000 0.21500000 5.36334500
0.12000000 0.22000000 5.35863300
0.12000000 0.22500000 5.35457700
0.12000000 0.23000000 5.35119200
0.12000000 0.23500000 5.34849500
0.12000000 0.24000000 5.34649800
0.12000000 0.24500000 5.34521100
0.12000000 0.25000000 5.34464400
0.12000000 0.63500000 5.32313600
0.12000000 0.64000000 5.29058200
0.12000000 0.64500000 5.25721900
0.12000000 0.65000000 5.22310300
0.12000000 0.65500000 5.18829700
0.12000000 0.66000000 5.15286200
0.12000000 0.66500000 5.11686600
0.12000000 0.67000000 5.08037600
0.12000000 0.67500000 5.04346100
0.12000000 0.68000000 5.00619400
0.12000000 0.68500000 4.96864900
0.12000000 0.69000000 4.93090200
0.12000000 0.69500000 4.89302900
0.12000000 0.70000000 4.85510900
0.12000000 0.70500000 4.81722100
0.12000000 0.71000000 4.77944600
0.12000000 0.71500000 4.74186400
0.12000000 0.72000000 4.70455800
0.12000000 0.72500000 4.66760900
0.12000000 0.73000000 4.63110000
0.12000000 0.73500000 4.59511200
0.12000000 0.74000000 4.55972700
0.12000000 0.74500000 4.52502600
0.12000000 0.75000000 4.49109100
0.12000000 0.75500000 4.45799900
0.12000000 0.76000000 4.42583100
0.12000000 0.76500000 4.39466200
0.12000000 0.77000000 4.36456900
0.12000000 0.77500000 4.33562500
0.12000000 0.78000000 4.30790200
0.12000000 0.78500000 4.28146900
0.12000000 0.79000000 4.25639500
0.12000000 0.79500000 4.23274300
0.12000000 0.80000000 4.21057600
0.12000000 0.80500000 4.18995200
0.12000000 0.81000000 4.17092800
0.12000000 0.81500000 4.15355700
0.12000000 0.82000000 4.13788700
0.12000000 0.82500000 4.12396400
0.12000000 0.83000000 4.11183000
0.12000000 0.83500000 4.10152400
0.12000000 0.84000000 4.09307800
0.12000000 0.84500000 4.08652400
0.12000000 0.85000000 4.08188600
0.12000000 0.85500000 4.07918500
0.12000000 0.86000000 4.07843900
0.12500000 0.00000000 5.75951500
0.12500000 0.00500000 5.75428000
0.12500000 0.01000000 5.74857400
0.12500000 0.01500000 5.74240200
0.12500000 0.02000000 5.73576700
0.12500000 0.02500000 5.72867900
0.12500000 0.03000000 5.72114500
0.12500000 0.03500000 5.71317800
0.12500000 0.04000000 5.70479000
0.12500000 0.04500000 5.69599700
0.12500000 0.05000000 5.68681600
0.12500000 0.05500000 5.67726500
0.12500000 0.06000000 5.66736500
0.12500000 0.06500000 5.65714000
0.12500000 0.07000000 5.64661200
0.12500000 0.07500000 5.63580600
0.12500000 0.08000000 5.62475100
0.12500000 0.08500000 5.61347400
0.12500000 0.09000000 5.60200500
0.12500000 0.09500000 5.59037400
0.12500000 0.10000000 5.57861300
0.12500000 0.10500000 5.56675500
0.12500000 0.11000000 5.55483300
0.12500000 0.11500000 5.54288200
0.12500000 0.12000000 5.53093600
0.12500000 0.12500000 5.51903000
0.12500000 0.13000000 5.50720100
0.12500000 0.13500000 5.49548300
0.12500000 0.14000000 5.48391300
0.12500000 0.14500000 5.47252800
0.12500000 0.15000000 5.46136200
0.12500000 0.15500000 5.45045100
0.12500000 0.16000000 5.43983100
0.12500000 0.16500000 5.42953500
0.12500000 0.17000000 5.41959900
0.12500000 0.17500000 5.41005500
0.12500000 0.18000000 5.40093400
0.12500000 0.18500000 5.39227000
0.12500000 0.19000000 5.38409100
0.12500000 0.19500000 5.37642600
0.12500000 0.20000000 5.36930400
0.12500000 0.20500000 5.36274900
0.12500000 0.21000000 5.35678700
0.12500000 0.21500000 5.35143900
0.12500000 0.22000000 5.34672800
0.12500000 0.22500000 5.34267100
0.12500000 0.23000000 5.33928700
0.12500000 0.23500000 5.33658900
0.12500000 0.24000000 5.33459200
0.12500000 0.24500000 5.33330500
0.12500000 0.25000000 5.33273800
0.12500000 0.63500000 5.31123100
0.12500000 0.64000000 5.27867700
0.12500000 0.64500000 5.24531300
0.12500000 0.65000000 5.21119700
0.12500000 0.65500000 5.17639100
0.12500000 0.66000000 5.14095700
0.12500000 0.66500000 5.10496000
0.12500000 0.67000000 5.06847000
0.12500000 0.67500000 5.03155500
0.12500000 0.68000000 4.99428800
0.12500000 0.68500000 4.95674400
0.12500000 0.69000000 4.91899600
0.12500000 0.69500000 4.88112300
0.12500000 0.70000000 4.84320300
0.12500000 0.70500000 4.80531500
0.12500000 0.71000000 4.76754000
0.12500000 0.71500000 4.72995900
0.12500000 0.72000000 4.69265200
0.12500000 0.72500000 4.65570400
0.12500000 0.73000000 4.61919400
0.12500000 0.73500000 4.58320600
0.12500000 0.74000000 4.54782100
0.12500000 0.74500000 4.51312100
0.12500000 0.75000000 4.47918500
0.12500000 0.75500000 4.44609400
0.12500000 0.76000000 4.41392500
0.12500000 0.76500000 4.38275600
0.12500000 0.77000000 4.35266300
0.12500000 0.77500000 4.32371900
0.12500000 0.78000000 4.29599600
0.12500000 0.78500000 4.26956300
0.12500000 0.79000000 4.24448900
0.12500000 0.79500000 4.22083700
0.12500000 0.80000000 4.19867000
0.12500000 0.80500000 4.17804600
0.12500000 0.81000000 4.15902200
0.12500000 0.81500000 4.14165100
0.12500000 0.82000000 4.12598100
0.12500000 0.82500000 4.11205800
0.12500000 0.83000000 4.09992500
0.12500000 0.83500000 4.08961800
0.12500000 0.84000000 4.08117300
0.12500000 0.84500000 4.07461800
0.12500000 0.85000000 4.06998000
0.12500000 0.85500000 4.06728000
0.12500000 0.86000000 4.06653400
0.13000000 0.00000000 5.74768600
0.13000000 0.00500000 5.74245000
0.13000000 0.01000000 5.73674400
0.13000000 0.01500000 5.73057200
0.13000000 0.02000000 5.72393800
0.13000000 0.02500000 5.71684900
0.13000000 0.03000000 5.70931600
0.13000000 0.03500000 5.70134800
0.13000000 0.04000000 5.69296100
0.13000000 0.04500000 5.68416700
0.13000000 0.05000000 5.67498600
0.13000000 0.05500000 5.66543500
0.13000000 0.06000000 5.65553600
0.13000000 0.06500000 5.64531000
0.13000000 0.07000000 5.63478200
0.13000000 0.07500000 5.62397700
0.13000000 0.08000000 5.61292200
0.13000000 0.08500000 5.60164500
0.13000000 0.09000000 5.59017600
0.13000000 0.09500000 5.57854500
0.13000000 0.10000000 5.56678400
0.13000000 0.10500000 5.55492600
0.13000000 0.11000000 5.54300400
0.13000000 0.11500000 5.53105200
0.13000000 0.12000000 5.51910600
0.13000000 0.12500000 5.50720100
0.13000000 0.13000000 5.49537100
0.13000000 0.13500000 5.48365300
0.13000000 0.14000000 5.47208400
0.13000000 0.14500000 5.46069800
0.13000000 0.15000000 5.44953200
0.13000000 0.15500000 5.43862200
0.13000000 0.16000000 5.42800100
0.13000000 0.16500000 5.41770600
0.13000000 0.17000000 5.40776900
0.13000000 0.17500000 5.39822500
0.13000000 0.18000000 5.38910500
0.13000000 0.18500000 5.38044000
0.13000000 0.19000000 5.37226100
0.13000000 0.19500000 5.36459700
0.13000000 0.20000000 5.35747400
0.13000000 0.20500000 5.35091900
0.13000000 0.21000000 5.34495700
0.13000000 0.21500000 5.33961000
0.13000000 0.22000000 5.33489800
0.13000000 0.22500000 5.33084100
0.13000000 0.23000000 5.32745700
0.13000000 0.23500000 5.32476000
0.13000000 0.24000000 5.32276200
0.13000000 0.24500000 5.32147600
0.13000000 0.25000000 5.32090900
0.13000000 0.63500000 5.29940100
0.13000000 0.64000000 5.26684700
0.13000000 0.64500000 5.23348300
0.13000000 0.65000000 5.19936800
0.13000000 0.65500000 5.16456100
0.13000000 0.66000000 5.12912700
0.13000000 0.66500000 5.09313100
0.13000000 0.67000000 5.05664000
0.13000000 0.67500000 5.01972600
0.13000000 0.68000000 4.98245900
0.13000000 0.68500000 4.94491400
0.13000000 0.69000000 4.90716700
0.13000000 0.69500000 4.86929400
0.13000000 0.70000000 4.83137400
0.13000000 0.70500000 4.79348600
0.13000000 0.71000000 4.75571000
0.13000000 0.71500000 4.71812900
0.13000000 0.72000000 4.68082300
0.13000000 0.72500000 4.64387400
0.13000000 0.73000000 4.60736500
0.13000000 0.73500000 4.57137700
0.13000000 0.74000000 4.53599200
0.13000000 0.74500000 4.50129100
0.13000000 0.75000000 4.46735500
0.13000000 0.75500000 4.43426400
0.13000000 0.76000000 4.40209500
0.13000000 0.76500000 4.37092700
0.13000000 0.77000000 4.34083300
0.13000000 0.77500000 4.31188900
0.13000000 0.78000000 4.28416600
0.13000000 0.78500000 4.25773400
0.13000000 0.79000000 4.23265900
0.13000000 0.79500000 4.20900700
0.13000000 0.80000000 4.18684000
0.13000000 0.80500000 4.16621700
0.13000000 0.81000000 4.14719300
0.13000000 0.81500000 4.12982100
0.13000000 0.82000000 4.11415100
0.13000000 0.82500000 4.10022900
0.13000000 0.83000000 4.08809500
0.13000000 0.83500000 4.07778900
0.13000000 0.84000000 4.06934300
0.13000000 0.84500000 4.06278800
0.13000000 0.85000000 4.05815000
0.13000000 0.85500000 4.05545000
0.13000000 0.86000000 4.05470400
0.13500000 0.00000000 5.73596800
0.13500000 0.00500000 5.73073200
0.13500000 0.01000000 5.72502700
0.13500000 0.01500000 5.71885400
0.13500000 0.02000000 5.71222000
0.13500000 0.02500000 5.70513200
0.13500000 0.03000000 5.69759800
0.13500000 0.03500000 5.68963100
0.13500000 0.04000000 5.68124300
0.13500000 0.04500000 5.67245000
0.13500000 0.05000000 5.66326800
0.13500000 0.05500000 5.65371800
0.13500000 0.06000000 5.64381800
0.13500000 0.06500000 5.63359300
0.13500000 0.07000000 5.62306400
0.13500000 0.07500000 5.61225900
0.13500000 0.08000000 5.60120400
0.13500000 0.08500000 5.58992700
0.13500000 0.09000000 5.57845800
0.13500000 0.09500000 5.56682700
0.13500000 0.10000000 5.55506600
0.13500000 0.10500000 5.54320800
0.13500000 0.11000000 5.53128600
0.13500000 0.11500000 5.51933500
0.13500000 0.12000000 5.50738900
0.13500000 0.12500000 5.49548300
0.13500000 0.13000000 5.48365300
0.13500000 0.13500000 5.47193600
0.13500000 0.14000000 5.46036600
0.13500000 0.14500000 5.44898100
0.13500000 0.15000000 5.43781500
0.13500000 0.15500000 5.42690400
0.13500000 0.16000000 5.41628400
0.13500000 0.16500000 5.40598800
0.13500000 0.17000000 5.39605200
0.13500000 0.17500000 5.38650700
0.13500000 0.18000000 5.37738700
0.13500000 0.18500000 5.36872300
0.13500000 0.19000000 5.36054400
0.13500000 0.19500000 5.35287900
0.13500000 0.20000000 5.34575700
0.13500000 0.20500000 5.33920200
0.13500000 0.21000000 5.33323900
0.13500000 0.21500000 5.32789200
0.13500000 0.22000000 5.32318000
0.13500000 0.22500000 5.31912400
0.13500000 0.23000000 5.31573900
0.13500000 0.23500000 5.31304200
0.13500000 0.24000000 5.31104500
0.13500000 0.24500000 5.30975800
0.13500000 0.25000000 5.30919100
0.13500000 0.63500000 5.28768400
0.13500000 0.64000000 5.25512900
0.13500000 0.64500000 5.22176600
0.13500000 0.65000000 5.18765000
0.13500000 0.65500000 5.15284400
0.13500000 0.66000000 5.11741000
0.13500000 0.66500000 5.08141300
0.13500000 0.67000000 5.04492300
0.13500000 0.67500000 5.00800800
0.13500000 0.68000000 4.97074100
0.13500000 0.68500000 4.93319700
0.13500000 0.69000000 4.89544900
0.13500000 0.69500000 4.85757600
0.13500000 0.70000000 4.81965600
0.13500000 0.70500000 4.78176800
0.13500000 0.71000000 4.74399300
0.13500000 0.71500000 4.70641100
0.13500000 0.72000000 4.66910500
0.13500000 0.72500000 4.63215600
0.13500000 0.73000000 4.59564700
0.13500000 0.73500000 4.55965900
0.13500000 0.74000000 4.52427400
0.13500000 0.74500000 4.48957400
0.13500000 0.75000000 4.45563800
0.13500000 0.75500000 4.42254600
0.13500000 0.76000000 4.39037800
0.13500000 0.76500000 4.35920900
0.13500000 0.77000000 4.32911600
0.13500000 0.77500000 4.30017200
0.13500000 0.78000000 4.27244900
0.13500000 0.78500000 4.24601600
0.13500000 0.79000000 4.22094200
0.13500000 0.79500000 4.19729000
0.13500000 0.80000000 4.17512300
0.13500000 0.80500000 4.15449900
0.13500000 0.81000000 4.13547500
0.13500000 0.81500000 4.11810400
0.13500000 0.82000000 4.10243400
0.13500000 0.82500000 4.08851100
0.13500000 0.83000000 4.07637700
0.13500000 0.83500000 4.06607100
0.13500000 0.84000000 4.05762500
0.13500000 0.84500000 4.05107100
0.13500000 0.85000000 4.04643300
0.13500000 0.85500000 4.04373200
0.13500000 0.86000000 4.04298600
0.14000000 0.00000000 5.72439800
0.14000000 0.00500000 5.71916300
0.14000000 0.01000000 5.71345700
0.14000000 0.01500000 5.70728500
0.14000000 0.02000000 5.70065100
0.14000000 0.02500000 5.69356200
0.14000000 0.03000000 5.68602900
0.14000000 0.03500000 5.67806100
0.14000000 0.04000000 5.66967300
0.14000000 0.04500000 5.66088000
0.14000000 0.05000000 5.65169900
0.14000000 0.05500000 5.64214800
0.14000000 0.06000000 5.63224900
0.14000000 0.06500000 5.62202300
0.14000000 0.07000000 5.61149500
0.14000000 0.07500000 5.60069000
0.14000000 0.08000000 5.58963500
0.14000000 0.08500000 5.57835800
0.14000000 0.09000000 5.56688800
0.14000000 0.09500000 5.55525700
0.14000000 0.10000000 5.54349700
0.14000000 0.10500000 5.53163900
0.14000000 0.11000000 5.51971700
0.14000000 0.11500000 5.50776500
0.14000000 0.12000000 5.49581900
0.14000000 0.12500000 5.48391300
0.14000000 0.13000000 5.47208400
0.14000000 0.13500000 5.46036600
0.14000000 0.14000000 5.44879700
0.14000000 0.14500000 5.43741100
0.14000000 0.15000000 5.42624500
0.14000000 0.15500000 5.41533400
0.14000000 0.16000000 5.40471400
0.14000000 0.16500000 5.39441900
0.14000000 0.17000000 5.38448200
0.14000000 0.17500000 5.37493800
0.14000000 0.18000000 5.36581800
0.14000000 0.18500000 5.35715300
0.14000000 0.19000000 5.34897400
0.14000000 0.19500000 5.34131000
0.14000000 0.20000000 5.33418700
0.14000000 0.20500000 5.32763200
0.14000000 0.21000000 5.32167000
0.14000000 0.21500000 5.31632200
0.14000000 0.22000000 5.31161100
0.14000000 0.22500000 5.30755400
0.14000000 0.23000000 5.30417000
0.14000000 0.23500000 5.30147200
0.14000000 0.24000000 5.29947500
0.14000000 0.24500000 5.29818900
0.14000000 0.25000000 5.29762200
0.14000000 0.63500000 5.27611400
0.14000000 0.64000000 5.24356000
0.14000000 0.64500000 5.21019600
0.14000000 0.65000000 5.17608100
0.14000000 0.65500000 5.14127400
0.14000000 0.66000000 5.10584000
0.14000000 0.66500000 5.06984400
0.14000000 0.67000000 5.03335300
0.14000000 0.67500000 4.99643800
0.14000000 0.68000000 4.95917200
0.14000000 0.68500000 4.92162700
0.14000000 0.69000000 4.88388000
0.14000000 0.69500000 4.84600700
0.14000000 0.70000000 4.80808600
0.14000000 0.70500000 4.77019900
0.14000000 0.71000000 4.73242300
0.14000000 0.71500000 4.69484200
0.14000000 0.72000000 4.65753600
0.14000000 0.72500000 4.62058700
0.14000000 0.73000000 4.58407700
0.14000000 0.73500000 4.54808900
0.14000000 0.74000000 4.51270500
0.14000000 0.74500000 4.47800400
0.14000000 0.75000000 4.44406800
0.14000000 0.75500000 4.41097700
0.14000000 0.76000000 4.37880800
0.14000000 0.76500000 4.34764000
0.14000000 0.77000000 4.31754600
0.14000000 0.77500000 4.28860200
0.14000000 0.78000000 4.26087900
0.14000000 0.78500000 4.23444700
0.14000000 0.79000000 4.20937200
0.14000000 0.79500000 4.18572000
0.14000000 0.80000000 4.16355300
0.14000000 0.80500000 4.14293000
0.14000000 0.81000000 4.12390600
0.14000000 0.81500000 4.10653400
0.14000000 0.82000000 4.09086400
0.14000000 0.82500000 4.07694200
0.14000000 0.83000000 4.06480800
0.14000000 0.83500000 4.05450100
0.14000000 0.84000000 4.04605600
0.14000000 0.84500000 4.03950100
0.14000000 0.85000000 4.03486300
0.14000000 0.85500000 4.03216300
0.14000000 0.86000000 4.03141700
0.14500000 0.00000000 5.71301300
0.14500000 0.00500000 5.70777700
0.14500000 0.01000000 5.70207200
0.14500000 0.01500000 5.69589900
0.14500000 0.02000000 5.68926500
0.14500000 0.02500000 5.68217700
0.14500000 0.03000000 5.67464300
0.14500000 0.03500000 5.66667600
0.14500000 0.04000000 5.65828800
0.14500000 0.04500000 5.64949500
0.14500000 0.05000000 5.64031300
0.14500000 0.05500000 5.63076200
0.14500000 0.06000000 5.62086300
0.14500000 0.06500000 5.61063700
0.14500000 0.07000000 5.60010900
0.14500000 0.07500000 5.58930400
0.14500000 0.08000000 5.57824900
0.14500000 0.08500000 5.56697200
0.14500000 0.09000000 5.55550300
0.14500000 0.09500000 5.54387200
0.14500000 0.10000000 5.53211100
0.14500000 0.10500000 5.52025300
0.14500000 0.11000000 5.50833100
0.14500000 0.11500000 5.49638000
0.14500000 0.12000000 5.48443300
0.14500000 0.12500000 5.47252800
0.14500000 0.13000000 5.46069800
0.14500000 0.13500000 5.44898100
0.14500000 0.14000000 5.43741100
0.14500000 0.14500000 5.42602500
0.14500000 0.15000000 5.41485900
0.14500000 0.15500000 5.40394900
0.14500000 0.16000000 5.39332800
0.14500000 0.16500000 5.38303300
0.14500000 0.17000000 5.37309700
0.14500000 0.17500000 5.36355200
0.14500000 0.18000000 5.35443200
0.14500000 0.18500000 5.34576700
0.14500000 0.19000000 5.33758900
0.14500000 0.19500000 5.32992400
0.14500000 0.20000000 5.32280100
0.14500000 0.20500000 5.31624700
0.14500000 0.21000000 5.31028400
0.14500000 0.21500000 5.30493700
0.14500000 0.22000000 5.30022500
0.14500000 0.22500000 5.29616900
0.14500000 0.23000000 5.29278400
0.14500000 0.23500000 5.29008700
0.14500000 0.24000000 5.28809000
0.14500000 0.24500000 5.28680300
0.14500000 0.25000000 5.28623600
0.14500000 0.63500000 5.26472800
0.14500000 0.64000000 5.23217400
0.14500000 0.64500000 5.19881000
0.14500000 0.65000000 5.16469500
0.14500000 0.65500000 5.12988900
0.14500000 0.66000000 5.09445400
0.14500000 0.66500000 5.05845800
0.14500000 0.67000000 5.02196700
0.14500000 0.67500000 4.98505300
0.14500000 0.68000000 4.94778600
0.14500000 0.68500000 4.91024100
0.14500000 0.69000000 4.87249400
0.14500000 0.69500000 4.83462100
0.14500000 0.70000000 4.79670100
0.14500000 0.70500000 4.75881300
0.14500000 0.71000000 4.72103800
0.14500000 0.71500000 4.68345600
0.14500000 0.72000000 4.64615000
0.14500000 0.72500000 4.60920100
0.14500000 0.73000000 4.57269200
0.14500000 0.73500000 4.53670400
0.14500000 0.74000000 4.50131900
0.14500000 0.74500000 4.46661800
0.14500000 0.75000000 4.43268300
0.14500000 0.75500000 4.39959100
0.14500000 0.76000000 4.36742300
0.14500000 0.76500000 4.33625400
0.14500000 0.77000000 4.30616100
0.14500000 0.77500000 4.27721700
0.14500000 0.78000000 4.24949300
0.14500000 0.78500000 4.22306100
0.14500000 0.79000000 4.19798700
0.14500000 0.79500000 4.17433500
0.14500000 0.80000000 4.15216700
0.14500000 0.80500000 4.13154400
0.14500000 0.81000000 4.11252000
0.14500000 0.81500000 4.09514900
0.14500000 0.82000000 4.07947900
0.14500000 0.82500000 4.06555600
0.14500000 0.83000000 4.05342200
0.14500000 0.83500000 4.04311600
0.14500000 0.84000000 4.03467000
0.14500000 0.84500000 4.02811600
0.14500000 0.85000000 4.02347800
0.14500000 0.85500000 4.02077700
0.14500000 0.86000000 4.02003100
0.15000000 0.00000000 5.70184700
0.15000000 0.00500000 5.69661100
0.15000000 0.01000000 5.69090600
0.15000000 0.01500000 5.68473300
0.15000000 0.02000000 5.67809900
0.15000000 0.02500000 5.67101100
0.15000000 0.03000000 5.66347700
0.15000000 0.03500000 5.65551000
0.15000000 0.04000000 5.64712200
0.15000000 0.04500000 5.63832900
0.15000000 0.05000000 5.62914700
0.15000000 0.05500000 5.61959700
0.15000000 0.06000000 5.60969700
0.15000000 0.06500000 5.59947100
0.15000000 0.07000000 5.58894300
0.15000000 0.07500000 5.57813800
0.15000000 0.08000000 5.56708300
0.15000000 0.08500000 5.55580600
0.15000000 0.09000000 5.54433700
0.15000000 0.09500000 5.53270600
0.15000000 0.10000000 5.52094500
0.15000000 0.10500000 5.50908700
0.15000000 0.11000000 5.49716500
0.15000000 0.11500000 5.48521400
0.15000000 0.12000000 5.47326800
0.15000000 0.12500000 5.46136200
0.15000000 0.13000000 5.44953200
0.15000000 0.13500000 5.43781500
0.15000000 0.14000000 5.42624500
0.15000000 0.14500000 5.41485900
0.15000000 0.15000000 5.40369300
0.15000000 0.15500000 5.39278300
0.15000000 0.16000000 5.38216200
0.15000000 0.16500000 5.37186700
0.15000000 0.17000000 5.36193100
0.15000000 0.17500000 5.35238600
0.15000000 0.18000000 5.34326600
0.15000000 0.18500000 5.33460200
0.15000000 0.19000000 5.32642300
0.15000000 0.19500000 5.31875800
0.15000000 0.20000000 5.31163500
0.15000000 0.20500000 5.30508100
0.15000000 0.21000000 5.29911800
0.15000000 0.21500000 5.29377100
0.15000000 0.22000000 5.28905900
0.15000000 0.22500000 5.28500300
0.15000000 0.23000000 5.28161800
0.15000000 0.23500000 5.27892100
0.15000000 0.24000000 5.27692400
0.15000000 0.24500000 5.27563700
0.15000000 0.25000000 5.27507000
0.15000000 0.63500000 5.25356200
0.15000000 0.64000000 5.22100800
0.15000000 0.64500000 5.18764500
0.15000000 0.65000000 5.15352900
0.15000000 0.65500000 5.11872300
0.15000000 0.66000000 5.08328800
0.15000000 0.66500000 5.04729200
0.15000000 0.67000000 5.01080200
0.15000000 0.67500000 4.97388700
0.15000000 0.68000000 4.93662000
0.15000000 0.68500000 4.89907500
0.15000000 0.69000000 4.86132800
0.15000000 0.69500000 4.82345500
0.15000000 0.70000000 4.78553500
0.15000000 0.70500000 4.74764700
0.15000000 0.71000000 4.70987200
0.15000000 0.71500000 4.67229000
0.15000000 0.72000000 4.63498400
0.15000000 0.72500000 4.59803500
0.15000000 0.73000000 4.56152600
0.15000000 0.73500000 4.52553800
0.15000000 0.74000000 4.49015300
0.15000000 0.74500000 4.45545200
0.15000000 0.75000000 4.42151700
0.15000000 0.75500000 4.38842500
0.15000000 0.76000000 4.35625700
0.15000000 0.76500000 4.32508800
0.15000000 0.77000000 4.29499500
0.15000000 0.77500000 4.26605100
0.15000000 0.78000000 4.23832800
0.15000000 0.78500000 4.21189500
0.15000000 0.79000000 4.18682100
0.15000000 0.79500000 4.16316900
0.15000000 0.80000000 4.14100200
0.15000000 0.80500000 4.12037800
0.15000000 0.81000000 4.10135400
0.15000000 0.81500000 4.08398300
0.15000000 0.82000000 4.06831300
0.15000000 0.82500000 4.05439000
0.15000000 0.83000000 4.04225600
0.15000000 0.83500000 4.03195000
0.15000000 0.84000000 4.02350400
0.15000000 0.84500000 4.01695000
0.15000000 0.85000000 4.01231200
0.15000000 0.85500000 4.00961100
0.15000000 0.86000000 4.00886500
0.15500000 0.00000000 5.69093600
0.15500000 0.00500000 5.68570100
0.15500000 0.01000000 5.67999500
0.15500000 0.01500000 5.67382300
0.15500000 0.02000000 5.66718800
0.15500000 0.02500000 5.66010000
0.15500000 0.03000000 5.65256600
0.15500000 0.03500000 5.64459900
0.15500000 0.04000000 5.63621100
0.15500000 0.04500000 5.62741800
0.15500000 0.05000000 5.61823700
0.15500000 0.05500000 5.60868600
0.15500000 0.06000000 5.59878600
0.15500000 0.06500000 5.58856100
0.15500000 0.07000000 5.57803300
0.15500000 0.07500000 5.56722700
0.15500000 0.08000000 5.55617200
0.15500000 0.08500000 5.54489500
0.15500000 0.09000000 5.53342600
0.15500000 0.09500000 5.52179500
0.15500000 0.10000000 5.51003400
0.15500000 0.10500000 5.49817600
0.15500000 0.11000000 5.48625400
0.15500000 0.11500000 5.47430300
0.15500000 0.12000000 5.46235700
0.15500000 0.12500000 5.45045100
0.15500000 0.13000000 5.43862200
0.15500000 0.13500000 5.42690400
0.15500000 0.14000000 5.41533400
0.15500000 0.14500000 5.40394900
0.15500000 0.15000000 5.39278300
0.15500000 0.15500000 5.38187200
0.15500000 0.16000000 5.37125200
0.15500000 0.16500000 5.36095600
0.15500000 0.17000000 5.35102000
0.15500000 0.17500000 5.34147600
0.15500000 0.18000000 5.33235500
0.15500000 0.18500000 5.32369100
0.15500000 0.19000000 5.31551200
0.15500000 0.19500000 5.30784700
0.15500000 0.20000000 5.30072500
0.15500000 0.20500000 5.29417000
0.15500000 0.21000000 5.28820800
0.15500000 0.21500000 5.28286000
0.15500000 0.22000000 5.27814900
0.15500000 0.22500000 5.27409200
0.15500000 0.23000000 5.27070800
0.15500000 0.23500000 5.26801000
0.15500000 0.24000000 5.26601300
0.15500000 0.24500000 5.26472600
0.15500000 0.25000000 5.26415900
0.15500000 0.63500000 5.24265200
0.15500000 0.64000000 5.21009800
0.15500000 0.64500000 5.17673400
0.15500000 0.65000000 5.14261800
0.15500000 0.65500000 5.10781200
0.15500000 0.66000000 5.07237800
0.15500000 0.66500000 5.03638100
0.15500000 0.67000000 4.99989100
0.15500000 0.67500000 4.96297600
0.15500000 0.68000000 4.92570900
0.15500000 0.68500000 4.88816500
0.15500000 0.69000000 4.85041700
0.15500000 0.69500000 4.81254400
0.15500000 0.70000000 4.77462400
0.15500000 0.70500000 4.73673600
0.15500000 0.71000000 4.69896100
0.15500000 0.71500000 4.66138000
0.15500000 0.72000000 4.62407300
0.15500000 0.72500000 4.58712500
0.15500000 0.73000000 4.55061500
0.15500000 0.73500000 4.51462700
0.15500000 0.74000000 4.47924200
0.15500000 0.74500000 4.44454200
0.15500000 0.75000000 4.41060600
0.15500000 0.75500000 4.37751500
0.15500000 0.76000000 4.34534600
0.15500000 0.76500000 4.31417700
0.15500000 0.77000000 4.28408400
0.15500000 0.77500000 4.25514000
0.15500000 0.78000000 4.22741700
0.15500000 0.78500000 4.20098400
0.15500000 0.79000000 4.17591000
0.15500000 0.79500000 4.15225800
0.15500000 0.80000000 4.13009100
0.15500000 0.80500000 4.10946700
0.15500000 0.81000000 4.09044300
0.15500000 0.81500000 4.07307200
0.15500000 0.82000000 4.05740200
0.15500000 0.82500000 4.04347900
0.15500000 0.83000000 4.03134600
0.15500000 0.83500000 4.02103900
0.15500000 0.84000000 4.01259400
0.15500000 0.84500000 4.00603900
0.15500000 0.85000000 4.00140100
0.15500000 0.85500000 3.99870100
0.15500000 0.86000000 3.99795500
0.16000000 0.00000000 5.68031600
0.16000000 0.00500000 5.67508000
0.16000000 0.01000000 5.66937500
0.16000000 0.01500000 5.66320200
0.16000000 0.02000000 5.65656800
0.16000000 0.02500000 5.64948000
0.16000000 0.03000000 5.64194600
0.16000000 0.03500000 5.63397900
0.16000000 0.04000000 5.62559100
0.16000000 0.04500000 5.61679800
0.16000000 0.05000000 5.60761600
0.16000000 0.05500000 5.59806500
0.16000000 0.06000000 5.58816600
0.16000000 0.06500000 5.57794000
0.16000000 0.07000000 5.56741200
0.16000000 0.07500000 5.55660700
0.16000000 0.08000000 5.54555200
0.16000000 0.08500000 5.53427500
0.16000000 0.09000000 5.52280600
0.16000000 0.09500000 5.51117500
0.16000000 0.10000000 5.49941400
0.16000000 0.10500000 5.48755600
0.16000000 0.11000000 5.47563400
0.16000000 0.11500000 5.46368300
0.16000000 0.12000000 5.45173600
0.16000000 0.12500000 5.43983100
0.16000000 0.13000000 5.42800100
0.16000000 0.13500000 5.41628400
0.16000000 0.14000000 5.40471400
0.16000000 0.14500000 5.39332800
0.16000000 0.15000000 5.38216200
0.16000000 0.15500000 5.37125200
0.16000000 0.16000000 5.36063100
0.16000000 0.16500000 5.35033600
0.16000000 0.17000000 5.34040000
0.16000000 0.17500000 5.33085500
0.16000000 0.18000000 5.32173500
0.16000000 0.18500000 5.31307000
0.16000000 0.19000000 5.30489200
0.16000000 0.19500000 5.29722700
0.16000000 0.20000000 5.29010400
0.16000000 0.20500000 5.28355000
0.16000000 0.21000000 5.27758700
0.16000000 0.21500000 5.27224000
0.16000000 0.22000000 5.26752800
0.16000000 0.22500000 5.26347200
0.16000000 0.23000000 5.26008700
0.16000000 0.23500000 5.25739000
0.16000000 0.24000000 5.25539300
0.16000000 0.24500000 5.25410600
0.16000000 0.25000000 5.25353900
0.16000000 0.63500000 5.23203100
0.16000000 0.64000000 5.19947700
0.16000000 0.64500000 5.16611400
0.16000000 0.65000000 5.13199800
0.16000000 0.65500000 5.09719200
0.16000000 0.66000000 5.06175700
0.16000000 0.66500000 5.02576100
0.16000000 0.67000000 4.98927100
0.16000000 0.67500000 4.95235600
0.16000000 0.68000000 4.91508900
0.16000000 0.68500000 4.87754400
0.16000000 0.69000000 4.83979700
0.16000000 0.69500000 4.80192400
0.16000000 0.70000000 4.76400400
0.16000000 0.70500000 4.72611600
0.16000000 0.71000000 4.68834100
0.16000000 0.71500000 4.65075900
0.16000000 0.72000000 4.61345300
0.16000000 0.72500000 4.57650400
0.16000000 0.73000000 4.53999500
0.16000000 0.73500000 4.50400700
0.16000000 0.74000000 4.46862200
0.16000000 0.74500000 4.43392100
0.16000000 0.75000000 4.39998600
0.16000000 0.75500000 4.36689400
0.16000000 0.76000000 4.33472600
0.16000000 0.76500000 4.30355700
0.16000000 0.77000000 4.27346400
0.16000000 0.77500000 4.24452000
0.16000000 0.78000000 4.21679700
0.16000000 0.78500000 4.19036400
0.16000000 0.79000000 4.16529000
0.16000000 0.79500000 4.14163800
0.16000000 0.80000000 4.11947100
0.16000000 0.80500000 4.09884700
0.16000000 0.81000000 4.07982300
0.16000000 0.81500000 4.06245200
0.16000000 0.82000000 4.04678200
0.16000000 0.82500000 4.03285900
0.16000000 0.83000000 4.02072500
0.16000000 0.83500000 4.01041900
0.16000000 0.84000000 4.00197300
0.16000000 0.84500000 3.99541900
0.16000000 0.85000000 3.99078100
0.16000000 0.85500000 3.98808000
0.16000000 0.86000000 3.98733400
0.16500000 0.00000000 5.67002000
0.16500000 0.00500000 5.66478500
0.16500000 0.01000000 5.65907900
0.16500000 0.01500000 5.65290700
0.16500000 0.02000000 5.64627300
0.16500000 0.02500000 5.63918400
0.16500000 0.03000000 5.63165100
0.16500000 0.03500000 5.62368300
0.16500000 0.04000000 5.61529500
0.16500000 0.04500000 5.60650200
0.16500000 0.05000000 5.59732100
0.16500000 0.05500000 5.58777000
0.16500000 0.06000000 5.57787100
0.16500000 0.06500000 5.56764500
0.16500000 0.07000000 5.55711700
0.16500000 0.07500000 5.54631200
0.16500000 0.08000000 5.53525700
0.16500000 0.08500000 5.52398000
0.16500000 0.09000000 5.51251000
0.16500000 0.09500000 5.50087900
0.16500000 0.10000000 5.48911900
0.16500000 0.10500000 5.47726100
0.16500000 0.11000000 5.46533900
0.16500000 0.11500000 5.45338700
0.16500000 0.12000000 5.44144100
0.16500000 0.12500000 5.42953500
0.16500000 0.13000000 5.41770600
0.16500000 0.13500000 5.40598800
0.16500000 0.14000000 5.39441900
0.16500000 0.14500000 5.38303300
0.16500000 0.15000000 5.37186700
0.16500000 0.15500000 5.36095600
0.16500000 0.16000000 5.35033600
0.16500000 0.16500000 5.34004100
0.16500000 0.17000000 5.33010400
0.16500000 0.17500000 5.32056000
0.16500000 0.18000000 5.31144000
0.16500000 0.18500000 5.30277500
0.16500000 0.19000000 5.29459600
0.16500000 0.19500000 5.28693200
0.16500000 0.20000000 5.27980900
0.16500000 0.20500000 5.27325400
0.16500000 0.21000000 5.26729200
0.16500000 0.21500000 5.26194400
0.16500000 0.22000000 5.25723300
0.16500000 0.22500000 5.25317600
0.16500000 0.23000000 5.24979200
0.16500000 0.23500000 5.24709400
0.16500000 0.24000000 5.24509700
0.16500000 0.24500000 5.24381100
0.16500000 0.25000000 5.24324400
0.16500000 0.63500000 5.22173600
0.16500000 0.64000000 5.18918200
0.16500000 0.64500000 5.15581800
0.16500000 0.65000000 5.12170300
0.16500000 0.65500000 5.08689600
0.16500000 0.66000000 5.05146200
0.16500000 0.66500000 5.01546600
0.16500000 0.67000000 4.97897500
0.16500000 0.67500000 4.94206000
0.16500000 0.68000000 4.90479400
0.16500000 0.68500000 4.86724900
0.16500000 0.69000000 4.82950200
0.16500000 0.69500000 4.79162900
0.16500000 0.70000000 4.75370800
0.16500000 0.70500000 4.71582100
0.16500000 0.71000000 4.67804500
0.16500000 0.71500000 4.64046400
0.16500000 0.72000000 4.60315800
0.16500000 0.72500000 4.56620900
0.16500000 0.73000000 4.52969900
0.16500000 0.73500000 4.49371100
0.16500000 0.74000000 4.45832700
0.16500000 0.74500000 4.42362600
0.16500000 0.75000000 4.38969000
0.16500000 0.75500000 4.35659900
0.16500000 0.76000000 4.32443000
0.16500000 0.76500000 4.29326200
0.16500000 0.77000000 4.26316800
0.16500000 0.77500000 4.23422400
0.16500000 0.78000000 4.20650100
0.16500000 0.78500000 4.18006900
0.16500000 0.79000000 4.15499400
0.16500000 0.79500000 4.13134200
0.16500000 0.80000000 4.10917500
0.16500000 0.80500000 4.08855200
0.16500000 0.81000000 4.06952800
0.16500000 0.81500000 4.05215600
0.16500000 0.82000000 4.03648600
0.16500000 0.82500000 4.02256400
0.16500000 0.83000000 4.01043000
0.16500000 0.83500000 4.00012300
0.16500000 0.84000000 3.99167800
0.16500000 0.84500000 3.98512300
0.16500000 0.85000000 3.98048500
0.16500000 0.85500000 3.97778500
0.16500000 0.86000000 3.97703900
0.17000000 0.00000000 5.66008400
0.17000000 0.00500000 5.65484800
0.17000000 0.01000000 5.64914300
0.17000000 0.01500000 5.64297000
0.17000000 0.02000000 5.63633600
0.17000000 0.02500000 5.62924800
0.17000000 0.03000000 5.62171400
0.17000000 0.03500000 5.61374700
0.17000000 0.04000000 5.60535900
0.17000000 0.04500000 5.59656600
0.17000000 0.05000000 5.58738400
0.17000000 0.05500000 5.57783400
0.17000000 0.06000000 5.56793400
0.17000000 0.06500000 5.55770900
0.17000000 0.07000000 5.54718000
0.17000000 0.07500000 5.53637500
0.17000000 0.08000000 5.52532000
0.17000000 0.08500000 5.51404300
0.17000000 0.09000000 5.50257400
0.17000000 0.09500000 5.49094300
0.17000000 0.10000000 5.47918200
0.17000000 0.10500000 5.46732400
0.17000000 0.11000000 5.45540200
0.17000000 0.11500000 5.44345100
0.17000000 0.12000000 5.43150500
0.17000000 0.12500000 5.41959900
0.17000000 0.13000000 5.40776900
0.17000000 0.13500000 5.39605200
0.17000000 0.14000000 5.38448200
0.17000000 0.14500000 5.37309700
0.17000000 0.15000000 5.36193100
0.17000000 0.15500000 5.35102000
0.17000000 0.16000000 5.34040000
0.17000000 0.16500000 5.33010400
0.17000000 0.17000000 5.32016800
0.17000000 0.17500000 5.31062300
0.17000000 0.18000000 5.30150300
0.17000000 0.18500000 5.29283900
0.17000000 0.19000000 5.28466000
0.17000000 0.19500000 5.27699500
0.17000000 0.20000000 5.26987300
0.17000000 0.20500000 5.26331800
0.17000000 0.21000000 5.25735500
0.17000000 0.21500000 5.25200800
0.17000000 0.22000000 5.24729600
0.17000000 0.22500000 5.24324000
0.17000000 0.23000000 5.23985500
0.17000000 0.23500000 5.23715800
0.17000000 0.24000000 5.23516100
0.17000000 0.24500000 5.23387400
0.17000000 0.25000000 5.23330700
0.17000000 0.63500000 5.21179900
0.17000000 0.64000000 5.17924500
0.17000000 0.64500000 5.14588200
0.17000000 0.65000000 5.11176600
0.17000000 0.65500000 5.07696000
0.17000000 0.66000000 5.04152600
0.17000000 0.66500000 5.00552900
0.17000000 0.67000000 4.96903900
0.17000000 0.67500000 4.93212400
0.17000000 0.68000000 4.89485700
0.17000000 0.68500000 4.85731200
0.17000000 0.69000000 4.81956500
0.17000000 0.69500000 4.78169200
0.17000000 0.70000000 4.74377200
0.17000000 0.70500000 4.70588400
0.17000000 0.71000000 4.66810900
0.17000000 0.71500000 4.63052700
0.17000000 0.72000000 4.59322100
0.17000000 0.72500000 4.55627200
0.17000000 0.73000000 4.51976300
0.17000000 0.73500000 4.48377500
0.17000000 0.74000000 4.44839000
0.17000000 0.74500000 4.41369000
0.17000000 0.75000000 4.37975400
0.17000000 0.75500000 4.34666200
0.17000000 0.76000000 4.31449400
0.17000000 0.76500000 4.28332500
0.17000000 0.77000000 4.25323200
0.17000000 0.77500000 4.22428800
0.17000000 0.78000000 4.19656500
0.17000000 0.78500000 4.17013200
0.17000000 0.79000000 4.14505800
0.17000000 0.79500000 4.12140600
0.17000000 0.80000000 4.09923900
0.17000000 0.80500000 4.07861500
0.17000000 0.81000000 4.05959100
0.17000000 0.81500000 4.04222000
0.17000000 0.82000000 4.02655000
0.17000000 0.82500000 4.01262700
0.17000000 0.83000000 4.00049300
0.17000000 0.83500000 3.99018700
0.17000000 0.84000000 3.98174100
0.17000000 0.84500000 3.97518700
0.17000000 0.85000000 3.97054900
0.17000000 0.85500000 3.96784800
0.17000000 0.86000000 3.96710200
0.17500000 0.00000000 5.65053900
0.17500000 0.00500000 5.64530400
0.17500000 0.01000000 5.63959800
0.17500000 0.01500000 5.63342600
0.17500000 0.02000000 5.62679200
0.17500000 0.02500000 5.61970300
0.17500000 0.03000000 5.61217000
0.17500000 0.03500000 5.60420200
0.17500000 0.04000000 5.59581400
0.17500000 0.04500000 5.58702100
0.17500000 0.05000000 5.57784000
0.17500000 0.05500000 5.56828900
0.17500000 0.06000000 5.55839000
0.17500000 0.06500000 5.54816400
0.17500000 0.07000000 5.53763600
0.17500000 0.07500000 5.52683100
0.17500000 0.08000000 5.51577600
0.17500000 0.08500000 5.50449900
0.17500000 0.09000000 5.49302900
0.17500000 0.09500000 5.48139900
0.17500000 0.10000000 5.46963800
0.17500000 0.10500000 5.45778000
0.17500000 0.11000000 5.44585800
0.17500000 0.11500000 5.43390600
0.17500000 0.12000000 5.42196000
0.17500000 0.12500000 5.41005500
0.17500000 0.13000000 5.39822500
0.17500000 0.13500000 5.38650700
0.17500000 0.14000000 5.37493800
0.17500000 0.14500000 5.36355200
0.17500000 0.15000000 5.35238600
0.17500000 0.15500000 5.34147600
0.17500000 0.16000000 5.33085500
0.17500000 0.16500000 5.32056000
0.17500000 0.17000000 5.31062300
0.17500000 0.17500000 5.30107900
0.17500000 0.18000000 5.29195900
0.17500000 0.18500000 5.28329400
0.17500000 0.19000000 5.27511500
0.17500000 0.19500000 5.26745100
0.17500000 0.20000000 5.26032800
0.17500000 0.20500000 5.25377300
0.17500000 0.21000000 5.24781100
0.17500000 0.21500000 5.24246400
0.17500000 0.22000000 5.23775200
0.17500000 0.22500000 5.23369500
0.17500000 0.23000000 5.23031100
0.17500000 0.23500000 5.22761400
0.17500000 0.24000000 5.22561600
0.17500000 0.24500000 5.22433000
0.17500000 0.25000000 5.22376300
0.17500000 0.63500000 5.20225500
0.17500000 0.64000000 5.16970100
0.17500000 0.64500000 5.13633700
0.17500000 0.65000000 5.10222200
0.17500000 0.65500000 5.06741500
0.17500000 0.66000000 5.03198100
0.17500000 0.66500000 4.99598500
0.17500000 0.67000000 4.95949400
0.17500000 0.67500000 4.92258000
0.17500000 0.68000000 4.88531300
0.17500000 0.68500000 4.84776800
0.17500000 0.69000000 4.81002100
0.17500000 0.69500000 4.77214800
0.17500000 0.70000000 4.73422800
0.17500000 0.70500000 4.69634000
0.17500000 0.71000000 4.65856400
0.17500000 0.71500000 4.62098300
0.17500000 0.72000000 4.58367700
0.17500000 0.72500000 4.54672800
0.17500000 0.73000000 4.51021900
0.17500000 0.73500000 4.47423100
0.17500000 0.74000000 4.43884600
0.17500000 0.74500000 4.40414500
0.17500000 0.75000000 4.37020900
0.17500000 0.75500000 4.33711800
0.17500000 0.76000000 4.30494900
0.17500000 0.76500000 4.27378100
0.17500000 0.77000000 4.24368700
0.17500000 0.77500000 4.21474300
0.17500000 0.78000000 4.18702000
0.17500000 0.78500000 4.16058800
0.17500000 0.79000000 4.13551300
0.17500000 0.79500000 4.11186100
0.17500000 0.80000000 4.08969400
0.17500000 0.80500000 4.06907100
0.17500000 0.81000000 4.05004700
0.17500000 0.81500000 4.03267500
0.17500000 0.82000000 4.01700500
0.17500000 0.82500000 4.00308300
0.17500000 0.83000000 3.99094900
0.17500000 0.83500000 3.98064200
0.17500000 0.84000000 3.97219700
0.17500000 0.84500000 3.96564200
0.17500000 0.85000000 3.96100400
0.17500000 0.85500000 3.95830400
0.17500000 0.86000000 3.95755800
0.18000000 0.00000000 5.64141900
0.18000000 0.00500000 5.63618400
0.18000000 0.01000000 5.63047800
0.18000000 0.01500000 5.62430600
0.18000000 0.02000000 5.61767200
0.18000000 0.02500000 5.61058300
0.18000000 0.03000000 5.60305000
0.18000000 0.03500000 5.59508200
0.18000000 0.04000000 5.58669400
0.18000000 0.04500000 5.57790100
0.18000000 0.05000000 5.56872000
0.18000000 0.05500000 5.55916900
0.18000000 0.06000000 5.54927000
0.18000000 0.06500000 5.53904400
0.18000000 0.07000000 5.52851600
0.18000000 0.07500000 5.51771100
0.18000000 0.08000000 5.50665600
0.18000000 0.08500000 5.49537900
0.18000000 0.09000000 5.48390900
0.18000000 0.09500000 5.47227800
0.18000000 0.10000000 5.46051800
0.18000000 0.10500000 5.44866000
0.18000000 0.11000000 5.43673800
0.18000000 0.11500000 5.42478600
0.18000000 0.12000000 5.41284000
0.18000000 0.12500000 5.40093400
0.18000000 0.13000000 5.38910500
0.18000000 0.13500000 5.37738700
0.18000000 0.14000000 5.36581800
0.18000000 0.14500000 5.35443200
0.18000000 0.15000000 5.34326600
0.18000000 0.15500000 5.33235500
0.18000000 0.16000000 5.32173500
0.18000000 0.16500000 5.31144000
0.18000000 0.17000000 5.30150300
0.18000000 0.17500000 5.29195900
0.18000000 0.18000000 5.28283900
0.18000000 0.18500000 5.27417400
0.18000000 0.19000000 5.26599500
0.18000000 0.19500000 5.25833100
0.18000000 0.20000000 5.25120800
0.18000000 0.20500000 5.24465300
0.18000000 0.21000000 5.23869100
0.18000000 0.21500000 5.23334300
0.18000000 0.22000000 5.22863200
0.18000000 0.22500000 5.22457500
0.18000000 0.23000000 5.22119100
0.18000000 0.23500000 5.21849300
0.18000000 0.24000000 5.21649600
0.18000000 0.24500000 5.21521000
0.18000000 0.25000000 5.21464300
0.18000000 0.63500000 5.19313500
0.18000000 0.64000000 5.16058100
0.18000000 0.64500000 5.12721700
0.18000000 0.65000000 5.09310200
0.18000000 0.65500000 5.05829500
0.18000000 0.66000000 5.02286100
0.18000000 0.66500000 4.98686500
0.18000000 0.67000000 4.95037400
0.18000000 0.67500000 4.91345900
0.18000000 0.68000000 4.87619300
0.18000000 0.68500000 4.83864800
0.18000000 0.69000000 4.80090100
0.18000000 0.69500000 4.76302800
0.18000000 0.70000000 4.72510700
0.18000000 0.70500000 4.68722000
0.18000000 0.71000000 4.64944400
0.18000000 0.71500000 4.61186300
0.18000000 0.72000000 4.57455700
0.18000000 0.72500000 4.53760800
0.18000000 0.73000000 4.50109800
0.18000000 0.73500000 4.46511000
0.18000000 0.74000000 4.42972600
0.18000000 0.74500000 4.39502500
0.18000000 0.75000000 4.36108900
0.18000000 0.75500000 4.32799800
0.18000000 0.76000000 4.29582900
0.18000000 0.76500000 4.26466100
0.18000000 0.77000000 4.23456700
0.18000000 0.77500000 4.20562300
0.18000000 0.78000000 4.17790000
0.18000000 0.78500000 4.15146800
0.18000000 0.79000000 4.12639300
0.18000000 0.79500000 4.10274100
0.18000000 0.80000000 4.08057400
0.18000000 0.80500000 4.05995100
0.18000000 0.81000000 4.04092700
0.18000000 0.81500000 4.02355500
0.18000000 0.82000000 4.00788500
0.18000000 0.82500000 3.99396300
0.18000000 0.83000000 3.98182900
0.18000000 0.83500000 3.97152200
0.18000000 0.84000000 3.96307700
0.18000000 0.84500000 3.95652200
0.18000000 0.85000000 3.95188400
0.18000000 0.85500000 3.94918400
0.18000000 0.86000000 3.94843800
0.18500000 0.00000000 5.63275500
0.18500000 0.00500000 5.62751900
0.18500000 0.01000000 5.62181400
0.18500000 0.01500000 5.61564100
0.18500000 0.02000000 5.60900700
0.18500000 0.02500000 5.60191900
0.18500000 0.03000000 5.59438500
0.18500000 0.03500000 5.58641800
0.18500000 0.04000000 5.57803000
0.18500000 0.04500000 5.56923700
0.18500000 0.05000000 5.56005500
0.18500000 0.05500000 5.55050500
0.18500000 0.06000000 5.54060500
0.18500000 0.06500000 5.53037900
0.18500000 0.07000000 5.51985100
0.18500000 0.07500000 5.50904600
0.18500000 0.08000000 5.49799100
0.18500000 0.08500000 5.48671400
0.18500000 0.09000000 5.47524500
0.18500000 0.09500000 5.46361400
0.18500000 0.10000000 5.45185300
0.18500000 0.10500000 5.43999500
0.18500000 0.11000000 5.42807300
0.18500000 0.11500000 5.41612200
0.18500000 0.12000000 5.40417600
0.18500000 0.12500000 5.39227000
0.18500000 0.13000000 5.38044000
0.18500000 0.13500000 5.36872300
0.18500000 0.14000000 5.35715300
0.18500000 0.14500000 5.34576700
0.18500000 0.15000000 5.33460200
0.18500000 0.15500000 5.32369100
0.18500000 0.16000000 5.31307000
0.18500000 0.16500000 5.30277500
0.18500000 0.17000000 5.29283900
0.18500000 0.17500000 5.28329400
0.18500000 0.18000000 5.27417400
0.18500000 0.18500000 5.26551000
0.18500000 0.19000000 5.25733100
0.18500000 0.19500000 5.24966600
0.18500000 0.20000000 5.24254300
0.18500000 0.20500000 5.23598900
0.18500000 0.21000000 5.23002600
0.18500000 0.21500000 5.22467900
0.18500000 0.22000000 5.21996700
0.18500000 0.22500000 5.21591100
0.18500000 0.23000000 5.21252600
0.18500000 0.23500000 5.20982900
0.18500000 0.24000000 5.20783200
0.18500000 0.24500000 5.20654500
0.18500000 0.25000000 5.20597800
0.18500000 0.63500000 5.18447000
0.18500000 0.64000000 5.15191600
0.18500000 0.64500000 5.11855300
0.18500000 0.65000000 5.08443700
0.18500000 0.65500000 5.04963100
0.18500000 0.66000000 5.01419700
0.18500000 0.66500000 4.97820000
0.18500000 0.67000000 4.94171000
0.18500000 0.67500000 4.90479500
0.18500000 0.68000000 4.86752800
0.18500000 0.68500000 4.82998300
0.18500000 0.69000000 4.79223600
0.18500000 0.69500000 4.75436300
0.18500000 0.70000000 4.71644300
0.18500000 0.70500000 4.67855500
0.18500000 0.71000000 4.64078000
0.18500000 0.71500000 4.60319800
0.18500000 0.72000000 4.56589200
0.18500000 0.72500000 4.52894300
0.18500000 0.73000000 4.49243400
0.18500000 0.73500000 4.45644600
0.18500000 0.74000000 4.42106100
0.18500000 0.74500000 4.38636000
0.18500000 0.75000000 4.35242500
0.18500000 0.75500000 4.31933300
0.18500000 0.76000000 4.28716500
0.18500000 0.76500000 4.25599600
0.18500000 0.77000000 4.22590300
0.18500000 0.77500000 4.19695900
0.18500000 0.78000000 4.16923600
0.18500000 0.78500000 4.14280300
0.18500000 0.79000000 4.11772900
0.18500000 0.79500000 4.09407700
0.18500000 0.80000000 4.07191000
0.18500000 0.80500000 4.05128600
0.18500000 0.81000000 4.03226200
0.18500000 0.81500000 4.01489100
0.18500000 0.82000000 3.99922100
0.18500000 0.82500000 3.98529800
0.18500000 0.83000000 3.97316400
0.18500000 0.83500000 3.96285800
0.18500000 0.84000000 3.95441200
0.18500000 0.84500000 3.94785800
0.18500000 0.85000000 3.94322000
0.18500000 0.85500000 3.94051900
0.18500000 0.86000000 3.93977300
0.19000000 0.00000000 5.62457600
0.19000000 0.00500000 5.61934000
0.19000000 0.01000000 5.61363500
0.19000000 0.01500000 5.60746200
0.19000000 0.02000000 5.60082800
0.19000000 0.02500000 5.59374000
0.19000000 0.03000000 5.58620600
0.19000000 0.03500000 5.57823900
0.19000000 0.04000000 5.56985100
0.19000000 0.04500000 5.56105800
0.19000000 0.05000000 5.55187600
0.19000000 0.05500000 5.54232600
0.19000000 0.06000000 5.53242600
0.19000000 0.06500000 5.52220000
0.19000000 0.07000000 5.51167200
0.19000000 0.07500000 5.50086700
0.19000000 0.08000000 5.48981200
0.19000000 0.08500000 5.47853500
0.19000000 0.09000000 5.46706600
0.19000000 0.09500000 5.45543500
0.19000000 0.10000000 5.44367400
0.19000000 0.10500000 5.43181600
0.19000000 0.11000000 5.41989400
0.19000000 0.11500000 5.40794300
0.19000000 0.12000000 5.39599700
0.19000000 0.12500000 5.38409100
0.19000000 0.13000000 5.37226100
0.19000000 0.13500000 5.36054400
0.19000000 0.14000000 5.34897400
0.19000000 0.14500000 5.33758900
0.19000000 0.15000000 5.32642300
0.19000000 0.15500000 5.31551200
0.19000000 0.16000000 5.30489200
0.19000000 0.16500000 5.29459600
0.19000000 0.17000000 5.28466000
0.19000000 0.17500000 5.27511500
0.19000000 0.18000000 5.26599500
0.19000000 0.18500000 5.25733100
0.19000000 0.19000000 5.24915200
0.19000000 0.19500000 5.24148700
0.19000000 0.20000000 5.23436500
0.19000000 0.20500000 5.22781000
0.19000000 0.21000000 5.22184700
0.19000000 0.21500000 5.21650000
0.19000000 0.22000000 5.21178800
0.19000000 0.22500000 5.20773200
0.19000000 0.23000000 5.20434700
0.19000000 0.23500000 5.20165000
0.19000000 0.24000000 5.19965300
0.19000000 0.24500000 5.19836600
0.19000000 0.25000000 5.19779900
0.19000000 0.63500000 5.17629100
0.19000000 0.64000000 5.14373700
0.19000000 0.64500000 5.11037400
0.19000000 0.65000000 5.07625800
0.19000000 0.65500000 5.04145200
0.19000000 0.66000000 5.00601800
0.19000000 0.66500000 4.97002100
0.19000000 0.67000000 4.93353100
0.19000000 0.67500000 4.89661600
0.19000000 0.68000000 4.85934900
0.19000000 0.68500000 4.82180400
0.19000000 0.69000000 4.78405700
0.19000000 0.69500000 4.74618400
0.19000000 0.70000000 4.70826400
0.19000000 0.70500000 4.67037600
0.19000000 0.71000000 4.63260100
0.19000000 0.71500000 4.59501900
0.19000000 0.72000000 4.55771300
0.19000000 0.72500000 4.52076400
0.19000000 0.73000000 4.48425500
0.19000000 0.73500000 4.44826700
0.19000000 0.74000000 4.41288200
0.19000000 0.74500000 4.37818100
0.19000000 0.75000000 4.34424600
0.19000000 0.75500000 4.31115400
0.19000000 0.76000000 4.27898600
0.19000000 0.76500000 4.24781700
0.19000000 0.77000000 4.21772400
0.19000000 0.77500000 4.18878000
0.19000000 0.78000000 4.16105700
0.19000000 0.78500000 4.13462400
0.19000000 0.79000000 4.10955000
0.19000000 0.79500000 4.08589800
0.19000000 0.80000000 4.06373100
0.19000000 0.80500000 4.04310700
0.19000000 0.81000000 4.02408300
0.19000000 0.81500000 4.00671200
0.19000000 0.82000000 3.99104200
0.19000000 0.82500000 3.97711900
0.19000000 0.83000000 3.96498500
0.19000000 0.83500000 3.95467900
0.19000000 0.84000000 3.94623300
0.19000000 0.84500000 3.93967900
0.19000000 0.85000000 3.93504100
0.19000000 0.85500000 3.93234000
0.19000000 0.86000000 3.93159400
0.19500000 0.00000000 5.61691100
0.19500000 0.00500000 5.61167600
0.19500000 0.01000000 5.60597000
0.19500000 0.01500000 5.59979800
0.19500000 0.02000000 5.59316400
0.19500000 0.02500000 5.58607500
0.19500000 0.03000000 5.57854200
0.19500000 0.03500000 5.57057400
0.19500000 0.04000000 5.56218600
0.19500000 0.04500000 5.55339300
0.19500000 0.05000000 5.54421200
0.19500000 0.05500000 5.53466100
0.19500000 0.06000000 5.52476200
0.19500000 0.06500000 5.51453600
0.19500000 0.07000000 5.50400800
0.19500000 0.07500000 5.49320300
0.19500000 0.08000000 5.48214800
0.19500000 0.08500000 5.47087100
0.19500000 0.09000000 5.45940100
0.19500000 0.09500000 5.44777000
0.19500000 0.10000000 5.43601000
0.19500000 0.10500000 5.42415200
0.19500000 0.11000000 5.41223000
0.19500000 0.11500000 5.40027800
0.19500000 0.12000000 5.38833200
0.19500000 0.12500000 5.37642600
0.19500000 0.13000000 5.36459700
0.19500000 0.13500000 5.35287900
0.19500000 0.14000000 5.34131000
0.19500000 0.14500000 5.32992400
0.19500000 0.15000000 5.31875800
0.19500000 0.15500000 5.30784700
0.19500000 0.16000000 5.29722700
0.19500000 0.16500000 5.28693200
0.19500000 0.17000000 5.27699500
0.19500000 0.17500000 5.26745100
0.19500000 0.18000000 5.25833100
0.19500000 0.18500000 5.24966600
0.19500000 0.19000000 5.24148700
0.19500000 0.19500000 5.23382300
0.19500000 0.20000000 5.22670000
0.19500000 0.20500000 5.22014500
0.19500000 0.21000000 5.21418300
0.19500000 0.21500000 5.20883500
0.19500000 0.22000000 5.20412400
0.19500000 0.22500000 5.20006700
0.19500000 0.23000000 5.19668300
0.19500000 0.23500000 5.19398500
0.19500000 0.24000000 5.19198800
0.19500000 0.24500000 5.19070200
0.19500000 0.25000000 5.19013500
0.19500000 0.63500000 5.16862700
0.19500000 0.64000000 5.13607300
0.19500000 0.64500000 5.10270900
0.19500000 0.65000000 5.06859400
0.19500000 0.65500000 5.03378700
0.19500000 0.66000000 4.99835300
0.19500000 0.66500000 4.96235700
0.19500000 0.67000000 4.92586600
0.19500000 0.67500000 4.88895100
0.19500000 0.68000000 4.85168500
0.19500000 0.68500000 4.81414000
0.19500000 0.69000000 4.77639200
0.19500000 0.69500000 4.73852000
0.19500000 0.70000000 4.70059900
0.19500000 0.70500000 4.66271200
0.19500000 0.71000000 4.62493600
0.19500000 0.71500000 4.58735500
0.19500000 0.72000000 4.55004900
0.19500000 0.72500000 4.51310000
0.19500000 0.73000000 4.47659000
0.19500000 0.73500000 4.44060200
0.19500000 0.74000000 4.40521800
0.19500000 0.74500000 4.37051700
0.19500000 0.75000000 4.33658100
0.19500000 0.75500000 4.30349000
0.19500000 0.76000000 4.27132100
0.19500000 0.76500000 4.24015300
0.19500000 0.77000000 4.21005900
0.19500000 0.77500000 4.18111500
0.19500000 0.78000000 4.15339200
0.19500000 0.78500000 4.12696000
0.19500000 0.79000000 4.10188500
0.19500000 0.79500000 4.07823300
0.19500000 0.80000000 4.05606600
0.19500000 0.80500000 4.03544300
0.19500000 0.81000000 4.01641900
0.19500000 0.81500000 3.99904700
0.19500000 0.82000000 3.98337700
0.19500000 0.82500000 3.96945500
0.19500000 0.83000000 3.95732100
0.19500000 0.83500000 3.94701400
0.19500000 0.84000000 3.93856900
0.19500000 0.84500000 3.93201400
0.19500000 0.85000000 3.92737600
0.19500000 0.85500000 3.92467600
0.19500000 0.86000000 3.92393000
0.20000000 0.00000000 5.60978900
0.20000000 0.00500000 5.60455300
0.20000000 0.01000000 5.59884800
0.20000000 0.01500000 5.59267500
0.20000000 0.02000000 5.58604100
0.20000000 0.02500000 5.57895300
0.20000000 0.03000000 5.57141900
0.20000000 0.03500000 5.56345200
0.20000000 0.04000000 5.55506400
0.20000000 0.04500000 5.54627100
0.20000000 0.05000000 5.53708900
0.20000000 0.05500000 5.52753800
0.20000000 0.06000000 5.51763900
0.20000000 0.06500000 5.50741300
0.20000000 0.07000000 5.49688500
0.20000000 0.07500000 5.48608000
0.20000000 0.08000000 5.47502500
0.20000000 0.08500000 5.46374800
0.20000000 0.09000000 5.45227900
0.20000000 0.09500000 5.44064800
0.20000000 0.10000000 5.42888700
0.20000000 0.10500000 5.41702900
0.20000000 0.11000000 5.40510700
0.20000000 0.11500000 5.39315600
0.20000000 0.12000000 5.38120900
0.20000000 0.12500000 5.36930400
0.20000000 0.13000000 5.35747400
0.20000000 0.13500000 5.34575700
0.20000000 0.14000000 5.33418700
0.20000000 0.14500000 5.32280100
0.20000000 0.15000000 5.31163500
0.20000000 0.15500000 5.30072500
0.20000000 0.16000000 5.29010400
0.20000000 0.16500000 5.27980900
0.20000000 0.17000000 5.26987300
0.20000000 0.17500000 5.26032800
0.20000000 0.18000000 5.25120800
0.20000000 0.18500000 5.24254300
0.20000000 0.19000000 5.23436500
0.20000000 0.19500000 5.22670000
0.20000000 0.20000000 5.21957700
0.20000000 0.20500000 5.21302300
0.20000000 0.21000000 5.20706000
0.20000000 0.21500000 5.20171300
0.20000000 0.22000000 5.19700100
0.20000000 0.22500000 5.19294500
0.20000000 0.23000000 5.18956000
0.20000000 0.23500000 5.18686300
0.20000000 0.24000000 5.18486600
0.20000000 0.24500000 5.18357900
0.20000000 0.25000000 5.18301200
0.20000000 0.63500000 5.16150400
0.20000000 0.64000000 5.12895000
0.20000000 0.64500000 5.09558700
0.20000000 0.65000000 5.06147100
0.20000000 0.65500000 5.02666500
0.20000000 0.66000000 4.99123000
0.20000000 0.66500000 4.95523400
0.20000000 0.67000000 4.91874300
0.20000000 0.67500000 4.88182900
0.20000000 0.68000000 4.84456200
0.20000000 0.68500000 4.80701700
0.20000000 0.69000000 4.76927000
0.20000000 0.69500000 4.73139700
0.20000000 0.70000000 4.69347700
0.20000000 0.70500000 4.65558900
0.20000000 0.71000000 4.61781400
0.20000000 0.71500000 4.58023200
0.20000000 0.72000000 4.54292600
0.20000000 0.72500000 4.50597700
0.20000000 0.73000000 4.46946800
0.20000000 0.73500000 4.43348000
0.20000000 0.74000000 4.39809500
0.20000000 0.74500000 4.36339400
0.20000000 0.75000000 4.32945900
0.20000000 0.75500000 4.29636700
0.20000000 0.76000000 4.26419900
0.20000000 0.76500000 4.23303000
0.20000000 0.77000000 4.20293700
0.20000000 0.77500000 4.17399300
0.20000000 0.78000000 4.14626900
0.20000000 0.78500000 4.11983700
0.20000000 0.79000000 4.09476300
0.20000000 0.79500000 4.07111100
0.20000000 0.80000000 4.04894300
0.20000000 0.80500000 4.02832000
0.20000000 0.81000000 4.00929600
0.20000000 0.81500000 3.99192500
0.20000000 0.82000000 3.97625500
0.20000000 0.82500000 3.96233200
0.20000000 0.83000000 3.95019800
0.20000000 0.83500000 3.93989200
0.20000000 0.84000000 3.93144600
0.20000000 0.84500000 3.92489200
0.20000000 0.85000000 3.92025400
0.20000000 0.85500000 3.91755300
0.20000000 0.86000000 3.91680700
0.20500000 0.00000000 5.60323400
0.20500000 0.00500000 5.59799800
0.20500000 0.01000000 5.59229300
0.20500000 0.01500000 5.58612000
0.20500000 0.02000000 5.57948600
0.20500000 0.02500000 5.57239800
0.20500000 0.03000000 5.56486400
0.20500000 0.03500000 5.55689700
0.20500000 0.04000000 5.54850900
0.20500000 0.04500000 5.53971600
0.20500000 0.05000000 5.53053400
0.20500000 0.05500000 5.52098400
0.20500000 0.06000000 5.51108400
0.20500000 0.06500000 5.50085900
0.20500000 0.07000000 5.49033000
0.20500000 0.07500000 5.47952500
0.20500000 0.08000000 5.46847000
0.20500000 0.08500000 5.45719300
0.20500000 0.09000000 5.44572400
0.20500000 0.09500000 5.43409300
0.20500000 0.10000000 5.42233200
0.20500000 0.10500000 5.41047400
0.20500000 0.11000000 5.39855200
0.20500000 0.11500000 5.38660100
0.20500000 0.12000000 5.37465500
0.20500000 0.12500000 5.36274900
0.20500000 0.13000000 5.35091900
0.20500000 0.13500000 5.33920200
0.20500000 0.14000000 5.32763200
0.20500000 0.14500000 5.31624700
0.20500000 0.15000000 5.30508100
0.20500000 0.15500000 5.29417000
0.20500000 0.16000000 5.28355000
0.20500000 0.16500000 5.27325400
0.20500000 0.17000000 5.26331800
0.20500000 0.17500000 5.25377300
0.20500000 0.18000000 5.24465300
0.20500000 0.18500000 5.23598900
0.20500000 0.19000000 5.22781000
0.20500000 0.19500000 5.22014500
0.20500000 0.20000000 5.21302300
0.20500000 0.20500000 5.20646800
0.20500000 0.21000000 5.20050600
0.20500000 0.21500000 5.19515800
0.20500000 0.22000000 5.19044700
0.20500000 0.22500000 5.18639000
0.20500000 0.23000000 5.18300500
0.20500000 0.23500000 5.18030800
0.20500000 0.24000000 5.17831100
0.20500000 0.24500000 5.17702400
0.20500000 0.25000000 5.17645700
0.20500000 0.63500000 5.15495000
0.20500000 0.64000000 5.12239600
0.20500000 0.64500000 5.08903200
0.20500000 0.65000000 5.05491600
0.20500000 0.65500000 5.02011000
0.20500000 0.66000000 4.98467600
0.20500000 0.66500000 4.94867900
0.20500000 0.67000000 4.91218900
0.20500000 0.67500000 4.87527400
0.20500000 0.68000000 4.83800700
0.20500000 0.68500000 4.80046300
0.20500000 0.69000000 4.76271500
0.20500000 0.69500000 4.72484200
0.20500000 0.70000000 4.68692200
0.20500000 0.70500000 4.64903400
0.20500000 0.71000000 4.61125900
0.20500000 0.71500000 4.57367700
0.20500000 0.72000000 4.53637100
0.20500000 0.72500000 4.49942300
0.20500000 0.73000000 4.46291300
0.20500000 0.73500000 4.42692500
0.20500000 0.74000000 4.39154000
0.20500000 0.74500000 4.35684000
0.20500000 0.75000000 4.32290400
0.20500000 0.75500000 4.28981200
0.20500000 0.76000000 4.25764400
0.20500000 0.76500000 4.22647500
0.20500000 0.77000000 4.19638200
0.20500000 0.77500000 4.16743800
0.20500000 0.78000000 4.13971500
0.20500000 0.78500000 4.11328200
0.20500000 0.79000000 4.08820800
0.20500000 0.79500000 4.06455600
0.20500000 0.80000000 4.04238900
0.20500000 0.80500000 4.02176500
0.20500000 0.81000000 4.00274100
0.20500000 0.81500000 3.98537000
0.20500000 0.82000000 3.96970000
0.20500000 0.82500000 3.95577700
0.20500000 0.83000000 3.94364400
0.20500000 0.83500000 3.93333700
0.20500000 0.84000000 3.92489200
0.20500000 0.84500000 3.91833700
0.20500000 0.85000000 3.91369900
0.20500000 0.85500000 3.91099800
0.20500000 0.86000000 3.91025200
0.21000000 0.00000000 5.59727200
0.21000000 0.00500000 5.59203600
0.21000000 0.01000000 5.58633000
0.21000000 0.01500000 5.58015800
0.21000000 0.02000000 5.57352400
0.21000000 0.02500000 5.56643500
0.21000000 0.03000000 5.55890200
0.21000000 0.03500000 5.55093400
0.21000000 0.04000000 5.54254700
0.21000000 0.04500000 5.53375300
0.21000000 0.05000000 5.52457200
0.21000000 0.05500000 5.51502100
0.21000000 0.06000000 5.50512200
0.21000000 0.06500000 5.49489600
0.21000000 0.07000000 5.48436800
0.21000000 0.07500000 5.47356300
0.21000000 0.08000000 5.46250800
0.21000000 0.08500000 5.45123100
0.21000000 0.09000000 5.43976200
0.21000000 0.09500000 5.42813100
0.21000000 0.10000000 5.41637000
0.21000000 0.10500000 5.40451200
0.21000000 0.11000000 5.39259000
0.21000000 0.11500000 5.38063800
0.21000000 0.12000000 5.36869200
0.21000000 0.12500000 5.35678700
0.21000000 0.13000000 5.34495700
0.21000000 0.13500000 5.33323900
0.21000000 0.14000000 5.32167000
0.21000000 0.14500000 5.31028400
0.21000000 0.15000000 5.29911800
0.21000000 0.15500000 5.28820800
0.21000000 0.16000000 5.27758700
0.21000000 0.16500000 5.26729200
0.21000000 0.17000000 5.25735500
0.21000000 0.17500000 5.24781100
0.21000000 0.18000000 5.23869100
0.21000000 0.18500000 5.23002600
0.21000000 0.19000000 5.22184700
0.21000000 0.19500000 5.21418300
0.21000000 0.20000000 5.20706000
0.21000000 0.20500000 5.20050600
0.21000000 0.21000000 5.19454300
0.21000000 0.21500000 5.18919600
0.21000000 0.22000000 5.18448400
0.21000000 0.22500000 5.18042700
0.21000000 0.23000000 5.17704300
0.21000000 0.23500000 5.17434600
0.21000000 0.24000000 5.17234800
0.21000000 0.24500000 5.17106200
0.21000000 0.25000000 5.17049500
0.21000000 0.63500000 5.14898700
0.21000000 0.64000000 5.11643300
0.21000000 0.64500000 5.08306900
0.21000000 0.65000000 5.04895400
0.21000000 0.65500000 5.01414800
0.21000000 0.66000000 4.97871300
0.21000000 0.66500000 4.94271700
0.21000000 0.67000000 4.90622600
0.21000000 0.67500000 4.86931200
0.21000000 0.68000000 4.83204500
0.21000000 0.68500000 4.79450000
0.21000000 0.69000000 4.75675300
0.21000000 0.69500000 4.71888000
0.21000000 0.70000000 4.68096000
0.21000000 0.70500000 4.64307200
0.21000000 0.71000000 4.60529700
0.21000000 0.71500000 4.56771500
0.21000000 0.72000000 4.53040900
0.21000000 0.72500000 4.49346000
0.21000000 0.73000000 4.45695100
0.21000000 0.73500000 4.42096300
0.21000000 0.74000000 4.38557800
0.21000000 0.74500000 4.35087700
0.21000000 0.75000000 4.31694100
0.21000000 0.75500000 4.28385000
0.21000000 0.76000000 4.25168100
0.21000000 0.76500000 4.22051300
0.21000000 0.77000000 4.19041900
0.21000000 0.77500000 4.16147500
0.21000000 0.78000000 4.13375200
0.21000000 0.78500000 4.10732000
0.21000000 0.79000000 4.08224500
0.21000000 0.79500000 4.05859400
0.21000000 0.80000000 4.03642600
0.21000000 0.80500000 4.01580300
0.21000000 0.81000000 3.99677900
0.21000000 0.81500000 3.97940700
0.21000000 0.82000000 3.96373700
0.21000000 0.82500000 3.94981500
0.21000000 0.83000000 3.93768100
0.21000000 0.83500000 3.92737500
0.21000000 0.84000000 3.91892900
0.21000000 0.84500000 3.91237500
0.21000000 0.85000000 3.90773600
0.21000000 0.85500000 3.90503600
0.21000000 0.86000000 3.90429000
0.21500000 0.00000000 5.59192400
0.21500000 0.00500000 5.58668900
0.21500000 0.01000000 5.58098300
0.21500000 0.01500000 5.57481100
0.21500000 0.02000000 5.56817600
0.21500000 0.02500000 5.56108800
0.21500000 0.03000000 5.55355400
0.21500000 0.03500000 5.54558700
0.21500000 0.04000000 5.53719900
0.21500000 0.04500000 5.52840600
0.21500000 0.05000000 5.51922500
0.21500000 0.05500000 5.50967400
0.21500000 0.06000000 5.49977400
0.21500000 0.06500000 5.48954900
0.21500000 0.07000000 5.47902100
0.21500000 0.07500000 5.46821500
0.21500000 0.08000000 5.45716000
0.21500000 0.08500000 5.44588300
0.21500000 0.09000000 5.43441400
0.21500000 0.09500000 5.42278300
0.21500000 0.10000000 5.41102200
0.21500000 0.10500000 5.39916400
0.21500000 0.11000000 5.38724200
0.21500000 0.11500000 5.37529100
0.21500000 0.12000000 5.36334500
0.21500000 0.12500000 5.35143900
0.21500000 0.13000000 5.33961000
0.21500000 0.13500000 5.32789200
0.21500000 0.14000000 5.31632200
0.21500000 0.14500000 5.30493700
0.21500000 0.15000000 5.29377100
0.21500000 0.15500000 5.28286000
0.21500000 0.16000000 5.27224000
0.21500000 0.16500000 5.26194400
0.21500000 0.17000000 5.25200800
0.21500000 0.17500000 5.24246400
0.21500000 0.18000000 5.23334300
0.21500000 0.18500000 5.22467900
0.21500000 0.19000000 5.21650000
0.21500000 0.19500000 5.20883500
0.21500000 0.20000000 5.20171300
0.21500000 0.20500000 5.19515800
0.21500000 0.21000000 5.18919600
0.21500000 0.21500000 5.18384800
0.21500000 0.22000000 5.17913700
0.21500000 0.22500000 5.17508000
0.21500000 0.23000000 5.17169600
0.21500000 0.23500000 5.16899800
0.21500000 0.24000000 5.16700100
0.21500000 0.24500000 5.16571400
0.21500000 0.25000000 5.16514700
0.21500000 0.63500000 5.14364000
0.21500000 0.64000000 5.11108600
0.21500000 0.64500000 5.07772200
0.21500000 0.65000000 5.04360600
0.21500000 0.65500000 5.00880000
0.21500000 0.66000000 4.97336600
0.21500000 0.66500000 4.93736900
0.21500000 0.67000000 4.90087900
0.21500000 0.67500000 4.86396400
0.21500000 0.68000000 4.82669700
0.21500000 0.68500000 4.78915300
0.21500000 0.69000000 4.75140500
0.21500000 0.69500000 4.71353200
0.21500000 0.70000000 4.67561200
0.21500000 0.70500000 4.63772400
0.21500000 0.71000000 4.59994900
0.21500000 0.71500000 4.56236800
0.21500000 0.72000000 4.52506100
0.21500000 0.72500000 4.48811300
0.21500000 0.73000000 4.45160300
0.21500000 0.73500000 4.41561500
0.21500000 0.74000000 4.38023000
0.21500000 0.74500000 4.34553000
0.21500000 0.75000000 4.31159400
0.21500000 0.75500000 4.27850300
0.21500000 0.76000000 4.24633400
0.21500000 0.76500000 4.21516500
0.21500000 0.77000000 4.18507200
0.21500000 0.77500000 4.15612800
0.21500000 0.78000000 4.12840500
0.21500000 0.78500000 4.10197200
0.21500000 0.79000000 4.07689800
0.21500000 0.79500000 4.05324600
0.21500000 0.80000000 4.03107900
0.21500000 0.80500000 4.01045500
0.21500000 0.81000000 3.99143100
0.21500000 0.81500000 3.97406000
0.21500000 0.82000000 3.95839000
0.21500000 0.82500000 3.94446700
0.21500000 0.83000000 3.93233400
0.21500000 0.83500000 3.92202700
0.21500000 0.84000000 3.91358200
0.21500000 0.84500000 3.90702700
0.21500000 0.85000000 3.90238900
0.21500000 0.85500000 3.89968900
0.21500000 0.86000000 3.89894300
0.22000000 0.00000000 5.58721300
0.22000000 0.00500000 5.58197700
0.22000000 0.01000000 5.57627100
0.22000000 0.01500000 5.57009900
0.22000000 0.02000000 5.56346500
0.22000000 0.02500000 5.55637600
0.22000000 0.03000000 5.54884300
0.22000000 0.03500000 5.54087500
0.22000000 0.04000000 5.53248800
0.22000000 0.04500000 5.52369400
0.22000000 0.05000000 5.51451300
0.22000000 0.05500000 5.50496200
0.22000000 0.06000000 5.49506300
0.22000000 0.06500000 5.48483700
0.22000000 0.07000000 5.47430900
0.22000000 0.07500000 5.46350400
0.22000000 0.08000000 5.45244900
0.22000000 0.08500000 5.44117200
0.22000000 0.09000000 5.42970300
0.22000000 0.09500000 5.41807200
0.22000000 0.10000000 5.40631100
0.22000000 0.10500000 5.39445300
0.22000000 0.11000000 5.38253100
0.22000000 0.11500000 5.37057900
0.22000000 0.12000000 5.35863300
0.22000000 0.12500000 5.34672800
0.22000000 0.13000000 5.33489800
0.22000000 0.13500000 5.32318000
0.22000000 0.14000000 5.31161100
0.22000000 0.14500000 5.30022500
0.22000000 0.15000000 5.28905900
0.22000000 0.15500000 5.27814900
0.22000000 0.16000000 5.26752800
0.22000000 0.16500000 5.25723300
0.22000000 0.17000000 5.24729600
0.22000000 0.17500000 5.23775200
0.22000000 0.18000000 5.22863200
0.22000000 0.18500000 5.21996700
0.22000000 0.19000000 5.21178800
0.22000000 0.19500000 5.20412400
0.22000000 0.20000000 5.19700100
0.22000000 0.20500000 5.19044700
0.22000000 0.21000000 5.18448400
0.22000000 0.21500000 5.17913700
0.22000000 0.22000000 5.17442500
0.22000000 0.22500000 5.17036800
0.22000000 0.23000000 5.16698400
0.22000000 0.23500000 5.16428700
0.22000000 0.24000000 5.16228900
0.22000000 0.24500000 5.16100300
0.22000000 0.25000000 5.16043600
0.22000000 0.63500000 5.13892800
0.22000000 0.64000000 5.10637400
0.22000000 0.64500000 5.07301000
0.22000000 0.65000000 5.03889500
0.22000000 0.65500000 5.00408900
0.22000000 0.66000000 4.96865400
0.22000000 0.66500000 4.93265800
0.22000000 0.67000000 4.89616700
0.22000000 0.67500000 4.85925300
0.22000000 0.68000000 4.82198600
0.22000000 0.68500000 4.78444100
0.22000000 0.69000000 4.74669400
0.22000000 0.69500000 4.70882100
0.22000000 0.70000000 4.67090100
0.22000000 0.70500000 4.63301300
0.22000000 0.71000000 4.59523800
0.22000000 0.71500000 4.55765600
0.22000000 0.72000000 4.52035000
0.22000000 0.72500000 4.48340100
0.22000000 0.73000000 4.44689200
0.22000000 0.73500000 4.41090400
0.22000000 0.74000000 4.37551900
0.22000000 0.74500000 4.34081800
0.22000000 0.75000000 4.30688200
0.22000000 0.75500000 4.27379100
0.22000000 0.76000000 4.24162200
0.22000000 0.76500000 4.21045400
0.22000000 0.77000000 4.18036000
0.22000000 0.77500000 4.15141600
0.22000000 0.78000000 4.12369300
0.22000000 0.78500000 4.09726100
0.22000000 0.79000000 4.07218600
0.22000000 0.79500000 4.04853500
0.22000000 0.80000000 4.02636700
0.22000000 0.80500000 4.00574400
0.22000000 0.81000000 3.98672000
0.22000000 0.81500000 3.96934800
0.22000000 0.82000000 3.95367800
0.22000000 0.82500000 3.93975600
0.22000000 0.83000000 3.92762200
0.22000000 0.83500000 3.91731600
0.22000000 0.84000000 3.90887000
0.22000000 0.84500000 3.90231600
0.22000000 0.85000000 3.89767700
0.22000000 0.85500000 3.89497700
0.22000000 0.86000000 3.89423100
0.22500000 0.00000000 5.58315600
0.22500000 0.00500000 5.57792000
0.22500000 0.01000000 5.57221500
0.22500000 0.01500000 5.56604200
0.22500000 0.02000000 5.55940800
0.22500000 0.02500000 5.55232000
0.22500000 0.03000000 5.54478600
0.22500000 0.03500000 5.53681900
0.22500000 0.04000000 5.52843100
0.22500000 0.04500000 5.51963800
0.22500000 0.05000000 5.51045600
0.22500000 0.05500000 5.50090600
0.22500000 0.06000000 5.49100600
0.22500000 0.06500000 5.48078100
0.22500000 0.07000000 5.47025200
0.22500000 0.07500000 5.45944700
0.22500000 0.08000000 5.44839200
0.22500000 0.08500000 5.43711500
0.22500000 0.09000000 5.42564600
0.22500000 0.09500000 5.41401500
0.22500000 0.10000000 5.40225400
0.22500000 0.10500000 5.39039600
0.22500000 0.11000000 5.37847400
0.22500000 0.11500000 5.36652300
0.22500000 0.12000000 5.35457700
0.22500000 0.12500000 5.34267100
0.22500000 0.13000000 5.33084100
0.22500000 0.13500000 5.31912400
0.22500000 0.14000000 5.30755400
0.22500000 0.14500000 5.29616900
0.22500000 0.15000000 5.28500300
0.22500000 0.15500000 5.27409200
0.22500000 0.16000000 5.26347200
0.22500000 0.16500000 5.25317600
0.22500000 0.17000000 5.24324000
0.22500000 0.17500000 5.23369500
0.22500000 0.18000000 5.22457500
0.22500000 0.18500000 5.21591100
0.22500000 0.19000000 5.20773200
0.22500000 0.19500000 5.20006700
0.22500000 0.20000000 5.19294500
0.22500000 0.20500000 5.18639000
0.22500000 0.21000000 5.18042700
0.22500000 0.21500000 5.17508000
0.22500000 0.22000000 5.17036800
0.22500000 0.22500000 5.16631200
0.22500000 0.23000000 5.16292700
0.22500000 0.23500000 5.16023000
0.22500000 0.24000000 5.15823300
0.22500000 0.24500000 5.15694600
0.22500000 0.25000000 5.15637900
0.22500000 0.63500000 5.13487200
0.22500000 0.64000000 5.10231700
0.22500000 0.64500000 5.06895400
0.22500000 0.65000000 5.03483800
0.22500000 0.65500000 5.00003200
0.22500000 0.66000000 4.96459800
0.22500000 0.66500000 4.92860100
0.22500000 0.67000000 4.89211100
0.22500000 0.67500000 4.85519600
0.22500000 0.68000000 4.81792900
0.22500000 0.68500000 4.78038500
0.22500000 0.69000000 4.74263700
0.22500000 0.69500000 4.70476400
0.22500000 0.70000000 4.66684400
0.22500000 0.70500000 4.62895600
0.22500000 0.71000000 4.59118100
0.22500000 0.71500000 4.55359900
0.22500000 0.72000000 4.51629300
0.22500000 0.72500000 4.47934500
0.22500000 0.73000000 4.44283500
0.22500000 0.73500000 4.40684700
0.22500000 0.74000000 4.37146200
0.22500000 0.74500000 4.33676200
0.22500000 0.75000000 4.30282600
0.22500000 0.75500000 4.26973400
0.22500000 0.76000000 4.23756600
0.22500000 0.76500000 4.20639700
0.22500000 0.77000000 4.17630400
0.22500000 0.77500000 4.14736000
0.22500000 0.78000000 4.11963700
0.22500000 0.78500000 4.09320400
0.22500000 0.79000000 4.06813000
0.22500000 0.79500000 4.04447800
0.22500000 0.80000000 4.02231100
0.22500000 0.80500000 4.00168700
0.22500000 0.81000000 3.98266300
0.22500000 0.81500000 3.96529200
0.22500000 0.82000000 3.94962200
0.22500000 0.82500000 3.93569900
0.22500000 0.83000000 3.92356600
0.22500000 0.83500000 3.91325900
0.22500000 0.84000000 3.90481400
0.22500000 0.84500000 3.89825900
0.22500000 0.85000000 3.89362100
0.22500000 0.85500000 3.89092000
0.22500000 0.86000000 3.89017400
0.23000000 0.00000000 5.57977100
0.23000000 0.00500000 5.57453600
0.23000000 0.01000000 5.56883000
0.23000000 0.01500000 5.56265800
0.23000000 0.02000000 5.55602400
0.23000000 0.02500000 5.54893500
0.23000000 0.03000000 5.54140200
0.23000000 0.03500000 5.53343400
0.23000000 0.04000000 5.52504600
0.23000000 0.04500000 5.51625300
0.23000000 0.05000000 5.50707200
0.23000000 0.05500000 5.49752100
0.23000000 0.06000000 5.48762200
0.23000000 0.06500000 5.47739600
0.23000000 0.07000000 5.46686800
0.23000000 0.07500000 5.45606300
0.23000000 0.08000000 5.44500800
0.23000000 0.08500000 5.43373100
0.23000000 0.09000000 5.42226100
0.23000000 0.09500000 5.41063100
0.23000000 0.10000000 5.39887000
0.23000000 0.10500000 5.38701200
0.23000000 0.11000000 5.37509000
0.23000000 0.11500000 5.36313800
0.23000000 0.12000000 5.35119200
0.23000000 0.12500000 5.33928700
0.23000000 0.13000000 5.32745700
0.23000000 0.13500000 5.31573900
0.23000000 0.14000000 5.30417000
0.23000000 0.14500000 5.29278400
0.23000000 0.15000000 5.28161800
0.23000000 0.15500000 5.27070800
0.23000000 0.16000000 5.26008700
0.23000000 0.16500000 5.24979200
0.23000000 0.17000000 5.23985500
0.23000000 0.17500000 5.23031100
0.23000000 0.18000000 5.22119100
0.23000000 0.18500000 5.21252600
0.23000000 0.19000000 5.20434700
0.23000000 0.19500000 5.19668300
0.23000000 0.20000000 5.18956000
0.23000000 0.20500000 5.18300500
0.23000000 0.21000000 5.17704300
0.23000000 0.21500000 5.17169600
0.23000000 0.22000000 5.16698400
0.23000000 0.22500000 5.16292700
0.23000000 0.23000000 5.15954300
0.23000000 0.23500000 5.15684600
0.23000000 0.24000000 5.15484800
0.23000000 0.24500000 5.15356200
0.23000000 0.25000000 5.15299500
0.23000000 0.63500000 5.13148700
0.23000000 0.64000000 5.09893300
0.23000000 0.64500000 5.06556900
0.23000000 0.65000000 5.03145400
0.23000000 0.65500000 4.99664700
0.23000000 0.66000000 4.96121300
0.23000000 0.66500000 4.92521700
0.23000000 0.67000000 4.88872600
0.23000000 0.67500000 4.85181200
0.23000000 0.68000000 4.81454500
0.23000000 0.68500000 4.77700000
0.23000000 0.69000000 4.73925300
0.23000000 0.69500000 4.70138000
0.23000000 0.70000000 4.66346000
0.23000000 0.70500000 4.62557200
0.23000000 0.71000000 4.58779600
0.23000000 0.71500000 4.55021500
0.23000000 0.72000000 4.51290900
0.23000000 0.72500000 4.47596000
0.23000000 0.73000000 4.43945100
0.23000000 0.73500000 4.40346300
0.23000000 0.74000000 4.36807800
0.23000000 0.74500000 4.33337700
0.23000000 0.75000000 4.29944100
0.23000000 0.75500000 4.26635000
0.23000000 0.76000000 4.23418100
0.23000000 0.76500000 4.20301300
0.23000000 0.77000000 4.17291900
0.23000000 0.77500000 4.14397500
0.23000000 0.78000000 4.11625200
0.23000000 0.78500000 4.08982000
0.23000000 0.79000000 4.06474500
0.23000000 0.79500000 4.04109300
0.23000000 0.80000000 4.01892600
0.23000000 0.80500000 3.99830300
0.23000000 0.81000000 3.97927900
0.23000000 0.81500000 3.96190700
0.23000000 0.82000000 3.94623700
0.23000000 0.82500000 3.93231500
0.23000000 0.83000000 3.92018100
0.23000000 0.83500000 3.90987400
0.23000000 0.84000000 3.90142900
0.23000000 0.84500000 3.89487400
0.23000000 0.85000000 3.89023600
0.23000000 0.85500000 3.88753600
0.23000000 0.86000000 3.88679000
0.23500000 0.00000000 5.57707400
0.23500000 0.00500000 5.57183900
0.23500000 0.01000000 5.56613300
0.23500000 0.01500000 5.55996100
0.23500000 0.02000000 5.55332600
0.23500000 0.02500000 5.54623800
0.23500000 0.03000000 5.53870400
0.23500000 0.03500000 5.53073700
0.23500000 0.04000000 5.52234900
0.23500000 0.04500000 5.51355600
0.23500000 0.05000000 5.50437500
0.23500000 0.05500000 5.49482400
0.23500000 0.06000000 5.48492400
0.23500000 0.06500000 5.47469900
0.23500000 0.07000000 5.46417100
0.23500000 0.07500000 5.45336600
0.23500000 0.08000000 5.44231000
0.23500000 0.08500000 5.43103300
0.23500000 0.09000000 5.41956400
0.23500000 0.09500000 5.40793300
0.23500000 0.10000000 5.39617200
0.23500000 0.10500000 5.38431400
0.23500000 0.11000000 5.37239200
0.23500000 0.11500000 5.36044100
0.23500000 0.12000000 5.34849500
0.23500000 0.12500000 5.33658900
0.23500000 0.13000000 5.32476000
0.23500000 0.13500000 5.31304200
0.23500000 0.14000000 5.30147200
0.23500000 0.14500000 5.29008700
0.23500000 0.15000000 5.27892100
0.23500000 0.15500000 5.26801000
0.23500000 0.16000000 5.25739000
0.23500000 0.16500000 5.24709400
0.23500000 0.17000000 5.23715800
0.23500000 0.17500000 5.22761400
0.23500000 0.18000000 5.21849300
0.23500000 0.18500000 5.20982900
0.23500000 0.19000000 5.20165000
0.23500000 0.19500000 5.19398500
0.23500000 0.20000000 5.18686300
0.23500000 0.20500000 5.18030800
0.23500000 0.21000000 5.17434600
0.23500000 0.21500000 5.16899800
0.23500000 0.22000000 5.16428700
0.23500000 0.22500000 5.16023000
0.23500000 0.23000000 5.15684600
0.23500000 0.23500000 5.15414800
0.23500000 0.24000000 5.15215100
0.23500000 0.24500000 5.15086400
0.23500000 0.25000000 5.15029700
0.23500000 0.63500000 5.12879000
0.23500000 0.64000000 5.09623600
0.23500000 0.64500000 5.06287200
0.23500000 0.65000000 5.02875700
0.23500000 0.65500000 4.99395000
0.23500000 0.66000000 4.95851600
0.23500000 0.66500000 4.92251900
0.23500000 0.67000000 4.88602900
0.23500000 0.67500000 4.84911400
0.23500000 0.68000000 4.81184800
0.23500000 0.68500000 4.77430300
0.23500000 0.69000000 4.73655500
0.23500000 0.69500000 4.69868200
0.23500000 0.70000000 4.66076200
0.23500000 0.70500000 4.62287400
0.23500000 0.71000000 4.58509900
0.23500000 0.71500000 4.54751800
0.23500000 0.72000000 4.51021100
0.23500000 0.72500000 4.47326300
0.23500000 0.73000000 4.43675300
0.23500000 0.73500000 4.40076500
0.23500000 0.74000000 4.36538000
0.23500000 0.74500000 4.33068000
0.23500000 0.75000000 4.29674400
0.23500000 0.75500000 4.26365300
0.23500000 0.76000000 4.23148400
0.23500000 0.76500000 4.20031500
0.23500000 0.77000000 4.17022200
0.23500000 0.77500000 4.14127800
0.23500000 0.78000000 4.11355500
0.23500000 0.78500000 4.08712200
0.23500000 0.79000000 4.06204800
0.23500000 0.79500000 4.03839600
0.23500000 0.80000000 4.01622900
0.23500000 0.80500000 3.99560500
0.23500000 0.81000000 3.97658200
0.23500000 0.81500000 3.95921000
0.23500000 0.82000000 3.94354000
0.23500000 0.82500000 3.92961700
0.23500000 0.83000000 3.91748400
0.23500000 0.83500000 3.90717700
0.23500000 0.84000000 3.89873200
0.23500000 0.84500000 3.89217700
0.23500000 0.85000000 3.88753900
0.23500000 0.85500000 3.88483900
0.23500000 0.86000000 3.88409300
0.24000000 0.00000000 5.57507700
0.24000000 0.00500000 5.56984100
0.24000000 0.01000000 5.56413600
0.24000000 0.01500000 5.55796300
0.24000000 0.02000000 5.55132900
0.24000000 0.02500000 5.54424100
0.24000000 0.03000000 5.53670700
0.24000000 0.03500000 5.52874000
0.24000000 0.04000000 5.52035200
0.24000000 0.04500000 5.51155900
0.24000000 0.05000000 5.50237700
0.24000000 0.05500000 5.49282700
0.24000000 0.06000000 5.48292700
0.24000000 0.06500000 5.47270100
0.24000000 0.07000000 5.46217300
0.24000000 0.07500000 5.45136800
0.24000000 0.08000000 5.44031300
0.24000000 0.08500000 5.42903600
0.24000000 0.09000000 5.41756700
0.24000000 0.09500000 5.40593600
0.24000000 0.10000000 5.39417500
0.24000000 0.10500000 5.38231700
0.24000000 0.11000000 5.37039500
0.24000000 0.11500000 5.35844400
0.24000000 0.12000000 5.34649800
0.24000000 0.12500000 5.33459200
0.24000000 0.13000000 5.32276200
0.24000000 0.13500000 5.31104500
0.24000000 0.14000000 5.29947500
0.24000000 0.14500000 5.28809000
0.24000000 0.15000000 5.27692400
0.24000000 0.15500000 5.26601300
0.24000000 0.16000000 5.25539300
0.24000000 0.16500000 5.24509700
0.24000000 0.17000000 5.23516100
0.24000000 0.17500000 5.22561600
0.24000000 0.18000000 5.21649600
0.24000000 0.18500000 5.20783200
0.24000000 0.19000000 5.19965300
0.24000000 0.19500000 5.19198800
0.24000000 0.20000000 5.18486600
0.24000000 0.20500000 5.17831100
0.24000000 0.21000000 5.17234800
0.24000000 0.21500000 5.16700100
0.24000000 0.22000000 5.16228900
0.24000000 0.22500000 5.15823300
0.24000000 0.23000000 5.15484800
0.24000000 0.23500000 5.15215100
0.24000000 0.24000000 5.15015400
0.24000000 0.24500000 5.14886700
0.24000000 0.25000000 5.14830000
0.24000000 0.63500000 5.12679200
0.24000000 0.64000000 5.09423800
0.24000000 0.64500000 5.06087500
0.24000000 0.65000000 5.02675900
0.24000000 0.65500000 4.99195300
0.24000000 0.66000000 4.95651900
0.24000000 0.66500000 4.92052200
0.24000000 0.67000000 4.88403200
0.24000000 0.67500000 4.84711700
0.24000000 0.68000000 4.80985000
0.24000000 0.68500000 4.77230500
0.24000000 0.69000000 4.73455800
0.24000000 0.69500000 4.69668500
0.24000000 0.70000000 4.65876500
0.24000000 0.70500000 4.62087700
0.24000000 0.71000000 4.58310200
0.24000000 0.71500000 4.54552000
0.24000000 0.72000000 4.50821400
0.24000000 0.72500000 4.47126500
0.24000000 0.73000000 4.43475600
0.24000000 0.73500000 4.39876800
0.24000000 0.74000000 4.36338300
0.24000000 0.74500000 4.32868200
0.24000000 0.75000000 4.29474700
0.24000000 0.75500000 4.26165500
0.24000000 0.76000000 4.22948700
0.24000000 0.76500000 4.19831800
0.24000000 0.77000000 4.16822500
0.24000000 0.77500000 4.13928100
0.24000000 0.78000000 4.11155800
0.24000000 0.78500000 4.08512500
0.24000000 0.79000000 4.06005100
0.24000000 0.79500000 4.03639900
0.24000000 0.80000000 4.01423200
0.24000000 0.80500000 3.99360800
0.24000000 0.81000000 3.97458400
0.24000000 0.81500000 3.95721300
0.24000000 0.82000000 3.94154300
0.24000000 0.82500000 3.92762000
0.24000000 0.83000000 3.91548600
0.24000000 0.83500000 3.90518000
0.24000000 0.84000000 3.89673400
0.24000000 0.84500000 3.89018000
0.24000000 0.85000000 3.88554200
0.24000000 0.85500000 3.88284100
0.24000000 0.86000000 3.88209500
0.24500000 0.00000000 5.57379000
0.24500000 0.00500000 5.56855500
0.24500000 0.01000000 5.56284900
0.24500000 0.01500000 5.55667700
0.24500000 0.02000000 5.55004300
0.24500000 0.02500000 5.54295400
0.24500000 0.03000000 5.53542100
0.24500000 0.03500000 5.52745300
0.24500000 0.04000000 5.51906500
0.24500000 0.04500000 5.51027200
0.24500000 0.05000000 5.50109100
0.24500000 0.05500000 5.49154000
0.24500000 0.06000000 5.48164100
0.24500000 0.06500000 5.47141500
0.24500000 0.07000000 5.46088700
0.24500000 0.07500000 5.45008200
0.24500000 0.08000000 5.43902700
0.24500000 0.08500000 5.42775000
0.24500000 0.09000000 5.41628000
0.24500000 0.09500000 5.40464900
0.24500000 0.10000000 5.39288900
0.24500000 0.10500000 5.38103100
0.24500000 0.11000000 5.36910900
0.24500000 0.11500000 5.35715700
0.24500000 0.12000000 5.34521100
0.24500000 0.12500000 5.33330500
0.24500000 0.13000000 5.32147600
0.24500000 0.13500000 5.30975800
0.24500000 0.14000000 5.29818900
0.24500000 0.14500000 5.28680300
0.24500000 0.15000000 5.27563700
0.24500000 0.15500000 5.26472600
0.24500000 0.16000000 5.25410600
0.24500000 0.16500000 5.24381100
0.24500000 0.17000000 5.23387400
0.24500000 0.17500000 5.22433000
0.24500000 0.18000000 5.21521000
0.24500000 0.18500000 5.20654500
0.24500000 0.19000000 5.19836600
0.24500000 0.19500000 5.19070200
0.24500000 0.20000000 5.18357900
0.24500000 0.20500000 5.17702400
0.24500000 0.21000000 5.17106200
0.24500000 0.21500000 5.16571400
0.24500000 0.22000000 5.16100300
0.24500000 0.22500000 5.15694600
0.24500000 0.23000000 5.15356200
0.24500000 0.23500000 5.15086400
0.24500000 0.24000000 5.14886700
0.24500000 0.24500000 5.14758100
0.24500000 0.25000000 5.14701400
0.24500000 0.63500000 5.12550600
0.24500000 0.64000000 5.09295200
0.24500000 0.64500000 5.05958800
0.24500000 0.65000000 5.02547300
0.24500000 0.65500000 4.99066600
0.24500000 0.66000000 4.95523200
0.24500000 0.66500000 4.91923600
0.24500000 0.67000000 4.88274500
0.24500000 0.67500000 4.84583000
0.24500000 0.68000000 4.80856400
0.24500000 0.68500000 4.77101900
0.24500000 0.69000000 4.73327200
0.24500000 0.69500000 4.69539900
0.24500000 0.70000000 4.65747800
0.24500000 0.70500000 4.61959100
0.24500000 0.71000000 4.58181500
0.24500000 0.71500000 4.54423400
0.24500000 0.72000000 4.50692800
0.24500000 0.72500000 4.46997900
0.24500000 0.73000000 4.43347000
0.24500000 0.73500000 4.39748200
0.24500000 0.74000000 4.36209700
0.24500000 0.74500000 4.32739600
0.24500000 0.75000000 4.29346000
0.24500000 0.75500000 4.26036900
0.24500000 0.76000000 4.22820000
0.24500000 0.76500000 4.19703200
0.24500000 0.77000000 4.16693800
0.24500000 0.77500000 4.13799400
0.24500000 0.78000000 4.11027100
0.24500000 0.78500000 4.08383900
0.24500000 0.79000000 4.05876400
0.24500000 0.79500000 4.03511200
0.24500000 0.80000000 4.01294500
0.24500000 0.80500000 3.99232200
0.24500000 0.81000000 3.97329800
0.24500000 0.81500000 3.95592600
0.24500000 0.82000000 3.94025600
0.24500000 0.82500000 3.92633400
0.24500000 0.83000000 3.91420000
0.24500000 0.83500000 3.90389300
0.24500000 0.84000000 3.89544800
0.24500000 0.84500000 3.88889300
0.24500000 0.85000000 3.88425500
0.24500000 0.85500000 3.88155500
0.24500000 0.86000000 3.88080900
0.25000000 0.00000000 5.57322300
0.25000000 0.00500000 5.56798800
0.25000000 0.01000000 5.56228200
0.25000000 0.01500000 5.55611000
0.25000000 0.02000000 5.54947600
0.25000000 0.02500000 5.54238700
0.25000000 0.03000000 5.53485400
0.25000000 0.03500000 5.52688600
0.25000000 0.04000000 5.51849800
0.25000000 0.04500000 5.50970500
0.25000000 0.05000000 5.50052400
0.25000000 0.05500000 5.49097300
0.25000000 0.06000000 5.48107400
0.25000000 0.06500000 5.47084800
0.25000000 0.07000000 5.46032000
0.25000000 0.07500000 5.44951500
0.25000000 0.08000000 5.43846000
0.25000000 0.08500000 5.42718300
0.25000000 0.09000000 5.41571300
0.25000000 0.09500000 5.40408200
0.25000000 0.10000000 5.39232200
0.25000000 0.10500000 5.38046400
0.25000000 0.11000000 5.36854200
0.25000000 0.11500000 5.35659000
0.25000000 0.12000000 5.34464400
0.25000000 0.12500000 5.33273800
0.25000000 0.13000000 5.32090900
0.25000000 0.13500000 5.30919100
0.25000000 0.14000000 5.29762200
0.25000000 0.14500000 5.28623600
0.25000000 0.15000000 5.27507000
0.25000000 0.15500000 5.26415900
0.25000000 0.16000000 5.25353900
0.25000000 0.16500000 5.24324400
0.25000000 0.17000000 5.23330700
0.25000000 0.17500000 5.22376300
0.25000000 0.18000000 5.21464300
0.25000000 0.18500000 5.20597800
0.25000000 0.19000000 5.19779900
0.25000000 0.19500000 5.19013500
0.25000000 0.20000000 5.18301200
0.25000000 0.20500000 5.17645700
0.25000000 0.21000000 5.17049500
0.25000000 0.21500000 5.16514700
0.25000000 0.22000000 5.16043600
0.25000000 0.22500000 5.15637900
0.25000000 0.23000000 5.15299500
0.25000000 0.23500000 5.15029700
0.25000000 0.24000000 5.14830000
0.25000000 0.24500000 5.14701400
0.25000000 0.25000000 5.14644700
0.25000000 0.63500000 5.12493900
0.25000000 0.64000000 5.09238500
0.25000000 0.64500000 5.05902100
0.25000000 0.65000000 5.02490600
0.25000000 0.65500000 4.99009900
0.25000000 0.66000000 4.95466500
0.25000000 0.66500000 4.91866900
0.25000000 0.67000000 4.88217800
0.25000000 0.67500000 4.84526300
0.25000000 0.68000000 4.80799700
0.25000000 0.68500000 4.77045200
0.25000000 0.69000000 4.73270400
0.25000000 0.69500000 4.69483200
0.25000000 0.70000000 4.65691100
0.25000000 0.70500000 4.61902400
0.25000000 0.71000000 4.58124800
0.25000000 0.71500000 4.54366700
0.25000000 0.72000000 4.50636100
0.25000000 0.72500000 4.46941200
0.25000000 0.73000000 4.43290200
0.25000000 0.73500000 4.39691400
0.25000000 0.74000000 4.36153000
0.25000000 0.74500000 4.32682900
0.25000000 0.75000000 4.29289300
0.25000000 0.75500000 4.25980200
0.25000000 0.76000000 4.22763300
0.25000000 0.76500000 4.19646500
0.25000000 0.77000000 4.16637100
0.25000000 0.77500000 4.13742700
0.25000000 0.78000000 4.10970400
0.25000000 0.78500000 4.08327200
0.25000000 0.79000000 4.05819700
0.25000000 0.79500000 4.03454500
0.25000000 0.80000000 4.01237800
0.25000000 0.80500000 3.99175500
0.25000000 0.81000000 3.97273100
0.25000000 0.81500000 3.95535900
0.25000000 0.82000000 3.93968900
0.25000000 0.82500000 3.92576700
0.25000000 0.83000000 3.91363300
0.25000000 0.83500000 3.90332600
0.25000000 0.84000000 3.89488100
0.25000000 0.84500000 3.88832600
0.25000000 0.85000000 3.88368800
0.25000000 0.85500000 3.88098800
0.25000000 0.86000000 3.88024200
0.63500000 0.00000000 5.55171600
0.63500000 0.00500000 5.54648000
0.63500000 0.01000000 5.54077500
0.63500000 0.01500000 5.53460200
0.63500000 0.02000000 5.52796800
0.63500000 0.02500000 5.52087900
0.63500000 0.03000000 5.51334600
0.63500000 0.03500000 5.50537800
0.63500000 0.04000000 5.49699100
0.63500000 0.04500000 5.48819700
0.63500000 0.05000000 5.47901600
0.63500000 0.05500000 5.46946500
0.63500000 0.06000000 5.45956600
0.63500000 0.06500000 5.44934000
0.63500000 0.07000000 5.43881200
0.63500000 0.07500000 5.42800700
0.63500000 0.08000000 5.41695200
0.63500000 0.08500000 5.40567500
0.63500000 0.09000000 5.39420600
0.63500000 0.09500000 5.38257500
0.63500000 0.10000000 5.37081400
0.63500000 0.10500000 5.35895600
0.63500000 0.11000000 5.34703400
0.63500000 0.11500000 5.33508300
0.63500000 0.12000000 5.32313600
0.63500000 0.12500000 5.31123100
0.63500000 0.13000000 5.29940100
0.63500000 0.13500000 5.28768400
0.63500000 0.14000000 5.27611400
0.63500000 0.14500000 5.26472800
0.63500000 0.15000000 5.25356200
0.63500000 0.15500000 5.24265200
0.63500000 0.16000000 5.23203100
0.63500000 0.16500000 5.22173600
0.63500000 0.17000000 5.21179900
0.63500000 0.17500000 5.20225500
0.63500000 0.18000000 5.19313500
0.63500000 0.18500000 5.18447000
0.63500000 0.19000000 5.17629100
0.63500000 0.19500000 5.16862700
0.63500000 0.20000000 5.16150400
0.63500000 0.20500000 5.15495000
0.63500000 0.21000000 5.14898700
0.63500000 0.21500000 5.14364000
0.63500000 0.22000000 5.13892800
0.63500000 0.22500000 5.13487200
0.63500000 0.23000000 5.13148700
0.63500000 0.23500000 5.12879000
0.63500000 0.24000000 5.12679200
0.63500000 0.24500000 5.12550600
0.63500000 0.25000000 5.12493900
0.63500000 0.63500000 5.10343100
0.63500000 0.64000000 5.07087700
0.63500000 0.64500000 5.03751300
0.63500000 0.65000000 5.00339800
0.63500000 0.65500000 4.96859200
0.63500000 0.66000000 4.93315700
0.63500000 0.66500000 4.89716100
0.63500000 0.67000000 4.86067000
0.63500000 0.67500000 4.82375600
0.63500000 0.68000000 4.78648900
0.63500000 0.68500000 4.74894400
0.63500000 0.69000000 4.71119700
0.63500000 0.69500000 4.67332400
0.63500000 0.70000000 4.63540400
0.63500000 0.70500000 4.59751600
0.63500000 0.71000000 4.55974100
0.63500000 0.71500000 4.52215900
0.63500000 0.72000000 4.48485300
0.63500000 0.72500000 4.44790400
0.63500000 0.73000000 4.41139500
0.63500000 0.73500000 4.37540700
0.63500000 0.74000000 4.34002200
0.63500000 0.74500000 4.30532100
0.63500000 0.75000000 4.27138600
0.63500000 0.75500000 4.23829400
0.63500000 0.76000000 4.20612600
0.63500000 0.76500000 4.17495700
0.63500000 0.77000000 4.14486400
0.63500000 0.77500000 4.11591900
0.63500000 0.78000000 4.08819600
0.63500000 0.78500000 4.06176400
0.63500000 0.79000000 4.03668900
0.63500000 0.79500000 4.01303800
0.63500000 0.80000000 3.99087000
0.63500000 0.80500000 3.97024700
0.63500000 0.81000000 3.95122300
0.63500000 0.81500000 3.93385200
0.63500000 0.82000000 3.91818200
0.63500000 0.82500000 3.90425900
0.63500000 0.83000000 3.89212500
0.63500000 0.83500000 3.88181900
0.63500000 0.84000000 3.87337300
0.63500000 0.84500000 3.86681900
0.63500000 0.85000000 3.86218100
0.63500000 0.85500000 3.85948000
0.63500000 0.86000000 3.85873400
0.64000000 0.00000000 5.51916200
0.64000000 0.00500000 5.51392600
0.64000000 0.01000000 5.50822000
0.64000000 0.01500000 5.50204800
0.64000000 0.02000000 5.49541400
0.64000000 0.02500000 5.48832500
0.64000000 0.03000000 5.48079200
0.64000000 0.03500000 5.47282400
0.64000000 0.04000000 5.46443700
0.64000000 0.04500000 5.45564300
0.64000000 0.05000000 5.44646200
0.64000000 0.05500000 5.43691100
0.64000000 0.06000000 5.42701200
0.64000000 0.06500000 5.41678600
0.64000000 0.07000000 5.40625800
0.64000000 0.07500000 5.39545300
0.64000000 0.08000000 5.38439800
0.64000000 0.08500000 5.37312100
0.64000000 0.09000000 5.36165200
0.64000000 0.09500000 5.35002100
0.64000000 0.10000000 5.33826000
0.64000000 0.10500000 5.32640200
0.64000000 0.11000000 5.31448000
0.64000000 0.11500000 5.30252800
0.64000000 0.12000000 5.29058200
0.64000000 0.12500000 5.27867700
0.64000000 0.13000000 5.26684700
0.64000000 0.13500000 5.25512900
0.64000000 0.14000000 5.24356000
0.64000000 0.14500000 5.23217400
0.64000000 0.15000000 5.22100800
0.64000000 0.15500000 5.21009800
0.64000000 0.16000000 5.19947700
0.64000000 0.16500000 5.18918200
0.64000000 0.17000000 5.17924500
0.64000000 0.17500000 5.16970100
0.64000000 0.18000000 5.16058100
0.64000000 0.18500000 5.15191600
0.64000000 0.19000000 5.14373700
0.64000000 0.19500000 5.13607300
0.64000000 0.20000000 5.12895000
0.64000000 0.20500000 5.12239600
0.64000000 0.21000000 5.11643300
0.64000000 0.21500000 5.11108600
0.64000000 0.22000000 5.10637400
0.64000000 0.22500000 5.10231700
0.64000000 0.23000000 5.09893300
0.64000000 0.23500000 5.09623600
0.64000000 0.24000000 5.09423800
0.64000000 0.24500000 5.09295200
0.64000000 0.25000000 5.09238500
0.64000000 0.63500000 5.07087700
0.64000000 0.64000000 5.03832300
0.64000000 0.64500000 5.00495900
0.64000000 0.65000000 4.97084400
0.64000000 0.65500000 4.93603800
0.64000000 0.66000000 4.90060300
0.64000000 0.66500000 4.86460700
0.64000000 0.67000000 4.82811600
0.64000000 0.67500000 4.79120200
0.64000000 0.68000000 4.75393500
0.64000000 0.68500000 4.71639000
0.64000000 0.69000000 4.67864300
0.64000000 0.69500000 4.64077000
0.64000000 0.70000000 4.60285000
0.64000000 0.70500000 4.56496200
0.64000000 0.71000000 4.52718700
0.64000000 0.71500000 4.48960500
0.64000000 0.72000000 4.45229900
0.64000000 0.72500000 4.41535000
0.64000000 0.73000000 4.37884100
0.64000000 0.73500000 4.34285300
0.64000000 0.74000000 4.30746800
0.64000000 0.74500000 4.27276700
0.64000000 0.75000000 4.23883100
0.64000000 0.75500000 4.20574000
0.64000000 0.76000000 4.17357100
0.64000000 0.76500000 4.14240300
0.64000000 0.77000000 4.11230900
0.64000000 0.77500000 4.08336500
0.64000000 0.78000000 4.05564200
0.64000000 0.78500000 4.02921000
0.64000000 0.79000000 4.00413500
0.64000000 0.79500000 3.98048400
0.64000000 0.80000000 3.95831600
0.64000000 0.80500000 3.93769300
0.64000000 0.81000000 3.91866900
0.64000000 0.81500000 3.90129700
0.64000000 0.82000000 3.88562700
0.64000000 0.82500000 3.87170500
0.64000000 0.83000000 3.85957100
0.64000000 0.83500000 3.84926500
0.64000000 0.84000000 3.84081900
0.64000000 0.84500000 3.83426500
0.64000000 0.85000000 3.82962600
0.64000000 0.85500000 3.82692600
0.64000000 0.86000000 3.82618000
0.64500000 0.00000000 5.48579800
0.64500000 0.00500000 5.48056200
0.64500000 0.01000000 5.47485700
0.64500000 0.01500000 5.46868400
0.64500000 0.02000000 5.46205000
0.64500000 0.02500000 5.45496200
0.64500000 0.03000000 5.44742800
0.64500000 0.03500000 5.43946100
0.64500000 0.04000000 5.43107300
0.64500000 0.04500000 5.42228000
0.64500000 0.05000000 5.41309800
0.64500000 0.05500000 5.40354800
0.64500000 0.06000000 5.39364800
0.64500000 0.06500000 5.38342200
0.64500000 0.07000000 5.37289400
0.64500000 0.07500000 5.36208900
0.64500000 0.08000000 5.35103400
0.64500000 0.08500000 5.33975700
0.64500000 0.09000000 5.32828800
0.64500000 0.09500000 5.31665700
0.64500000 0.10000000 5.30489600
0.64500000 0.10500000 5.29303800
0.64500000 0.11000000 5.28111600
0.64500000 0.11500000 5.26916500
0.64500000 0.12000000 5.25721900
0.64500000 0.12500000 5.24531300
0.64500000 0.13000000 5.23348300
0.64500000 0.13500000 5.22176600
0.64500000 0.14000000 5.21019600
0.64500000 0.14500000 5.19881000
0.64500000 0.15000000 5.18764500
0.64500000 0.15500000 5.17673400
0.64500000 0.16000000 5.16611400
0.64500000 0.16500000 5.15581800
0.64500000 0.17000000 5.14588200
0.64500000 0.17500000 5.13633700
0.64500000 0.18000000 5.12721700
0.64500000 0.18500000 5.11855300
0.64500000 0.19000000 5.11037400
0.64500000 0.19500000 5.10270900
0.64500000 0.20000000 5.09558700
0.64500000 0.20500000 5.08903200
0.64500000 0.21000000 5.08306900
0.64500000 0.21500000 5.07772200
0.64500000 0.22000000 5.07301000
0.64500000 0.22500000 5.06895400
0.64500000 0.23000000 5.06556900
0.64500000 0.23500000 5.06287200
0.64500000 0.24000000 5.06087500
0.64500000 0.24500000 5.05958800
0.64500000 0.25000000 5.05902100
0.64500000 0.63500000 5.03751300
0.64500000 0.64000000 5.00495900
0.64500000 0.64500000 4.97159600
0.64500000 0.65000000 4.93748000
0.64500000 0.65500000 4.90267400
0.64500000 0.66000000 4.86724000
0.64500000 0.66500000 4.83124300
0.64500000 0.67000000 4.79475300
0.64500000 0.67500000 4.75783800
0.64500000 0.68000000 4.72057100
0.64500000 0.68500000 4.68302600
0.64500000 0.69000000 4.64527900
0.64500000 0.69500000 4.60740600
0.64500000 0.70000000 4.56948600
0.64500000 0.70500000 4.53159800
0.64500000 0.71000000 4.49382300
0.64500000 0.71500000 4.45624100
0.64500000 0.72000000 4.41893500
0.64500000 0.72500000 4.38198600
0.64500000 0.73000000 4.34547700
0.64500000 0.73500000 4.30948900
0.64500000 0.74000000 4.27410400
0.64500000 0.74500000 4.23940300
0.64500000 0.75000000 4.20546800
0.64500000 0.75500000 4.17237600
0.64500000 0.76000000 4.14020800
0.64500000 0.76500000 4.10903900
0.64500000 0.77000000 4.07894600
0.64500000 0.77500000 4.05000200
0.64500000 0.78000000 4.02227900
0.64500000 0.78500000 3.99584600
0.64500000 0.79000000 3.97077200
0.64500000 0.79500000 3.94712000
0.64500000 0.80000000 3.92495300
0.64500000 0.80500000 3.90432900
0.64500000 0.81000000 3.88530500
0.64500000 0.81500000 3.86793400
0.64500000 0.82000000 3.85226400
0.64500000 0.82500000 3.83834100
0.64500000 0.83000000 3.82620700
0.64500000 0.83500000 3.81590100
0.64500000 0.84000000 3.80745500
0.64500000 0.84500000 3.80090100
0.64500000 0.85000000 3.79626300
0.64500000 0.85500000 3.79356200
0.64500000 0.86000000 3.79281600
0.65000000 0.00000000 5.45168200
0.65000000 0.00500000 5.44644700
0.65000000 0.01000000 5.44074100
0.65000000 0.01500000 5.43456900
0.65000000 0.02000000 5.42793500
0.65000000 0.02500000 5.42084600
0.65000000 0.03000000 5.41331300
0.65000000 0.03500000 5.40534500
0.65000000 0.04000000 5.39695700
0.65000000 0.04500000 5.38816400
0.65000000 0.05000000 5.37898300
0.65000000 0.05500000 5.36943200
0.65000000 0.06000000 5.35953300
0.65000000 0.06500000 5.34930700
0.65000000 0.07000000 5.33877900
0.65000000 0.07500000 5.32797400
0.65000000 0.08000000 5.31691900
0.65000000 0.08500000 5.30564200
0.65000000 0.09000000 5.29417200
0.65000000 0.09500000 5.28254200
0.65000000 0.10000000 5.27078100
0.65000000 0.10500000 5.25892300
0.65000000 0.11000000 5.24700100
0.65000000 0.11500000 5.23504900
0.65000000 0.12000000 5.22310300
0.65000000 0.12500000 5.21119700
0.65000000 0.13000000 5.19936800
0.65000000 0.13500000 5.18765000
0.65000000 0.14000000 5.17608100
0.65000000 0.14500000 5.16469500
0.65000000 0.15000000 5.15352900
0.65000000 0.15500000 5.14261800
0.65000000 0.16000000 5.13199800
0.65000000 0.16500000 5.12170300
0.65000000 0.17000000 5.11176600
0.65000000 0.17500000 5.10222200
0.65000000 0.18000000 5.09310200
0.65000000 0.18500000 5.08443700
0.65000000 0.19000000 5.07625800
0.65000000 0.19500000 5.06859400
0.65000000 0.20000000 5.06147100
0.65000000 0.20500000 5.05491600
0.65000000 0.21000000 5.04895400
0.65000000 0.21500000 5.04360600
0.65000000 0.22000000 5.03889500
0.65000000 0.22500000 5.03483800
0.65000000 0.23000000 5.03145400
0.65000000 0.23500000 5.02875700
0.65000000 0.24000000 5.02675900
0.65000000 0.24500000 5.02547300
0.65000000 0.25000000 5.02490600
0.65000000 0.63500000 5.00339800
0.65000000 0.64000000 4.97084400
0.65000000 0.64500000 4.93748000
0.65000000 0.65000000 4.90336500
0.65000000 0.65500000 4.86855800
0.65000000 0.66000000 4.83312400
0.65000000 0.66500000 4.79712800
0.65000000 0.67000000 4.76063700
0.65000000 0.67500000 4.72372300
0.65000000 0.68000000 4.68645600
0.65000000 0.68500000 4.64891100
0.65000000 0.69000000 4.61116400
0.65000000 0.69500000 4.57329100
0.65000000 0.70000000 4.53537100
0.65000000 0.70500000 4.49748300
0.65000000 0.71000000 4.45970700
0.65000000 0.71500000 4.42212600
0.65000000 0.72000000 4.38482000
0.65000000 0.72500000 4.34787100
0.65000000 0.73000000 4.31136200
0.65000000 0.73500000 4.27537400
0.65000000 0.74000000 4.23998900
0.65000000 0.74500000 4.20528800
0.65000000 0.75000000 4.17135200
0.65000000 0.75500000 4.13826100
0.65000000 0.76000000 4.10609200
0.65000000 0.76500000 4.07492400
0.65000000 0.77000000 4.04483000
0.65000000 0.77500000 4.01588600
0.65000000 0.78000000 3.98816300
0.65000000 0.78500000 3.96173100
0.65000000 0.79000000 3.93665600
0.65000000 0.79500000 3.91300400
0.65000000 0.80000000 3.89083700
0.65000000 0.80500000 3.87021400
0.65000000 0.81000000 3.85119000
0.65000000 0.81500000 3.83381800
0.65000000 0.82000000 3.81814800
0.65000000 0.82500000 3.80422600
0.65000000 0.83000000 3.79209200
0.65000000 0.83500000 3.78178500
0.65000000 0.84000000 3.77334000
0.65000000 0.84500000 3.76678500
0.65000000 0.85000000 3.76214700
0.65000000 0.85500000 3.75944700
0.65000000 0.86000000 3.75870100
0.65500000 0.00000000 5.41687600
0.65500000 0.00500000 5.41164000
0.65500000 0.01000000 5.40593500
0.65500000 0.01500000 5.39976200
0.65500000 0.02000000 5.39312800
0.65500000 0.02500000 5.38604000
0.65500000 0.03000000 5.37850600
0.65500000 0.03500000 5.37053900
0.65500000 0.04000000 5.36215100
0.65500000 0.04500000 5.35335800
0.65500000 0.05000000 5.34417600
0.65500000 0.05500000 5.33462600
0.65500000 0.06000000 5.32472600
0.65500000 0.06500000 5.31450100
0.65500000 0.07000000 5.30397200
0.65500000 0.07500000 5.29316700
0.65500000 0.08000000 5.28211200
0.65500000 0.08500000 5.27083500
0.65500000 0.09000000 5.25936600
0.65500000 0.09500000 5.24773500
0.65500000 0.10000000 5.23597400
0.65500000 0.10500000 5.22411600
0.65500000 0.11000000 5.21219400
0.65500000 0.11500000 5.20024300
0.65500000 0.12000000 5.18829700
0.65500000 0.12500000 5.17639100
0.65500000 0.13000000 5.16456100
0.65500000 0.13500000 5.15284400
0.65500000 0.14000000 5.14127400
0.65500000 0.14500000 5.12988900
0.65500000 0.15000000 5.11872300
0.65500000 0.15500000 5.10781200
0.65500000 0.16000000 5.09719200
0.65500000 0.16500000 5.08689600
0.65500000 0.17000000 5.07696000
0.65500000 0.17500000 5.06741500
0.65500000 0.18000000 5.05829500
0.65500000 0.18500000 5.04963100
0.65500000 0.19000000 5.04145200
0.65500000 0.19500000 5.03378700
0.65500000 0.20000000 5.02666500
0.65500000 0.20500000 5.02011000
0.65500000 0.21000000 5.01414800
0.65500000 0.21500000 5.00880000
0.65500000 0.22000000 5.00408900
0.65500000 0.22500000 5.00003200
0.65500000 0.23000000 4.99664700
0.65500000 0.23500000 4.99395000
0.65500000 0.24000000 4.99195300
0.65500000 0.24500000 4.99066600
0.65500000 0.25000000 4.99009900
0.65500000 0.63500000 4.96859200
0.65500000 0.64000000 4.93603800
0.65500000 0.64500000 4.90267400
0.65500000 0.65000000 4.86855800
0.65500000 0.65500000 4.83375200
0.65500000 0.66000000 4.79831800
0.65500000 0.66500000 4.76232100
0.65500000 0.67000000 4.72583100
0.65500000 0.67500000 4.68891600
0.65500000 0.68000000 4.65164900
0.65500000 0.68500000 4.61410500
0.65500000 0.69000000 4.57635700
0.65500000 0.69500000 4.53848400
0.65500000 0.70000000 4.50056400
0.65500000 0.70500000 4.46267600
0.65500000 0.71000000 4.42490100
0.65500000 0.71500000 4.38731900
0.65500000 0.72000000 4.35001300
0.65500000 0.72500000 4.31306500
0.65500000 0.73000000 4.27655500
0.65500000 0.73500000 4.24056700
0.65500000 0.74000000 4.20518200
0.65500000 0.74500000 4.17048200
0.65500000 0.75000000 4.13654600
0.65500000 0.75500000 4.10345400
0.65500000 0.76000000 4.07128600
0.65500000 0.76500000 4.04011700
0.65500000 0.77000000 4.01002400
0.65500000 0.77500000 3.98108000
0.65500000 0.78000000 3.95335700
0.65500000 0.78500000 3.92692400
0.65500000 0.79000000 3.90185000
0.65500000 0.79500000 3.87819800
0.65500000 0.80000000 3.85603100
0.65500000 0.80500000 3.83540700
0.65500000 0.81000000 3.81638300
0.65500000 0.81500000 3.79901200
0.65500000 0.82000000 3.78334200
0.65500000 0.82500000 3.76941900
0.65500000 0.83000000 3.75728600
0.65500000 0.83500000 3.74697900
0.65500000 0.84000000 3.73853400
0.65500000 0.84500000 3.73197900
0.65500000 0.85000000 3.72734100
0.65500000 0.85500000 3.72464000
0.65500000 0.86000000 3.72389400
0.66000000 0.00000000 5.38144200
0.66000000 0.00500000 5.37620600
0.66000000 0.01000000 5.37050100
0.66000000 0.01500000 5.36432800
0.66000000 0.02000000 5.35769400
0.66000000 0.02500000 5.35060600
0.66000000 0.03000000 5.34307200
0.66000000 0.03500000 5.33510500
0.66000000 0.04000000 5.32671700
0.66000000 0.04500000 5.31792400
0.66000000 0.05000000 5.30874200
0.66000000 0.05500000 5.29919200
0.66000000 0.06000000 5.28929200
0.66000000 0.06500000 5.27906600
0.66000000 0.07000000 5.26853800
0.66000000 0.07500000 5.25773300
0.66000000 0.08000000 5.24667800
0.66000000 0.08500000 5.23540100
0.66000000 0.09000000 5.22393200
0.66000000 0.09500000 5.21230100
0.66000000 0.10000000 5.20054000
0.66000000 0.10500000 5.18868200
0.66000000 0.11000000 5.17676000
0.66000000 0.11500000 5.16480900
0.66000000 0.12000000 5.15286200
0.66000000 0.12500000 5.14095700
0.66000000 0.13000000 5.12912700
0.66000000 0.13500000 5.11741000
0.66000000 0.14000000 5.10584000
0.66000000 0.14500000 5.09445400
0.66000000 0.15000000 5.08328800
0.66000000 0.15500000 5.07237800
0.66000000 0.16000000 5.06175700
0.66000000 0.16500000 5.05146200
0.66000000 0.17000000 5.04152600
0.66000000 0.17500000 5.03198100
0.66000000 0.18000000 5.02286100
0.66000000 0.18500000 5.01419700
0.66000000 0.19000000 5.00601800
0.66000000 0.19500000 4.99835300
0.66000000 0.20000000 4.99123000
0.66000000 0.20500000 4.98467600
0.66000000 0.21000000 4.97871300
0.66000000 0.21500000 4.97336600
0.66000000 0.22000000 4.96865400
0.66000000 0.22500000 4.96459800
0.66000000 0.23000000 4.96121300
0.66000000 0.23500000 4.95851600
0.66000000 0.24000000 4.95651900
0.66000000 0.24500000 4.95523200
0.66000000 0.25000000 4.95466500
0.66000000 0.63500000 4.93315700
0.66000000 0.64000000 4.90060300
0.66000000 0.64500000 4.86724000
0.66000000 0.65000000 4.83312400
0.66000000 0.65500000 4.79831800
0.66000000 0.66000000 4.76288300
0.66000000 0.66500000 4.72688700
0.66000000 0.67000000 4.69039700
0.66000000 0.67500000 4.65348200
0.66000000 0.68000000 4.61621500
0.66000000 0.68500000 4.57867000
0.66000000 0.69000000 4.54092300
0.66000000 0.69500000 4.50305000
0.66000000 0.70000000 4.46513000
0.66000000 0.70500000 4.42724200
0.66000000 0.71000000 4.38946700
0.66000000 0.71500000 4.35188500
0.66000000 0.72000000 4.31457900
0.66000000 0.72500000 4.27763000
0.66000000 0.73000000 4.24112100
0.66000000 0.73500000 4.20513300
0.66000000 0.74000000 4.16974800
0.66000000 0.74500000 4.13504700
0.66000000 0.75000000 4.10111200
0.66000000 0.75500000 4.06802000
0.66000000 0.76000000 4.03585200
0.66000000 0.76500000 4.00468300
0.66000000 0.77000000 3.97459000
0.66000000 0.77500000 3.94564600
0.66000000 0.78000000 3.91792300
0.66000000 0.78500000 3.89149000
0.66000000 0.79000000 3.86641600
0.66000000 0.79500000 3.84276400
0.66000000 0.80000000 3.82059700
0.66000000 0.80500000 3.79997300
0.66000000 0.81000000 3.78094900
0.66000000 0.81500000 3.76357800
0.66000000 0.82000000 3.74790800
0.66000000 0.82500000 3.73398500
0.66000000 0.83000000 3.72185100
0.66000000 0.83500000 3.71154500
0.66000000 0.84000000 3.70309900
0.66000000 0.84500000 3.69654500
0.66000000 0.85000000 3.69190700
0.66000000 0.85500000 3.68920600
0.66000000 0.86000000 3.68846000
0.66500000 0.00000000 5.34544500
0.66500000 0.00500000 5.34021000
0.66500000 0.01000000 5.33450400
0.66500000 0.01500000 5.32833200
0.66500000 0.02000000 5.32169800
0.66500000 0.02500000 5.31460900
0.66500000 0.03000000 5.30707600
0.66500000 0.03500000 5.29910800
0.66500000 0.04000000 5.29072000
0.66500000 0.04500000 5.28192700
0.66500000 0.05000000 5.27274600
0.66500000 0.05500000 5.26319500
0.66500000 0.06000000 5.25329600
0.66500000 0.06500000 5.24307000
0.66500000 0.07000000 5.23254200
0.66500000 0.07500000 5.22173700
0.66500000 0.08000000 5.21068200
0.66500000 0.08500000 5.19940500
0.66500000 0.09000000 5.18793500
0.66500000 0.09500000 5.17630400
0.66500000 0.10000000 5.16454400
0.66500000 0.10500000 5.15268600
0.66500000 0.11000000 5.14076400
0.66500000 0.11500000 5.12881200
0.66500000 0.12000000 5.11686600
0.66500000 0.12500000 5.10496000
0.66500000 0.13000000 5.09313100
0.66500000 0.13500000 5.08141300
0.66500000 0.14000000 5.06984400
0.66500000 0.14500000 5.05845800
0.66500000 0.15000000 5.04729200
0.66500000 0.15500000 5.03638100
0.66500000 0.16000000 5.02576100
0.66500000 0.16500000 5.01546600
0.66500000 0.17000000 5.00552900
0.66500000 0.17500000 4.99598500
0.66500000 0.18000000 4.98686500
0.66500000 0.18500000 4.97820000
0.66500000 0.19000000 4.97002100
0.66500000 0.19500000 4.96235700
0.66500000 0.20000000 4.95523400
0.66500000 0.20500000 4.94867900
0.66500000 0.21000000 4.94271700
0.66500000 0.21500000 4.93736900
0.66500000 0.22000000 4.93265800
0.66500000 0.22500000 4.92860100
0.66500000 0.23000000 4.92521700
0.66500000 0.23500000 4.92251900
0.66500000 0.24000000 4.92052200
0.66500000 0.24500000 4.91923600
0.66500000 0.25000000 4.91866900
0.66500000 0.63500000 4.89716100
0.66500000 0.64000000 4.86460700
0.66500000 0.64500000 4.83124300
0.66500000 0.65000000 4.79712800
0.66500000 0.65500000 4.76232100
0.66500000 0.66000000 4.72688700
0.66500000 0.66500000 4.69089100
0.66500000 0.67000000 4.65440000
0.66500000 0.67500000 4.61748500
0.66500000 0.68000000 4.58021900
0.66500000 0.68500000 4.54267400
0.66500000 0.69000000 4.50492700
0.66500000 0.69500000 4.46705400
0.66500000 0.70000000 4.42913300
0.66500000 0.70500000 4.39124600
0.66500000 0.71000000 4.35347000
0.66500000 0.71500000 4.31588900
0.66500000 0.72000000 4.27858300
0.66500000 0.72500000 4.24163400
0.66500000 0.73000000 4.20512500
0.66500000 0.73500000 4.16913700
0.66500000 0.74000000 4.13375200
0.66500000 0.74500000 4.09905100
0.66500000 0.75000000 4.06511500
0.66500000 0.75500000 4.03202400
0.66500000 0.76000000 3.99985500
0.66500000 0.76500000 3.96868700
0.66500000 0.77000000 3.93859300
0.66500000 0.77500000 3.90964900
0.66500000 0.78000000 3.88192600
0.66500000 0.78500000 3.85549400
0.66500000 0.79000000 3.83041900
0.66500000 0.79500000 3.80676700
0.66500000 0.80000000 3.78460000
0.66500000 0.80500000 3.76397700
0.66500000 0.81000000 3.74495300
0.66500000 0.81500000 3.72758100
0.66500000 0.82000000 3.71191100
0.66500000 0.82500000 3.69798900
0.66500000 0.83000000 3.68585500
0.66500000 0.83500000 3.67554800
0.66500000 0.84000000 3.66710300
0.66500000 0.84500000 3.66054800
0.66500000 0.85000000 3.65591000
0.66500000 0.85500000 3.65321000
0.66500000 0.86000000 3.65246400
0.67000000 0.00000000 5.30895500
0.67000000 0.00500000 5.30371900
0.67000000 0.01000000 5.29801400
0.67000000 0.01500000 5.29184100
0.67000000 0.02000000 5.28520700
0.67000000 0.02500000 5.27811900
0.67000000 0.03000000 5.27058500
0.67000000 0.03500000 5.26261800
0.67000000 0.04000000 5.25423000
0.67000000 0.04500000 5.24543700
0.67000000 0.05000000 5.23625500
0.67000000 0.05500000 5.22670500
0.67000000 0.06000000 5.21680500
0.67000000 0.06500000 5.20657900
0.67000000 0.07000000 5.19605100
0.67000000 0.07500000 5.18524600
0.67000000 0.08000000 5.17419100
0.67000000 0.08500000 5.16291400
0.67000000 0.09000000 5.15144500
0.67000000 0.09500000 5.13981400
0.67000000 0.10000000 5.12805300
0.67000000 0.10500000 5.11619500
0.67000000 0.11000000 5.10427300
0.67000000 0.11500000 5.09232200
0.67000000 0.12000000 5.08037600
0.67000000 0.12500000 5.06847000
0.67000000 0.13000000 5.05664000
0.67000000 0.13500000 5.04492300
0.67000000 0.14000000 5.03335300
0.67000000 0.14500000 5.02196700
0.67000000 0.15000000 5.01080200
0.67000000 0.15500000 4.99989100
0.67000000 0.16000000 4.98927100
0.67000000 0.16500000 4.97897500
0.67000000 0.17000000 4.96903900
0.67000000 0.17500000 4.95949400
0.67000000 0.18000000 4.95037400
0.67000000 0.18500000 4.94171000
0.67000000 0.19000000 4.93353100
0.67000000 0.19500000 4.92586600
0.67000000 0.20000000 4.91874300
0.67000000 0.20500000 4.91218900
0.67000000 0.21000000 4.90622600
0.67000000 0.21500000 4.90087900
0.67000000 0.22000000 4.89616700
0.67000000 0.22500000 4.89211100
0.67000000 0.23000000 4.88872600
0.67000000 0.23500000 4.88602900
0.67000000 0.24000000 4.88403200
0.67000000 0.24500000 4.88274500
0.67000000 0.25000000 4.88217800
0.67000000 0.63500000 4.86067000
0.67000000 0.64000000 4.82811600
0.67000000 0.64500000 4.79475300
0.67000000 0.65000000 4.76063700
0.67000000 0.65500000 4.72583100
0.67000000 0.66000000 4.69039700
0.67000000 0.66500000 4.65440000
0.67000000 0.67000000 4.61791000
0.67000000 0.67500000 4.58099500
0.67000000 0.68000000 4.54372800
0.67000000 0.68500000 4.50618300
0.67000000 0.69000000 4.46843600
0.67000000 0.69500000 4.43056300
0.67000000 0.70000000 4.39264300
0.67000000 0.70500000 4.35475500
0.67000000 0.71000000 4.31698000
0.67000000 0.71500000 4.27939800
0.67000000 0.72000000 4.24209200
0.67000000 0.72500000 4.20514300
0.67000000 0.73000000 4.16863400
0.67000000 0.73500000 4.13264600
0.67000000 0.74000000 4.09726100
0.67000000 0.74500000 4.06256000
0.67000000 0.75000000 4.02862500
0.67000000 0.75500000 3.99553300
0.67000000 0.76000000 3.96336500
0.67000000 0.76500000 3.93219600
0.67000000 0.77000000 3.90210300
0.67000000 0.77500000 3.87315900
0.67000000 0.78000000 3.84543600
0.67000000 0.78500000 3.81900300
0.67000000 0.79000000 3.79392900
0.67000000 0.79500000 3.77027700
0.67000000 0.80000000 3.74811000
0.67000000 0.80500000 3.72748600
0.67000000 0.81000000 3.70846200
0.67000000 0.81500000 3.69109100
0.67000000 0.82000000 3.67542100
0.67000000 0.82500000 3.66149800
0.67000000 0.83000000 3.64936400
0.67000000 0.83500000 3.63905800
0.67000000 0.84000000 3.63061200
0.67000000 0.84500000 3.62405800
0.67000000 0.85000000 3.61942000
0.67000000 0.85500000 3.61671900
0.67000000 0.86000000 3.61597300
0.67500000 0.00000000 5.27204000
0.67500000 0.00500000 5.26680500
0.67500000 0.01000000 5.26109900
0.67500000 0.01500000 5.25492700
0.67500000 0.02000000 5.24829200
0.67500000 0.02500000 5.24120400
0.67500000 0.03000000 5.23367000
0.67500000 0.03500000 5.22570300
0.67500000 0.04000000 5.21731500
0.67500000 0.04500000 5.20852200
0.67500000 0.05000000 5.19934100
0.67500000 0.05500000 5.18979000
0.67500000 0.06000000 5.17989100
0.67500000 0.06500000 5.16966500
0.67500000 0.07000000 5.15913700
0.67500000 0.07500000 5.14833200
0.67500000 0.08000000 5.13727600
0.67500000 0.08500000 5.12599900
0.67500000 0.09000000 5.11453000
0.67500000 0.09500000 5.10289900
0.67500000 0.10000000 5.09113800
0.67500000 0.10500000 5.07928000
0.67500000 0.11000000 5.06735800
0.67500000 0.11500000 5.05540700
0.67500000 0.12000000 5.04346100
0.67500000 0.12500000 5.03155500
0.67500000 0.13000000 5.01972600
0.67500000 0.13500000 5.00800800
0.67500000 0.14000000 4.99643800
0.67500000 0.14500000 4.98505300
0.67500000 0.15000000 4.97388700
0.67500000 0.15500000 4.96297600
0.67500000 0.16000000 4.95235600
0.67500000 0.16500000 4.94206000
0.67500000 0.17000000 4.93212400
0.67500000 0.17500000 4.92258000
0.67500000 0.18000000 4.91345900
0.67500000 0.18500000 4.90479500
0.67500000 0.19000000 4.89661600
0.67500000 0.19500000 4.88895100
0.67500000 0.20000000 4.88182900
0.67500000 0.20500000 4.87527400
0.67500000 0.21000000 4.86931200
0.67500000 0.21500000 4.86396400
0.67500000 0.22000000 4.85925300
0.67500000 0.22500000 4.85519600
0.67500000 0.23000000 4.85181200
0.67500000 0.23500000 4.84911400
0.67500000 0.24000000 4.84711700
0.67500000 0.24500000 4.84583000
0.67500000 0.25000000 4.84526300
0.67500000 0.63500000 4.82375600
0.67500000 0.64000000 4.79120200
0.67500000 0.64500000 4.75783800
0.67500000 0.65000000 4.72372300
0.67500000 0.65500000 4.68891600
0.67500000 0.66000000 4.65348200
0.67500000 0.66500000 4.61748500
0.67500000 0.67000000 4.58099500
0.67500000 0.67500000 4.54408000
0.67500000 0.68000000 4.50681400
0.67500000 0.68500000 4.46926900
0.67500000 0.69000000 4.43152100
0.67500000 0.69500000 4.39364800
0.67500000 0.70000000 4.35572800
0.67500000 0.70500000 4.31784000
0.67500000 0.71000000 4.28006500
0.67500000 0.71500000 4.24248400
0.67500000 0.72000000 4.20517700
0.67500000 0.72500000 4.16822900
0.67500000 0.73000000 4.13171900
0.67500000 0.73500000 4.09573100
0.67500000 0.74000000 4.06034600
0.67500000 0.74500000 4.02564600
0.67500000 0.75000000 3.99171000
0.67500000 0.75500000 3.95861900
0.67500000 0.76000000 3.92645000
0.67500000 0.76500000 3.89528100
0.67500000 0.77000000 3.86518800
0.67500000 0.77500000 3.83624400
0.67500000 0.78000000 3.80852100
0.67500000 0.78500000 3.78208800
0.67500000 0.79000000 3.75701400
0.67500000 0.79500000 3.73336200
0.67500000 0.80000000 3.71119500
0.67500000 0.80500000 3.69057100
0.67500000 0.81000000 3.67154800
0.67500000 0.81500000 3.65417600
0.67500000 0.82000000 3.63850600
0.67500000 0.82500000 3.62458300
0.67500000 0.83000000 3.61245000
0.67500000 0.83500000 3.60214300
0.67500000 0.84000000 3.59369800
0.67500000 0.84500000 3.58714300
0.67500000 0.85000000 3.58250500
0.67500000 0.85500000 3.57980500
0.67500000 0.86000000 3.57905900
0.68000000 0.00000000 5.23477300
0.68000000 0.00500000 5.22953800
0.68000000 0.01000000 5.22383200
0.68000000 0.01500000 5.21766000
0.68000000 0.02000000 5.21102600
0.68000000 0.02500000 5.20393700
0.68000000 0.03000000 5.19640400
0.68000000 0.03500000 5.18843600
0.68000000 0.04000000 5.18004800
0.68000000 0.04500000 5.17125500
0.68000000 0.05000000 5.16207400
0.68000000 0.05500000 5.15252300
0.68000000 0.06000000 5.14262400
0.68000000 0.06500000 5.13239800
0.68000000 0.07000000 5.12187000
0.68000000 0.07500000 5.11106500
0.68000000 0.08000000 5.10001000
0.68000000 0.08500000 5.08873300
0.68000000 0.09000000 5.07726300
0.68000000 0.09500000 5.06563300
0.68000000 0.10000000 5.05387200
0.68000000 0.10500000 5.04201400
0.68000000 0.11000000 5.03009200
0.68000000 0.11500000 5.01814000
0.68000000 0.12000000 5.00619400
0.68000000 0.12500000 4.99428800
0.68000000 0.13000000 4.98245900
0.68000000 0.13500000 4.97074100
0.68000000 0.14000000 4.95917200
0.68000000 0.14500000 4.94778600
0.68000000 0.15000000 4.93662000
0.68000000 0.15500000 4.92570900
0.68000000 0.16000000 4.91508900
0.68000000 0.16500000 4.90479400
0.68000000 0.17000000 4.89485700
0.68000000 0.17500000 4.88531300
0.68000000 0.18000000 4.87619300
0.68000000 0.18500000 4.86752800
0.68000000 0.19000000 4.85934900
0.68000000 0.19500000 4.85168500
0.68000000 0.20000000 4.84456200
0.68000000 0.20500000 4.83800700
0.68000000 0.21000000 4.83204500
0.68000000 0.21500000 4.82669700
0.68000000 0.22000000 4.82198600
0.68000000 0.22500000 4.81792900
0.68000000 0.23000000 4.81454500
0.68000000 0.23500000 4.81184800
0.68000000 0.24000000 4.80985000
0.68000000 0.24500000 4.80856400
0.68000000 0.25000000 4.80799700
0.68000000 0.63500000 4.78648900
0.68000000 0.64000000 4.75393500
0.68000000 0.64500000 4.72057100
0.68000000 0.65000000 4.68645600
0.68000000 0.65500000 4.65164900
0.68000000 0.66000000 4.61621500
0.68000000 0.66500000 4.58021900
0.68000000 0.67000000 4.54372800
0.68000000 0.67500000 4.50681400
0.68000000 0.68000000 4.46954700
0.68000000 0.68500000 4.43200200
0.68000000 0.69000000 4.39425500
0.68000000 0.69500000 4.35638200
0.68000000 0.70000000 4.31846200
0.68000000 0.70500000 4.28057400
0.68000000 0.71000000 4.24279800
0.68000000 0.71500000 4.20521700
0.68000000 0.72000000 4.16791100
0.68000000 0.72500000 4.13096200
0.68000000 0.73000000 4.09445300
0.68000000 0.73500000 4.05846500
0.68000000 0.74000000 4.02308000
0.68000000 0.74500000 3.98837900
0.68000000 0.75000000 3.95444300
0.68000000 0.75500000 3.92135200
0.68000000 0.76000000 3.88918300
0.68000000 0.76500000 3.85801500
0.68000000 0.77000000 3.82792100
0.68000000 0.77500000 3.79897700
0.68000000 0.78000000 3.77125400
0.68000000 0.78500000 3.74482200
0.68000000 0.79000000 3.71974700
0.68000000 0.79500000 3.69609500
0.68000000 0.80000000 3.67392800
0.68000000 0.80500000 3.65330500
0.68000000 0.81000000 3.63428100
0.68000000 0.81500000 3.61690900
0.68000000 0.82000000 3.60123900
0.68000000 0.82500000 3.58731700
0.68000000 0.83000000 3.57518300
0.68000000 0.83500000 3.56487600
0.68000000 0.84000000 3.55643100
0.68000000 0.84500000 3.54987600
0.68000000 0.85000000 3.54523800
0.68000000 0.85500000 3.54253800
0.68000000 0.86000000 3.54179200
0.68500000 0.00000000 5.19722900
0.68500000 0.00500000 5.19199300
0.68500000 0.01000000 5.18628700
0.68500000 0.01500000 5.18011500
0.68500000 0.02000000 5.17348100
0.68500000 0.02500000 5.16639200
0.68500000 0.03000000 5.15885900
0.68500000 0.03500000 5.15089100
0.68500000 0.04000000 5.14250400
0.68500000 0.04500000 5.13371000
0.68500000 0.05000000 5.12452900
0.68500000 0.05500000 5.11497800
0.68500000 0.06000000 5.10507900
0.68500000 0.06500000 5.09485300
0.68500000 0.07000000 5.08432500
0.68500000 0.07500000 5.07352000
0.68500000 0.08000000 5.06246500
0.68500000 0.08500000 5.05118800
0.68500000 0.09000000 5.03971900
0.68500000 0.09500000 5.02808800
0.68500000 0.10000000 5.01632700
0.68500000 0.10500000 5.00446900
0.68500000 0.11000000 4.99254700
0.68500000 0.11500000 4.98059600
0.68500000 0.12000000 4.96864900
0.68500000 0.12500000 4.95674400
0.68500000 0.13000000 4.94491400
0.68500000 0.13500000 4.93319700
0.68500000 0.14000000 4.92162700
0.68500000 0.14500000 4.91024100
0.68500000 0.15000000 4.89907500
0.68500000 0.15500000 4.88816500
0.68500000 0.16000000 4.87754400
0.68500000 0.16500000 4.86724900
0.68500000 0.17000000 4.85731200
0.68500000 0.17500000 4.84776800
0.68500000 0.18000000 4.83864800
0.68500000 0.18500000 4.82998300
0.68500000 0.19000000 4.82180400
0.68500000 0.19500000 4.81414000
0.68500000 0.20000000 4.80701700
0.68500000 0.20500000 4.80046300
0.68500000 0.21000000 4.79450000
0.68500000 0.21500000 4.78915300
0.68500000 0.22000000 4.78444100
0.68500000 0.22500000 4.78038500
0.68500000 0.23000000 4.77700000
0.68500000 0.23500000 4.77430300
0.68500000 0.24000000 4.77230500
0.68500000 0.24500000 4.77101900
0.68500000 0.25000000 4.77045200
0.68500000 0.63500000 4.74894400
0.68500000 0.64000000 4.71639000
0.68500000 0.64500000 4.68302600
0.68500000 0.65000000 4.64891100
0.68500000 0.65500000 4.61410500
0.68500000 0.66000000 4.57867000
0.68500000 0.66500000 4.54267400
0.68500000 0.67000000 4.50618300
0.68500000 0.67500000 4.46926900
0.68500000 0.68000000 4.43200200
0.68500000 0.68500000 4.39445700
0.68500000 0.69000000 4.35671000
0.68500000 0.69500000 4.31883700
0.68500000 0.70000000 4.28091700
0.68500000 0.70500000 4.24302900
0.68500000 0.71000000 4.20525400
0.68500000 0.71500000 4.16767200
0.68500000 0.72000000 4.13036600
0.68500000 0.72500000 4.09341700
0.68500000 0.73000000 4.05690800
0.68500000 0.73500000 4.02092000
0.68500000 0.74000000 3.98553500
0.68500000 0.74500000 3.95083400
0.68500000 0.75000000 3.91689800
0.68500000 0.75500000 3.88380700
0.68500000 0.76000000 3.85163900
0.68500000 0.76500000 3.82047000
0.68500000 0.77000000 3.79037700
0.68500000 0.77500000 3.76143200
0.68500000 0.78000000 3.73370900
0.68500000 0.78500000 3.70727700
0.68500000 0.79000000 3.68220200
0.68500000 0.79500000 3.65855100
0.68500000 0.80000000 3.63638300
0.68500000 0.80500000 3.61576000
0.68500000 0.81000000 3.59673600
0.68500000 0.81500000 3.57936400
0.68500000 0.82000000 3.56369500
0.68500000 0.82500000 3.54977200
0.68500000 0.83000000 3.53763800
0.68500000 0.83500000 3.52733200
0.68500000 0.84000000 3.51888600
0.68500000 0.84500000 3.51233200
0.68500000 0.85000000 3.50769300
0.68500000 0.85500000 3.50499300
0.68500000 0.86000000 3.50424700
0.69000000 0.00000000 5.15948100
0.69000000 0.00500000 5.15424600
0.69000000 0.01000000 5.14854000
0.69000000 0.01500000 5.14236800
0.69000000 0.02000000 5.13573400
0.69000000 0.02500000 5.12864500
0.69000000 0.03000000 5.12111100
0.69000000 0.03500000 5.11314400
0.69000000 0.04000000 5.10475600
0.69000000 0.04500000 5.09596300
0.69000000 0.05000000 5.08678200
0.69000000 0.05500000 5.07723100
0.69000000 0.06000000 5.06733200
0.69000000 0.06500000 5.05710600
0.69000000 0.07000000 5.04657800
0.69000000 0.07500000 5.03577300
0.69000000 0.08000000 5.02471700
0.69000000 0.08500000 5.01344000
0.69000000 0.09000000 5.00197100
0.69000000 0.09500000 4.99034000
0.69000000 0.10000000 4.97857900
0.69000000 0.10500000 4.96672100
0.69000000 0.11000000 4.95480000
0.69000000 0.11500000 4.94284800
0.69000000 0.12000000 4.93090200
0.69000000 0.12500000 4.91899600
0.69000000 0.13000000 4.90716700
0.69000000 0.13500000 4.89544900
0.69000000 0.14000000 4.88388000
0.69000000 0.14500000 4.87249400
0.69000000 0.15000000 4.86132800
0.69000000 0.15500000 4.85041700
0.69000000 0.16000000 4.83979700
0.69000000 0.16500000 4.82950200
0.69000000 0.17000000 4.81956500
0.69000000 0.17500000 4.81002100
0.69000000 0.18000000 4.80090100
0.69000000 0.18500000 4.79223600
0.69000000 0.19000000 4.78405700
0.69000000 0.19500000 4.77639200
0.69000000 0.20000000 4.76927000
0.69000000 0.20500000 4.76271500
0.69000000 0.21000000 4.75675300
0.69000000 0.21500000 4.75140500
0.69000000 0.22000000 4.74669400
0.69000000 0.22500000 4.74263700
0.69000000 0.23000000 4.73925300
0.69000000 0.23500000 4.73655500
0.69000000 0.24000000 4.73455800
0.69000000 0.24500000 4.73327200
0.69000000 0.25000000 4.73270400
0.69000000 0.63500000 4.71119700
0.69000000 0.64000000 4.67864300
0.69000000 0.64500000 4.64527900
0.69000000 0.65000000 4.61116400
0.69000000 0.65500000 4.57635700
0.69000000 0.66000000 4.54092300
0.69000000 0.66500000 4.50492700
0.69000000 0.67000000 4.46843600
0.69000000 0.67500000 4.43152100
0.69000000 0.68000000 4.39425500
0.69000000 0.68500000 4.35671000
0.69000000 0.69000000 4.31896200
0.69000000 0.69500000 4.28108900
0.69000000 0.70000000 4.24316900
0.69000000 0.70500000 4.20528100
0.69000000 0.71000000 4.16750600
0.69000000 0.71500000 4.12992500
0.69000000 0.72000000 4.09261900
0.69000000 0.72500000 4.05567000
0.69000000 0.73000000 4.01916000
0.69000000 0.73500000 3.98317200
0.69000000 0.74000000 3.94778700
0.69000000 0.74500000 3.91308700
0.69000000 0.75000000 3.87915100
0.69000000 0.75500000 3.84606000
0.69000000 0.76000000 3.81389100
0.69000000 0.76500000 3.78272200
0.69000000 0.77000000 3.75262900
0.69000000 0.77500000 3.72368500
0.69000000 0.78000000 3.69596200
0.69000000 0.78500000 3.66953000
0.69000000 0.79000000 3.64445500
0.69000000 0.79500000 3.62080300
0.69000000 0.80000000 3.59863600
0.69000000 0.80500000 3.57801200
0.69000000 0.81000000 3.55898900
0.69000000 0.81500000 3.54161700
0.69000000 0.82000000 3.52594700
0.69000000 0.82500000 3.51202400
0.69000000 0.83000000 3.49989100
0.69000000 0.83500000 3.48958400
0.69000000 0.84000000 3.48113900
0.69000000 0.84500000 3.47458400
0.69000000 0.85000000 3.46994600
0.69000000 0.85500000 3.46724600
0.69000000 0.86000000 3.46650000
0.69500000 0.00000000 5.12160800
0.69500000 0.00500000 5.11637300
0.69500000 0.01000000 5.11066700
0.69500000 0.01500000 5.10449500
0.69500000 0.02000000 5.09786100
0.69500000 0.02500000 5.09077200
0.69500000 0.03000000 5.08323800
0.69500000 0.03500000 5.07527100
0.69500000 0.04000000 5.06688300
0.69500000 0.04500000 5.05809000
0.69500000 0.05000000 5.04890900
0.69500000 0.05500000 5.03935800
0.69500000 0.06000000 5.02945900
0.69500000 0.06500000 5.01923300
0.69500000 0.07000000 5.00870500
0.69500000 0.07500000 4.99790000
0.69500000 0.08000000 4.98684400
0.69500000 0.08500000 4.97556700
0.69500000 0.09000000 4.96409800
0.69500000 0.09500000 4.95246700
0.69500000 0.10000000 4.94070700
0.69500000 0.10500000 4.92884800
0.69500000 0.11000000 4.91692700
0.69500000 0.11500000 4.90497500
0.69500000 0.12000000 4.89302900
0.69500000 0.12500000 4.88112300
0.69500000 0.13000000 4.86929400
0.69500000 0.13500000 4.85757600
0.69500000 0.14000000 4.84600700
0.69500000 0.14500000 4.83462100
0.69500000 0.15000000 4.82345500
0.69500000 0.15500000 4.81254400
0.69500000 0.16000000 4.80192400
0.69500000 0.16500000 4.79162900
0.69500000 0.17000000 4.78169200
0.69500000 0.17500000 4.77214800
0.69500000 0.18000000 4.76302800
0.69500000 0.18500000 4.75436300
0.69500000 0.19000000 4.74618400
0.69500000 0.19500000 4.73852000
0.69500000 0.20000000 4.73139700
0.69500000 0.20500000 4.72484200
0.69500000 0.21000000 4.71888000
0.69500000 0.21500000 4.71353200
0.69500000 0.22000000 4.70882100
0.69500000 0.22500000 4.70476400
0.69500000 0.23000000 4.70138000
0.69500000 0.23500000 4.69868200
0.69500000 0.24000000 4.69668500
0.69500000 0.24500000 4.69539900
0.69500000 0.25000000 4.69483200
0.69500000 0.63500000 4.67332400
0.69500000 0.64000000 4.64077000
0.69500000 0.64500000 4.60740600
0.69500000 0.65000000 4.57329100
0.69500000 0.65500000 4.53848400
0.69500000 0.66000000 4.50305000
0.69500000 0.66500000 4.46705400
0.69500000 0.67000000 4.43056300
0.69500000 0.67500000 4.39364800
0.69500000 0.68000000 4.35638200
0.69500000 0.68500000 4.31883700
0.69500000 0.69000000 4.28108900
0.69500000 0.69500000 4.24321600
0.69500000 0.70000000 4.20529600
0.69500000 0.70500000 4.16740800
0.69500000 0.71000000 4.12963300
0.69500000 0.71500000 4.09205200
0.69500000 0.72000000 4.05474600
0.69500000 0.72500000 4.01779700
0.69500000 0.73000000 3.98128700
0.69500000 0.73500000 3.94529900
0.69500000 0.74000000 3.90991400
0.69500000 0.74500000 3.87521400
0.69500000 0.75000000 3.84127800
0.69500000 0.75500000 3.80818700
0.69500000 0.76000000 3.77601800
0.69500000 0.76500000 3.74484900
0.69500000 0.77000000 3.71475600
0.69500000 0.77500000 3.68581200
0.69500000 0.78000000 3.65808900
0.69500000 0.78500000 3.63165700
0.69500000 0.79000000 3.60658200
0.69500000 0.79500000 3.58293000
0.69500000 0.80000000 3.56076300
0.69500000 0.80500000 3.54014000
0.69500000 0.81000000 3.52111600
0.69500000 0.81500000 3.50374400
0.69500000 0.82000000 3.48807400
0.69500000 0.82500000 3.47415100
0.69500000 0.83000000 3.46201800
0.69500000 0.83500000 3.45171100
0.69500000 0.84000000 3.44326600
0.69500000 0.84500000 3.43671100
0.69500000 0.85000000 3.43207300
0.69500000 0.85500000 3.42937300
0.69500000 0.86000000 3.42862700
0.70000000 0.00000000 5.08368800
0.70000000 0.00500000 5.07845300
0.70000000 0.01000000 5.07274700
0.70000000 0.01500000 5.06657500
0.70000000 0.02000000 5.05994000
0.70000000 0.02500000 5.05285200
0.70000000 0.03000000 5.04531800
0.70000000 0.03500000 5.03735100
0.70000000 0.04000000 5.02896300
0.70000000 0.04500000 5.02017000
0.70000000 0.05000000 5.01098900
0.70000000 0.05500000 5.00143800
0.70000000 0.06000000 4.99153800
0.70000000 0.06500000 4.98131300
0.70000000 0.07000000 4.97078500
0.70000000 0.07500000 4.95998000
0.70000000 0.08000000 4.94892400
0.70000000 0.08500000 4.93764700
0.70000000 0.09000000 4.92617800
0.70000000 0.09500000 4.91454700
0.70000000 0.10000000 4.90278600
0.70000000 0.10500000 4.89092800
0.70000000 0.11000000 4.87900600
0.70000000 0.11500000 4.86705500
0.70000000 0.12000000 4.85510900
0.70000000 0.12500000 4.84320300
0.70000000 0.13000000 4.83137400
0.70000000 0.13500000 4.81965600
0.70000000 0.14000000 4.80808600
0.70000000 0.14500000 4.79670100
0.70000000 0.15000000 4.78553500
0.70000000 0.15500000 4.77462400
0.70000000 0.16000000 4.76400400
0.70000000 0.16500000 4.75370800
0.70000000 0.17000000 4.74377200
0.70000000 0.17500000 4.73422800
0.70000000 0.18000000 4.72510700
0.70000000 0.18500000 4.71644300
0.70000000 0.19000000 4.70826400
0.70000000 0.19500000 4.70059900
0.70000000 0.20000000 4.69347700
0.70000000 0.20500000 4.68692200
0.70000000 0.21000000 4.68096000
0.70000000 0.21500000 4.67561200
0.70000000 0.22000000 4.67090100
0.70000000 0.22500000 4.66684400
0.70000000 0.23000000 4.66346000
0.70000000 0.23500000 4.66076200
0.70000000 0.24000000 4.65876500
0.70000000 0.24500000 4.65747800
0.70000000 0.25000000 4.65691100
0.70000000 0.63500000 4.63540400
0.70000000 0.64000000 4.60285000
0.70000000 0.64500000 4.56948600
0.70000000 0.65000000 4.53537100
0.70000000 0.65500000 4.50056400
0.70000000 0.66000000 4.46513000
0.70000000 0.66500000 4.42913300
0.70000000 0.67000000 4.39264300
0.70000000 0.67500000 4.35572800
0.70000000 0.68000000 4.31846200
0.70000000 0.68500000 4.28091700
0.70000000 0.69000000 4.24316900
0.70000000 0.69500000 4.20529600
0.70000000 0.70000000 4.16737600
0.70000000 0.70500000 4.12948800
0.70000000 0.71000000 4.09171300
0.70000000 0.71500000 4.05413200
0.70000000 0.72000000 4.01682500
0.70000000 0.72500000 3.97987700
0.70000000 0.73000000 3.94336700
0.70000000 0.73500000 3.90737900
0.70000000 0.74000000 3.87199400
0.70000000 0.74500000 3.83729400
0.70000000 0.75000000 3.80335800
0.70000000 0.75500000 3.77026700
0.70000000 0.76000000 3.73809800
0.70000000 0.76500000 3.70692900
0.70000000 0.77000000 3.67683600
0.70000000 0.77500000 3.64789200
0.70000000 0.78000000 3.62016900
0.70000000 0.78500000 3.59373600
0.70000000 0.79000000 3.56866200
0.70000000 0.79500000 3.54501000
0.70000000 0.80000000 3.52284300
0.70000000 0.80500000 3.50221900
0.70000000 0.81000000 3.48319600
0.70000000 0.81500000 3.46582400
0.70000000 0.82000000 3.45015400
0.70000000 0.82500000 3.43623100
0.70000000 0.83000000 3.42409800
0.70000000 0.83500000 3.41379100
0.70000000 0.84000000 3.40534600
0.70000000 0.84500000 3.39879100
0.70000000 0.85000000 3.39415300
0.70000000 0.85500000 3.39145300
0.70000000 0.86000000 3.39070700
0.70500000 0.00000000 5.04580000
0.70500000 0.00500000 5.04056500
0.70500000 0.01000000 5.03485900
0.70500000 0.01500000 5.02868700
0.70500000 0.02000000 5.02205300
0.70500000 0.02500000 5.01496400
0.70500000 0.03000000 5.00743100
0.70500000 0.03500000 4.99946300
0.70500000 0.04000000 4.99107500
0.70500000 0.04500000 4.98228200
0.70500000 0.05000000 4.97310100
0.70500000 0.05500000 4.96355000
0.70500000 0.06000000 4.95365100
0.70500000 0.06500000 4.94342500
0.70500000 0.07000000 4.93289700
0.70500000 0.07500000 4.92209200
0.70500000 0.08000000 4.91103600
0.70500000 0.08500000 4.89975900
0.70500000 0.09000000 4.88829000
0.70500000 0.09500000 4.87665900
0.70500000 0.10000000 4.86489900
0.70500000 0.10500000 4.85304000
0.70500000 0.11000000 4.84111900
0.70500000 0.11500000 4.82916700
0.70500000 0.12000000 4.81722100
0.70500000 0.12500000 4.80531500
0.70500000 0.13000000 4.79348600
0.70500000 0.13500000 4.78176800
0.70500000 0.14000000 4.77019900
0.70500000 0.14500000 4.75881300
0.70500000 0.15000000 4.74764700
0.70500000 0.15500000 4.73673600
0.70500000 0.16000000 4.72611600
0.70500000 0.16500000 4.71582100
0.70500000 0.17000000 4.70588400
0.70500000 0.17500000 4.69634000
0.70500000 0.18000000 4.68722000
0.70500000 0.18500000 4.67855500
0.70500000 0.19000000 4.67037600
0.70500000 0.19500000 4.66271200
0.70500000 0.20000000 4.65558900
0.70500000 0.20500000 4.64903400
0.70500000 0.21000000 4.64307200
0.70500000 0.21500000 4.63772400
0.70500000 0.22000000 4.63301300
0.70500000 0.22500000 4.62895600
0.70500000 0.23000000 4.62557200
0.70500000 0.23500000 4.62287400
0.70500000 0.24000000 4.62087700
0.70500000 0.24500000 4.61959100
0.70500000 0.25000000 4.61902400
0.70500000 0.63500000 4.59751600
0.70500000 0.64000000 4.56496200
0.70500000 0.64500000 4.53159800
0.70500000 0.65000000 4.49748300
0.70500000 0.65500000 4.46267600
0.70500000 0.66000000 4.42724200
0.70500000 0.66500000 4.39124600
0.70500000 0.67000000 4.35475500
0.70500000 0.67500000 4.31784000
0.70500000 0.68000000 4.28057400
0.70500000 0.68500000 4.24302900
0.70500000 0.69000000 4.20528100
0.70500000 0.69500000 4.16740800
0.70500000 0.70000000 4.12948800
0.70500000 0.70500000 4.09160000
0.70500000 0.71000000 4.05382500
0.70500000 0.71500000 4.01624400
0.70500000 0.72000000 3.97893800
0.70500000 0.72500000 3.94198900
0.70500000 0.73000000 3.90547900
0.70500000 0.73500000 3.86949100
0.70500000 0.74000000 3.83410600
0.70500000 0.74500000 3.79940600
0.70500000 0.75000000 3.76547000
0.70500000 0.75500000 3.73237900
0.70500000 0.76000000 3.70021000
0.70500000 0.76500000 3.66904100
0.70500000 0.77000000 3.63894800
0.70500000 0.77500000 3.61000400
0.70500000 0.78000000 3.58228100
0.70500000 0.78500000 3.55584900
0.70500000 0.79000000 3.53077400
0.70500000 0.79500000 3.50712200
0.70500000 0.80000000 3.48495500
0.70500000 0.80500000 3.46433200
0.70500000 0.81000000 3.44530800
0.70500000 0.81500000 3.42793600
0.70500000 0.82000000 3.41226600
0.70500000 0.82500000 3.39834300
0.70500000 0.83000000 3.38621000
0.70500000 0.83500000 3.37590300
0.70500000 0.84000000 3.36745800
0.70500000 0.84500000 3.36090300
0.70500000 0.85000000 3.35626500
0.70500000 0.85500000 3.35356500
0.70500000 0.86000000 3.35281900
0.71000000 0.00000000 5.00802500
0.71000000 0.00500000 5.00278900
0.71000000 0.01000000 4.99708400
0.71000000 0.01500000 4.99091100
0.71000000 0.02000000 4.98427700
0.71000000 0.02500000 4.97718900
0.71000000 0.03000000 4.96965500
0.71000000 0.03500000 4.96168800
0.71000000 0.04000000 4.95330000
0.71000000 0.04500000 4.94450700
0.71000000 0.05000000 4.93532500
0.71000000 0.05500000 4.92577500
0.71000000 0.06000000 4.91587500
0.71000000 0.06500000 4.90565000
0.71000000 0.07000000 4.89512200
0.71000000 0.07500000 4.88431600
0.71000000 0.08000000 4.87326100
0.71000000 0.08500000 4.86198400
0.71000000 0.09000000 4.85051500
0.71000000 0.09500000 4.83888400
0.71000000 0.10000000 4.82712300
0.71000000 0.10500000 4.81526500
0.71000000 0.11000000 4.80334300
0.71000000 0.11500000 4.79139200
0.71000000 0.12000000 4.77944600
0.71000000 0.12500000 4.76754000
0.71000000 0.13000000 4.75571000
0.71000000 0.13500000 4.74399300
0.71000000 0.14000000 4.73242300
0.71000000 0.14500000 4.72103800
0.71000000 0.15000000 4.70987200
0.71000000 0.15500000 4.69896100
0.71000000 0.16000000 4.68834100
0.71000000 0.16500000 4.67804500
0.71000000 0.17000000 4.66810900
0.71000000 0.17500000 4.65856400
0.71000000 0.18000000 4.64944400
0.71000000 0.18500000 4.64078000
0.71000000 0.19000000 4.63260100
0.71000000 0.19500000 4.62493600
0.71000000 0.20000000 4.61781400
0.71000000 0.20500000 4.61125900
0.71000000 0.21000000 4.60529700
0.71000000 0.21500000 4.59994900
0.71000000 0.22000000 4.59523800
0.71000000 0.22500000 4.59118100
0.71000000 0.23000000 4.58779600
0.71000000 0.23500000 4.58509900
0.71000000 0.24000000 4.58310200
0.71000000 0.24500000 4.58181500
0.71000000 0.25000000 4.58124800
0.71000000 0.63500000 4.55974100
0.71000000 0.64000000 4.52718700
0.71000000 0.64500000 4.49382300
0.71000000 0.65000000 4.45970700
0.71000000 0.65500000 4.42490100
0.71000000 0.66000000 4.38946700
0.71000000 0.66500000 4.35347000
0.71000000 0.67000000 4.31698000
0.71000000 0.67500000 4.28006500
0.71000000 0.68000000 4.24279800
0.71000000 0.68500000 4.20525400
0.71000000 0.69000000 4.16750600
0.71000000 0.69500000 4.12963300
0.71000000 0.70000000 4.09171300
0.71000000 0.70500000 4.05382500
0.71000000 0.71000000 4.01605000
0.71000000 0.71500000 3.97846800
0.71000000 0.72000000 3.94116200
0.71000000 0.72500000 3.90421400
0.71000000 0.73000000 3.86770400
0.71000000 0.73500000 3.83171600
0.71000000 0.74000000 3.79633100
0.71000000 0.74500000 3.76163100
0.71000000 0.75000000 3.72769500
0.71000000 0.75500000 3.69460400
0.71000000 0.76000000 3.66243500
0.71000000 0.76500000 3.63126600
0.71000000 0.77000000 3.60117300
0.71000000 0.77500000 3.57222900
0.71000000 0.78000000 3.54450600
0.71000000 0.78500000 3.51807300
0.71000000 0.79000000 3.49299900
0.71000000 0.79500000 3.46934700
0.71000000 0.80000000 3.44718000
0.71000000 0.80500000 3.42655600
0.71000000 0.81000000 3.40753200
0.71000000 0.81500000 3.39016100
0.71000000 0.82000000 3.37449100
0.71000000 0.82500000 3.36056800
0.71000000 0.83000000 3.34843500
0.71000000 0.83500000 3.33812800
0.71000000 0.84000000 3.32968300
0.71000000 0.84500000 3.32312800
0.71000000 0.85000000 3.31849000
0.71000000 0.85500000 3.31578900
0.71000000 0.86000000 3.31504300
0.71500000 0.00000000 4.97044300
0.71500000 0.00500000 4.96520800
0.71500000 0.01000000 4.95950200
0.71500000 0.01500000 4.95333000
0.71500000 0.02000000 4.94669600
0.71500000 0.02500000 4.93960700
0.71500000 0.03000000 4.93207400
0.71500000 0.03500000 4.92410600
0.71500000 0.04000000 4.91571900
0.71500000 0.04500000 4.90692500
0.71500000 0.05000000 4.89774400
0.71500000 0.05500000 4.88819300
0.71500000 0.06000000 4.87829400
0.71500000 0.06500000 4.86806800
0.71500000 0.07000000 4.85754000
0.71500000 0.07500000 4.84673500
0.71500000 0.08000000 4.83568000
0.71500000 0.08500000 4.82440300
0.71500000 0.09000000 4.81293300
0.71500000 0.09500000 4.80130300
0.71500000 0.10000000 4.78954200
0.71500000 0.10500000 4.77768400
0.71500000 0.11000000 4.76576200
0.71500000 0.11500000 4.75381000
0.71500000 0.12000000 4.74186400
0.71500000 0.12500000 4.72995900
0.71500000 0.13000000 4.71812900
0.71500000 0.13500000 4.70641100
0.71500000 0.14000000 4.69484200
0.71500000 0.14500000 4.68345600
0.71500000 0.15000000 4.67229000
0.71500000 0.15500000 4.66138000
0.71500000 0.16000000 4.65075900
0.71500000 0.16500000 4.64046400
0.71500000 0.17000000 4.63052700
0.71500000 0.17500000 4.62098300
0.71500000 0.18000000 4.61186300
0.71500000 0.18500000 4.60319800
0.71500000 0.19000000 4.59501900
0.71500000 0.19500000 4.58735500
0.71500000 0.20000000 4.58023200
0.71500000 0.20500000 4.57367700
0.71500000 0.21000000 4.56771500
0.71500000 0.21500000 4.56236800
0.71500000 0.22000000 4.55765600
0.71500000 0.22500000 4.55359900
0.71500000 0.23000000 4.55021500
0.71500000 0.23500000 4.54751800
0.71500000 0.24000000 4.54552000
0.71500000 0.24500000 4.54423400
0.71500000 0.25000000 4.54366700
0.71500000 0.63500000 4.52215900
0.71500000 0.64000000 4.48960500
0.71500000 0.64500000 4.45624100
0.71500000 0.65000000 4.42212600
0.71500000 0.65500000 4.38731900
0.71500000 0.66000000 4.35188500
0.71500000 0.66500000 4.31588900
0.71500000 0.67000000 4.27939800
0.71500000 0.67500000 4.24248400
0.71500000 0.68000000 4.20521700
0.71500000 0.68500000 4.16767200
0.71500000 0.69000000 4.12992500
0.71500000 0.69500000 4.09205200
0.71500000 0.70000000 4.05413200
0.71500000 0.70500000 4.01624400
0.71500000 0.71000000 3.97846800
0.71500000 0.71500000 3.94088700
0.71500000 0.72000000 3.90358100
0.71500000 0.72500000 3.86663200
0.71500000 0.73000000 3.83012300
0.71500000 0.73500000 3.79413500
0.71500000 0.74000000 3.75875000
0.71500000 0.74500000 3.72404900
0.71500000 0.75000000 3.69011300
0.71500000 0.75500000 3.65702200
0.71500000 0.76000000 3.62485300
0.71500000 0.76500000 3.59368500
0.71500000 0.77000000 3.56359100
0.71500000 0.77500000 3.53464700
0.71500000 0.78000000 3.50692400
0.71500000 0.78500000 3.48049200
0.71500000 0.79000000 3.45541700
0.71500000 0.79500000 3.43176500
0.71500000 0.80000000 3.40959800
0.71500000 0.80500000 3.38897500
0.71500000 0.81000000 3.36995100
0.71500000 0.81500000 3.35257900
0.71500000 0.82000000 3.33690900
0.71500000 0.82500000 3.32298700
0.71500000 0.83000000 3.31085300
0.71500000 0.83500000 3.30054700
0.71500000 0.84000000 3.29210100
0.71500000 0.84500000 3.28554600
0.71500000 0.85000000 3.28090800
0.71500000 0.85500000 3.27820800
0.71500000 0.86000000 3.27746200
0.72000000 0.00000000 4.93313700
0.72000000 0.00500000 4.92790200
0.72000000 0.01000000 4.92219600
0.72000000 0.01500000 4.91602400
0.72000000 0.02000000 4.90939000
0.72000000 0.02500000 4.90230100
0.72000000 0.03000000 4.89476800
0.72000000 0.03500000 4.88680000
0.72000000 0.04000000 4.87841200
0.72000000 0.04500000 4.86961900
0.72000000 0.05000000 4.86043800
0.72000000 0.05500000 4.85088700
0.72000000 0.06000000 4.84098800
0.72000000 0.06500000 4.83076200
0.72000000 0.07000000 4.82023400
0.72000000 0.07500000 4.80942900
0.72000000 0.08000000 4.79837400
0.72000000 0.08500000 4.78709700
0.72000000 0.09000000 4.77562700
0.72000000 0.09500000 4.76399600
0.72000000 0.10000000 4.75223600
0.72000000 0.10500000 4.74037800
0.72000000 0.11000000 4.72845600
0.72000000 0.11500000 4.71650400
0.72000000 0.12000000 4.70455800
0.72000000 0.12500000 4.69265200
0.72000000 0.13000000 4.68082300
0.72000000 0.13500000 4.66910500
0.72000000 0.14000000 4.65753600
0.72000000 0.14500000 4.64615000
0.72000000 0.15000000 4.63498400
0.72000000 0.15500000 4.62407300
0.72000000 0.16000000 4.61345300
0.72000000 0.16500000 4.60315800
0.72000000 0.17000000 4.59322100
0.72000000 0.17500000 4.58367700
0.72000000 0.18000000 4.57455700
0.72000000 0.18500000 4.56589200
0.72000000 0.19000000 4.55771300
0.72000000 0.19500000 4.55004900
0.72000000 0.20000000 4.54292600
0.72000000 0.20500000 4.53637100
0.72000000 0.21000000 4.53040900
0.72000000 0.21500000 4.52506100
0.72000000 0.22000000 4.52035000
0.72000000 0.22500000 4.51629300
0.72000000 0.23000000 4.51290900
0.72000000 0.23500000 4.51021100
0.72000000 0.24000000 4.50821400
0.72000000 0.24500000 4.50692800
0.72000000 0.25000000 4.50636100
0.72000000 0.63500000 4.48485300
0.72000000 0.64000000 4.45229900
0.72000000 0.64500000 4.41893500
0.72000000 0.65000000 4.38482000
0.72000000 0.65500000 4.35001300
0.72000000 0.66000000 4.31457900
0.72000000 0.66500000 4.27858300
0.72000000 0.67000000 4.24209200
0.72000000 0.67500000 4.20517700
0.72000000 0.68000000 4.16791100
0.72000000 0.68500000 4.13036600
0.72000000 0.69000000 4.09261900
0.72000000 0.69500000 4.05474600
0.72000000 0.70000000 4.01682500
0.72000000 0.70500000 3.97893800
0.72000000 0.71000000 3.94116200
0.72000000 0.71500000 3.90358100
0.72000000 0.72000000 3.86627500
0.72000000 0.72500000 3.82932600
0.72000000 0.73000000 3.79281600
0.72000000 0.73500000 3.75682800
0.72000000 0.74000000 3.72144400
0.72000000 0.74500000 3.68674300
0.72000000 0.75000000 3.65280700
0.72000000 0.75500000 3.61971600
0.72000000 0.76000000 3.58754700
0.72000000 0.76500000 3.55637900
0.72000000 0.77000000 3.52628500
0.72000000 0.77500000 3.49734100
0.72000000 0.78000000 3.46961800
0.72000000 0.78500000 3.44318600
0.72000000 0.79000000 3.41811100
0.72000000 0.79500000 3.39445900
0.72000000 0.80000000 3.37229200
0.72000000 0.80500000 3.35166900
0.72000000 0.81000000 3.33264500
0.72000000 0.81500000 3.31527300
0.72000000 0.82000000 3.29960300
0.72000000 0.82500000 3.28568100
0.72000000 0.83000000 3.27354700
0.72000000 0.83500000 3.26324000
0.72000000 0.84000000 3.25479500
0.72000000 0.84500000 3.24824000
0.72000000 0.85000000 3.24360200
0.72000000 0.85500000 3.24090200
0.72000000 0.86000000 3.24015600
0.72500000 0.00000000 4.89618900
0.72500000 0.00500000 4.89095300
0.72500000 0.01000000 4.88524700
0.72500000 0.01500000 4.87907500
0.72500000 0.02000000 4.87244100
0.72500000 0.02500000 4.86535200
0.72500000 0.03000000 4.85781900
0.72500000 0.03500000 4.84985100
0.72500000 0.04000000 4.84146400
0.72500000 0.04500000 4.83267000
0.72500000 0.05000000 4.82348900
0.72500000 0.05500000 4.81393800
0.72500000 0.06000000 4.80403900
0.72500000 0.06500000 4.79381300
0.72500000 0.07000000 4.78328500
0.72500000 0.07500000 4.77248000
0.72500000 0.08000000 4.76142500
0.72500000 0.08500000 4.75014800
0.72500000 0.09000000 4.73867900
0.72500000 0.09500000 4.72704800
0.72500000 0.10000000 4.71528700
0.72500000 0.10500000 4.70342900
0.72500000 0.11000000 4.69150700
0.72500000 0.11500000 4.67955500
0.72500000 0.12000000 4.66760900
0.72500000 0.12500000 4.65570400
0.72500000 0.13000000 4.64387400
0.72500000 0.13500000 4.63215600
0.72500000 0.14000000 4.62058700
0.72500000 0.14500000 4.60920100
0.72500000 0.15000000 4.59803500
0.72500000 0.15500000 4.58712500
0.72500000 0.16000000 4.57650400
0.72500000 0.16500000 4.56620900
0.72500000 0.17000000 4.55627200
0.72500000 0.17500000 4.54672800
0.72500000 0.18000000 4.53760800
0.72500000 0.18500000 4.52894300
0.72500000 0.19000000 4.52076400
0.72500000 0.19500000 4.51310000
0.72500000 0.20000000 4.50597700
0.72500000 0.20500000 4.49942300
0.72500000 0.21000000 4.49346000
0.72500000 0.21500000 4.48811300
0.72500000 0.22000000 4.48340100
0.72500000 0.22500000 4.47934500
0.72500000 0.23000000 4.47596000
0.72500000 0.23500000 4.47326300
0.72500000 0.24000000 4.47126500
0.72500000 0.24500000 4.46997900
0.72500000 0.25000000 4.46941200
0.72500000 0.63500000 4.44790400
0.72500000 0.64000000 4.41535000
0.72500000 0.64500000 4.38198600
0.72500000 0.65000000 4.34787100
0.72500000 0.65500000 4.31306500
0.72500000 0.66000000 4.27763000
0.72500000 0.66500000 4.24163400
0.72500000 0.67000000 4.20514300
0.72500000 0.67500000 4.16822900
0.72500000 0.68000000 4.13096200
0.72500000 0.68500000 4.09341700
0.72500000 0.69000000 4.05567000
0.72500000 0.69500000 4.01779700
0.72500000 0.70000000 3.97987700
0.72500000 0.70500000 3.94198900
0.72500000 0.71000000 3.90421400
0.72500000 0.71500000 3.86663200
0.72500000 0.72000000 3.82932600
0.72500000 0.72500000 3.79237700
0.72500000 0.73000000 3.75586800
0.72500000 0.73500000 3.71988000
0.72500000 0.74000000 3.68449500
0.72500000 0.74500000 3.64979400
0.72500000 0.75000000 3.61585800
0.72500000 0.75500000 3.58276700
0.72500000 0.76000000 3.55059800
0.72500000 0.76500000 3.51943000
0.72500000 0.77000000 3.48933600
0.72500000 0.77500000 3.46039200
0.72500000 0.78000000 3.43266900
0.72500000 0.78500000 3.40623700
0.72500000 0.79000000 3.38116200
0.72500000 0.79500000 3.35751100
0.72500000 0.80000000 3.33534300
0.72500000 0.80500000 3.31472000
0.72500000 0.81000000 3.29569600
0.72500000 0.81500000 3.27832400
0.72500000 0.82000000 3.26265400
0.72500000 0.82500000 3.24873200
0.72500000 0.83000000 3.23659800
0.72500000 0.83500000 3.22629200
0.72500000 0.84000000 3.21784600
0.72500000 0.84500000 3.21129200
0.72500000 0.85000000 3.20665300
0.72500000 0.85500000 3.20395300
0.72500000 0.86000000 3.20320700
0.73000000 0.00000000 4.85967900
0.73000000 0.00500000 4.85444400
0.73000000 0.01000000 4.84873800
0.73000000 0.01500000 4.84256600
0.73000000 0.02000000 4.83593200
0.73000000 0.02500000 4.82884300
0.73000000 0.03000000 4.82130900
0.73000000 0.03500000 4.81334200
0.73000000 0.04000000 4.80495400
0.73000000 0.04500000 4.79616100
0.73000000 0.05000000 4.78698000
0.73000000 0.05500000 4.77742900
0.73000000 0.06000000 4.76753000
0.73000000 0.06500000 4.75730400
0.73000000 0.07000000 4.74677600
0.73000000 0.07500000 4.73597100
0.73000000 0.08000000 4.72491500
0.73000000 0.08500000 4.71363800
0.73000000 0.09000000 4.70216900
0.73000000 0.09500000 4.69053800
0.73000000 0.10000000 4.67877700
0.73000000 0.10500000 4.66691900
0.73000000 0.11000000 4.65499800
0.73000000 0.11500000 4.64304600
0.73000000 0.12000000 4.63110000
0.73000000 0.12500000 4.61919400
0.73000000 0.13000000 4.60736500
0.73000000 0.13500000 4.59564700
0.73000000 0.14000000 4.58407700
0.73000000 0.14500000 4.57269200
0.73000000 0.15000000 4.56152600
0.73000000 0.15500000 4.55061500
0.73000000 0.16000000 4.53999500
0.73000000 0.16500000 4.52969900
0.73000000 0.17000000 4.51976300
0.73000000 0.17500000 4.51021900
0.73000000 0.18000000 4.50109800
0.73000000 0.18500000 4.49243400
0.73000000 0.19000000 4.48425500
0.73000000 0.19500000 4.47659000
0.73000000 0.20000000 4.46946800
0.73000000 0.20500000 4.46291300
0.73000000 0.21000000 4.45695100
0.73000000 0.21500000 4.45160300
0.73000000 0.22000000 4.44689200
0.73000000 0.22500000 4.44283500
0.73000000 0.23000000 4.43945100
0.73000000 0.23500000 4.43675300
0.73000000 0.24000000 4.43475600
0.73000000 0.24500000 4.43347000
0.73000000 0.25000000 4.43290200
0.73000000 0.63500000 4.41139500
0.73000000 0.64000000 4.37884100
0.73000000 0.64500000 4.34547700
0.73000000 0.65000000 4.31136200
0.73000000 0.65500000 4.27655500
0.73000000 0.66000000 4.24112100
0.73000000 0.66500000 4.20512500
0.73000000 0.67000000 4.16863400
0.73000000 0.67500000 4.13171900
0.73000000 0.68000000 4.09445300
0.73000000 0.68500000 4.05690800
0.73000000 0.69000000 4.01916000
0.73000000 0.69500000 3.98128700
0.73000000 0.70000000 3.94336700
0.73000000 0.70500000 3.90547900
0.73000000 0.71000000 3.86770400
0.73000000 0.71500000 3.83012300
0.73000000 0.72000000 3.79281600
0.73000000 0.72500000 3.75586800
0.73000000 0.73000000 3.71935800
0.73000000 0.73500000 3.68337000
0.73000000 0.74000000 3.64798500
0.73000000 0.74500000 3.61328500
0.73000000 0.75000000 3.57934900
0.73000000 0.75500000 3.54625800
0.73000000 0.76000000 3.51408900
0.73000000 0.76500000 3.48292000
0.73000000 0.77000000 3.45282700
0.73000000 0.77500000 3.42388300
0.73000000 0.78000000 3.39616000
0.73000000 0.78500000 3.36972700
0.73000000 0.79000000 3.34465300
0.73000000 0.79500000 3.32100100
0.73000000 0.80000000 3.29883400
0.73000000 0.80500000 3.27821000
0.73000000 0.81000000 3.25918700
0.73000000 0.81500000 3.24181500
0.73000000 0.82000000 3.22614500
0.73000000 0.82500000 3.21222200
0.73000000 0.83000000 3.20008900
0.73000000 0.83500000 3.18978200
0.73000000 0.84000000 3.18133700
0.73000000 0.84500000 3.17478200
0.73000000 0.85000000 3.17014400
0.73000000 0.85500000 3.16744400
0.73000000 0.86000000 3.16669800
0.73500000 0.00000000 4.82369100
0.73500000 0.00500000 4.81845600
0.73500000 0.01000000 4.81275000
0.73500000 0.01500000 4.80657800
0.73500000 0.02000000 4.79994400
0.73500000 0.02500000 4.79285500
0.73500000 0.03000000 4.78532100
0.73500000 0.03500000 4.77735400
0.73500000 0.04000000 4.76896600
0.73500000 0.04500000 4.76017300
0.73500000 0.05000000 4.75099200
0.73500000 0.05500000 4.74144100
0.73500000 0.06000000 4.73154200
0.73500000 0.06500000 4.72131600
0.73500000 0.07000000 4.71078800
0.73500000 0.07500000 4.69998300
0.73500000 0.08000000 4.68892700
0.73500000 0.08500000 4.67765000
0.73500000 0.09000000 4.66618100
0.73500000 0.09500000 4.65455000
0.73500000 0.10000000 4.64278900
0.73500000 0.10500000 4.63093100
0.73500000 0.11000000 4.61901000
0.73500000 0.11500000 4.60705800
0.73500000 0.12000000 4.59511200
0.73500000 0.12500000 4.58320600
0.73500000 0.13000000 4.57137700
0.73500000 0.13500000 4.55965900
0.73500000 0.14000000 4.54808900
0.73500000 0.14500000 4.53670400
0.73500000 0.15000000 4.52553800
0.73500000 0.15500000 4.51462700
0.73500000 0.16000000 4.50400700
0.73500000 0.16500000 4.49371100
0.73500000 0.17000000 4.48377500
0.73500000 0.17500000 4.47423100
0.73500000 0.18000000 4.46511000
0.73500000 0.18500000 4.45644600
0.73500000 0.19000000 4.44826700
0.73500000 0.19500000 4.44060200
0.73500000 0.20000000 4.43348000
0.73500000 0.20500000 4.42692500
0.73500000 0.21000000 4.42096300
0.73500000 0.21500000 4.41561500
0.73500000 0.22000000 4.41090400
0.73500000 0.22500000 4.40684700
0.73500000 0.23000000 4.40346300
0.73500000 0.23500000 4.40076500
0.73500000 0.24000000 4.39876800
0.73500000 0.24500000 4.39748200
0.73500000 0.25000000 4.39691400
0.73500000 0.63500000 4.37540700
0.73500000 0.64000000 4.34285300
0.73500000 0.64500000 4.30948900
0.73500000 0.65000000 4.27537400
0.73500000 0.65500000 4.24056700
0.73500000 0.66000000 4.20513300
0.73500000 0.66500000 4.16913700
0.73500000 0.67000000 4.13264600
0.73500000 0.67500000 4.09573100
0.73500000 0.68000000 4.05846500
0.73500000 0.68500000 4.02092000
0.73500000 0.69000000 3.98317200
0.73500000 0.69500000 3.94529900
0.73500000 0.70000000 3.90737900
0.73500000 0.70500000 3.86949100
0.73500000 0.71000000 3.83171600
0.73500000 0.71500000 3.79413500
0.73500000 0.72000000 3.75682800
0.73500000 0.72500000 3.71988000
0.73500000 0.73000000 3.68337000
0.73500000 0.73500000 3.64738200
0.73500000 0.74000000 3.61199700
0.73500000 0.74500000 3.57729700
0.73500000 0.75000000 3.54336100
0.73500000 0.75500000 3.51027000
0.73500000 0.76000000 3.47810100
0.73500000 0.76500000 3.44693200
0.73500000 0.77000000 3.41683900
0.73500000 0.77500000 3.38789500
0.73500000 0.78000000 3.36017200
0.73500000 0.78500000 3.33373900
0.73500000 0.79000000 3.30866500
0.73500000 0.79500000 3.28501300
0.73500000 0.80000000 3.26284600
0.73500000 0.80500000 3.24222200
0.73500000 0.81000000 3.22319900
0.73500000 0.81500000 3.20582700
0.73500000 0.82000000 3.19015700
0.73500000 0.82500000 3.17623400
0.73500000 0.83000000 3.16410100
0.73500000 0.83500000 3.15379400
0.73500000 0.84000000 3.14534900
0.73500000 0.84500000 3.13879400
0.73500000 0.85000000 3.13415600
0.73500000 0.85500000 3.13145600
0.73500000 0.86000000 3.13071000
0.74000000 0.00000000 4.78830600
0.74000000 0.00500000 4.78307100
0.74000000 0.01000000 4.77736500
0.74000000 0.01500000 4.77119300
0.74000000 0.02000000 4.76455900
0.74000000 0.02500000 4.75747000
0.74000000 0.03000000 4.74993700
0.74000000 0.03500000 4.74196900
0.74000000 0.04000000 4.73358100
0.74000000 0.04500000 4.72478800
0.74000000 0.05000000 4.71560700
0.74000000 0.05500000 4.70605600
0.74000000 0.06000000 4.69615700
0.74000000 0.06500000 4.68593100
0.74000000 0.07000000 4.67540300
0.74000000 0.07500000 4.66459800
0.74000000 0.08000000 4.65354200
0.74000000 0.08500000 4.64226600
0.74000000 0.09000000 4.63079600
0.74000000 0.09500000 4.61916500
0.74000000 0.10000000 4.60740500
0.74000000 0.10500000 4.59554600
0.74000000 0.11000000 4.58362500
0.74000000 0.11500000 4.57167300
0.74000000 0.12000000 4.55972700
0.74000000 0.12500000 4.54782100
0.74000000 0.13000000 4.53599200
0.74000000 0.13500000 4.52427400
0.74000000 0.14000000 4.51270500
0.74000000 0.14500000 4.50131900
0.74000000 0.15000000 4.49015300
0.74000000 0.15500000 4.47924200
0.74000000 0.16000000 4.46862200
0.74000000 0.16500000 4.45832700
0.74000000 0.17000000 4.44839000
0.74000000 0.17500000 4.43884600
0.74000000 0.18000000 4.42972600
0.74000000 0.18500000 4.42106100
0.74000000 0.19000000 4.41288200
0.74000000 0.19500000 4.40521800
0.74000000 0.20000000 4.39809500
0.74000000 0.20500000 4.39154000
0.74000000 0.21000000 4.38557800
0.74000000 0.21500000 4.38023000
0.74000000 0.22000000 4.37551900
0.74000000 0.22500000 4.37146200
0.74000000 0.23000000 4.36807800
0.74000000 0.23500000 4.36538000
0.74000000 0.24000000 4.36338300
0.74000000 0.24500000 4.36209700
0.74000000 0.25000000 4.36153000
0.74000000 0.63500000 4.34002200
0.74000000 0.64000000 4.30746800
0.74000000 0.64500000 4.27410400
0.74000000 0.65000000 4.23998900
0.74000000 0.65500000 4.20518200
0.74000000 0.66000000 4.16974800
0.74000000 0.66500000 4.13375200
0.74000000 0.67000000 4.09726100
0.74000000 0.67500000 4.06034600
0.74000000 0.68000000 4.02308000
0.74000000 0.68500000 3.98553500
0.74000000 0.69000000 3.94778700
0.74000000 0.69500000 3.90991400
0.74000000 0.70000000 3.87199400
0.74000000 0.70500000 3.83410600
0.74000000 0.71000000 3.79633100
0.74000000 0.71500000 3.75875000
0.74000000 0.72000000 3.72144400
0.74000000 0.72500000 3.68449500
0.74000000 0.73000000 3.64798500
0.74000000 0.73500000 3.61199700
0.74000000 0.74000000 3.57661200
0.74000000 0.74500000 3.54191200
0.74000000 0.75000000 3.50797600
0.74000000 0.75500000 3.47488500
0.74000000 0.76000000 3.44271600
0.74000000 0.76500000 3.41154700
0.74000000 0.77000000 3.38145400
0.74000000 0.77500000 3.35251000
0.74000000 0.78000000 3.32478700
0.74000000 0.78500000 3.29835500
0.74000000 0.79000000 3.27328000
0.74000000 0.79500000 3.24962800
0.74000000 0.80000000 3.22746100
0.74000000 0.80500000 3.20683800
0.74000000 0.81000000 3.18781400
0.74000000 0.81500000 3.17044200
0.74000000 0.82000000 3.15477200
0.74000000 0.82500000 3.14084900
0.74000000 0.83000000 3.12871600
0.74000000 0.83500000 3.11840900
0.74000000 0.84000000 3.10996400
0.74000000 0.84500000 3.10340900
0.74000000 0.85000000 3.09877100
0.74000000 0.85500000 3.09607100
0.74000000 0.86000000 3.09532500
0.74500000 0.00000000 4.75360600
0.74500000 0.00500000 4.74837000
0.74500000 0.01000000 4.74266500
0.74500000 0.01500000 4.73649200
0.74500000 0.02000000 4.72985800
0.74500000 0.02500000 4.72277000
0.74500000 0.03000000 4.71523600
0.74500000 0.03500000 4.70726900
0.74500000 0.04000000 4.69888100
0.74500000 0.04500000 4.69008800
0.74500000 0.05000000 4.68090600
0.74500000 0.05500000 4.67135500
0.74500000 0.06000000 4.66145600
0.74500000 0.06500000 4.65123000
0.74500000 0.07000000 4.64070200
0.74500000 0.07500000 4.62989700
0.74500000 0.08000000 4.61884200
0.74500000 0.08500000 4.60756500
0.74500000 0.09000000 4.59609600
0.74500000 0.09500000 4.58446500
0.74500000 0.10000000 4.57270400
0.74500000 0.10500000 4.56084600
0.74500000 0.11000000 4.54892400
0.74500000 0.11500000 4.53697300
0.74500000 0.12000000 4.52502600
0.74500000 0.12500000 4.51312100
0.74500000 0.13000000 4.50129100
0.74500000 0.13500000 4.48957400
0.74500000 0.14000000 4.47800400
0.74500000 0.14500000 4.46661800
0.74500000 0.15000000 4.45545200
0.74500000 0.15500000 4.44454200
0.74500000 0.16000000 4.43392100
0.74500000 0.16500000 4.42362600
0.74500000 0.17000000 4.41369000
0.74500000 0.17500000 4.40414500
0.74500000 0.18000000 4.39502500
0.74500000 0.18500000 4.38636000
0.74500000 0.19000000 4.37818100
0.74500000 0.19500000 4.37051700
0.74500000 0.20000000 4.36339400
0.74500000 0.20500000 4.35684000
0.74500000 0.21000000 4.35087700
0.74500000 0.21500000 4.34553000
0.74500000 0.22000000 4.34081800
0.74500000 0.22500000 4.33676200
0.74500000 0.23000000 4.33337700
0.74500000 0.23500000 4.33068000
0.74500000 0.24000000 4.32868200
0.74500000 0.24500000 4.32739600
0.74500000 0.25000000 4.32682900
0.74500000 0.63500000 4.30532100
0.74500000 0.64000000 4.27276700
0.74500000 0.64500000 4.23940300
0.74500000 0.65000000 4.20528800
0.74500000 0.65500000 4.17048200
0.74500000 0.66000000 4.13504700
0.74500000 0.66500000 4.09905100
0.74500000 0.67000000 4.06256000
0.74500000 0.67500000 4.02564600
0.74500000 0.68000000 3.98837900
0.74500000 0.68500000 3.95083400
0.74500000 0.69000000 3.91308700
0.74500000 0.69500000 3.87521400
0.74500000 0.70000000 3.83729400
0.74500000 0.70500000 3.79940600
0.74500000 0.71000000 3.76163100
0.74500000 0.71500000 3.72404900
0.74500000 0.72000000 3.68674300
0.74500000 0.72500000 3.64979400
0.74500000 0.73000000 3.61328500
0.74500000 0.73500000 3.57729700
0.74500000 0.74000000 3.54191200
0.74500000 0.74500000 3.50721100
0.74500000 0.75000000 3.47327600
0.74500000 0.75500000 3.44018400
0.74500000 0.76000000 3.40801600
0.74500000 0.76500000 3.37684700
0.74500000 0.77000000 3.34675400
0.74500000 0.77500000 3.31781000
0.74500000 0.78000000 3.29008600
0.74500000 0.78500000 3.26365400
0.74500000 0.79000000 3.23858000
0.74500000 0.79500000 3.21492800
0.74500000 0.80000000 3.19276000
0.74500000 0.80500000 3.17213700
0.74500000 0.81000000 3.15311300
0.74500000 0.81500000 3.13574200
0.74500000 0.82000000 3.12007200
0.74500000 0.82500000 3.10614900
0.74500000 0.83000000 3.09401500
0.74500000 0.83500000 3.08370900
0.74500000 0.84000000 3.07526300
0.74500000 0.84500000 3.06870900
0.74500000 0.85000000 3.06407100
0.74500000 0.85500000 3.06137000
0.74500000 0.86000000 3.06062400
0.75000000 0.00000000 4.71967000
0.75000000 0.00500000 4.71443400
0.75000000 0.01000000 4.70872900
0.75000000 0.01500000 4.70255600
0.75000000 0.02000000 4.69592200
0.75000000 0.02500000 4.68883400
0.75000000 0.03000000 4.68130000
0.75000000 0.03500000 4.67333300
0.75000000 0.04000000 4.66494500
0.75000000 0.04500000 4.65615200
0.75000000 0.05000000 4.64697000
0.75000000 0.05500000 4.63742000
0.75000000 0.06000000 4.62752000
0.75000000 0.06500000 4.61729500
0.75000000 0.07000000 4.60676600
0.75000000 0.07500000 4.59596100
0.75000000 0.08000000 4.58490600
0.75000000 0.08500000 4.57362900
0.75000000 0.09000000 4.56216000
0.75000000 0.09500000 4.55052900
0.75000000 0.10000000 4.53876800
0.75000000 0.10500000 4.52691000
0.75000000 0.11000000 4.51498800
0.75000000 0.11500000 4.50303700
0.75000000 0.12000000 4.49109100
0.75000000 0.12500000 4.47918500
0.75000000 0.13000000 4.46735500
0.75000000 0.13500000 4.45563800
0.75000000 0.14000000 4.44406800
0.75000000 0.14500000 4.43268300
0.75000000 0.15000000 4.42151700
0.75000000 0.15500000 4.41060600
0.75000000 0.16000000 4.39998600
0.75000000 0.16500000 4.38969000
0.75000000 0.17000000 4.37975400
0.75000000 0.17500000 4.37020900
0.75000000 0.18000000 4.36108900
0.75000000 0.18500000 4.35242500
0.75000000 0.19000000 4.34424600
0.75000000 0.19500000 4.33658100
0.75000000 0.20000000 4.32945900
0.75000000 0.20500000 4.32290400
0.75000000 0.21000000 4.31694100
0.75000000 0.21500000 4.31159400
0.75000000 0.22000000 4.30688200
0.75000000 0.22500000 4.30282600
0.75000000 0.23000000 4.29944100
0.75000000 0.23500000 4.29674400
0.75000000 0.24000000 4.29474700
0.75000000 0.24500000 4.29346000
0.75000000 0.25000000 4.29289300
0.75000000 0.63500000 4.27138600
0.75000000 0.64000000 4.23883100
0.75000000 0.64500000 4.20546800
0.75000000 0.65000000 4.17135200
0.75000000 0.65500000 4.13654600
0.75000000 0.66000000 4.10111200
0.75000000 0.66500000 4.06511500
0.75000000 0.67000000 4.02862500
0.75000000 0.67500000 3.99171000
0.75000000 0.68000000 3.95444300
0.75000000 0.68500000 3.91689800
0.75000000 0.69000000 3.87915100
0.75000000 0.69500000 3.84127800
0.75000000 0.70000000 3.80335800
0.75000000 0.70500000 3.76547000
0.75000000 0.71000000 3.72769500
0.75000000 0.71500000 3.69011300
0.75000000 0.72000000 3.65280700
0.75000000 0.72500000 3.61585800
0.75000000 0.73000000 3.57934900
0.75000000 0.73500000 3.54336100
0.75000000 0.74000000 3.50797600
0.75000000 0.74500000 3.47327600
0.75000000 0.75000000 3.43934000
0.75000000 0.75500000 3.40624800
0.75000000 0.76000000 3.37408000
0.75000000 0.76500000 3.34291100
0.75000000 0.77000000 3.31281800
0.75000000 0.77500000 3.28387400
0.75000000 0.78000000 3.25615100
0.75000000 0.78500000 3.22971800
0.75000000 0.79000000 3.20464400
0.75000000 0.79500000 3.18099200
0.75000000 0.80000000 3.15882500
0.75000000 0.80500000 3.13820100
0.75000000 0.81000000 3.11917700
0.75000000 0.81500000 3.10180600
0.75000000 0.82000000 3.08613600
0.75000000 0.82500000 3.07221300
0.75000000 0.83000000 3.06007900
0.75000000 0.83500000 3.04977300
0.75000000 0.84000000 3.04132700
0.75000000 0.84500000 3.03477300
0.75000000 0.85000000 3.03013500
0.75000000 0.85500000 3.02743400
0.75000000 0.86000000 3.02668800
0.75500000 0.00000000 4.68657900
0.75500000 0.00500000 4.68134300
0.75500000 0.01000000 4.67563700
0.75500000 0.01500000 4.66946500
0.75500000 0.02000000 4.66283100
0.75500000 0.02500000 4.65574200
0.75500000 0.03000000 4.64820900
0.75500000 0.03500000 4.64024100
0.75500000 0.04000000 4.63185400
0.75500000 0.04500000 4.62306000
0.75500000 0.05000000 4.61387900
0.75500000 0.05500000 4.60432800
0.75500000 0.06000000 4.59442900
0.75500000 0.06500000 4.58420300
0.75500000 0.07000000 4.57367500
0.75500000 0.07500000 4.56287000
0.75500000 0.08000000 4.55181500
0.75500000 0.08500000 4.54053800
0.75500000 0.09000000 4.52906900
0.75500000 0.09500000 4.51743800
0.75500000 0.10000000 4.50567700
0.75500000 0.10500000 4.49381900
0.75500000 0.11000000 4.48189700
0.75500000 0.11500000 4.46994500
0.75500000 0.12000000 4.45799900
0.75500000 0.12500000 4.44609400
0.75500000 0.13000000 4.43426400
0.75500000 0.13500000 4.42254600
0.75500000 0.14000000 4.41097700
0.75500000 0.14500000 4.39959100
0.75500000 0.15000000 4.38842500
0.75500000 0.15500000 4.37751500
0.75500000 0.16000000 4.36689400
0.75500000 0.16500000 4.35659900
0.75500000 0.17000000 4.34666200
0.75500000 0.17500000 4.33711800
0.75500000 0.18000000 4.32799800
0.75500000 0.18500000 4.31933300
0.75500000 0.19000000 4.31115400
0.75500000 0.19500000 4.30349000
0.75500000 0.20000000 4.29636700
0.75500000 0.20500000 4.28981200
0.75500000 0.21000000 4.28385000
0.75500000 0.21500000 4.27850300
0.75500000 0.22000000 4.27379100
0.75500000 0.22500000 4.26973400
0.75500000 0.23000000 4.26635000
0.75500000 0.23500000 4.26365300
0.75500000 0.24000000 4.26165500
0.75500000 0.24500000 4.26036900
0.75500000 0.25000000 4.25980200
0.75500000 0.63500000 4.23829400
0.75500000 0.64000000 4.20574000
0.75500000 0.64500000 4.17237600
0.75500000 0.65000000 4.13826100
0.75500000 0.65500000 4.10345400
0.75500000 0.66000000 4.06802000
0.75500000 0.66500000 4.03202400
0.75500000 0.67000000 3.99553300
0.75500000 0.67500000 3.95861900
0.75500000 0.68000000 3.92135200
0.75500000 0.68500000 3.88380700
0.75500000 0.69000000 3.84606000
0.75500000 0.69500000 3.80818700
0.75500000 0.70000000 3.77026700
0.75500000 0.70500000 3.73237900
0.75500000 0.71000000 3.69460400
0.75500000 0.71500000 3.65702200
0.75500000 0.72000000 3.61971600
0.75500000 0.72500000 3.58276700
0.75500000 0.73000000 3.54625800
0.75500000 0.73500000 3.51027000
0.75500000 0.74000000 3.47488500
0.75500000 0.74500000 3.44018400
0.75500000 0.75000000 3.40624800
0.75500000 0.75500000 3.37315700
0.75500000 0.76000000 3.34098800
0.75500000 0.76500000 3.30982000
0.75500000 0.77000000 3.27972600
0.75500000 0.77500000 3.25078200
0.75500000 0.78000000 3.22305900
0.75500000 0.78500000 3.19662700
0.75500000 0.79000000 3.17155200
0.75500000 0.79500000 3.14790100
0.75500000 0.80000000 3.12573300
0.75500000 0.80500000 3.10511000
0.75500000 0.81000000 3.08608600
0.75500000 0.81500000 3.06871400
0.75500000 0.82000000 3.05304400
0.75500000 0.82500000 3.03912200
0.75500000 0.83000000 3.02698800
0.75500000 0.83500000 3.01668200
0.75500000 0.84000000 3.00823600
0.75500000 0.84500000 3.00168200
0.75500000 0.85000000 2.99704300
0.75500000 0.85500000 2.99434300
0.75500000 0.86000000 2.99359700
0.76000000 0.00000000 4.65441000
0.76000000 0.00500000 4.64917400
0.76000000 0.01000000 4.64346900
0.76000000 0.01500000 4.63729600
0.76000000 0.02000000 4.63066200
0.76000000 0.02500000 4.62357400
0.76000000 0.03000000 4.61604000
0.76000000 0.03500000 4.60807300
0.76000000 0.04000000 4.59968500
0.76000000 0.04500000 4.59089200
0.76000000 0.05000000 4.58171000
0.76000000 0.05500000 4.57216000
0.76000000 0.06000000 4.56226000
0.76000000 0.06500000 4.55203500
0.76000000 0.07000000 4.54150600
0.76000000 0.07500000 4.53070100
0.76000000 0.08000000 4.51964600
0.76000000 0.08500000 4.50836900
0.76000000 0.09000000 4.49690000
0.76000000 0.09500000 4.48526900
0.76000000 0.10000000 4.47350800
0.76000000 0.10500000 4.46165000
0.76000000 0.11000000 4.44972800
0.76000000 0.11500000 4.43777700
0.76000000 0.12000000 4.42583100
0.76000000 0.12500000 4.41392500
0.76000000 0.13000000 4.40209500
0.76000000 0.13500000 4.39037800
0.76000000 0.14000000 4.37880800
0.76000000 0.14500000 4.36742300
0.76000000 0.15000000 4.35625700
0.76000000 0.15500000 4.34534600
0.76000000 0.16000000 4.33472600
0.76000000 0.16500000 4.32443000
0.76000000 0.17000000 4.31449400
0.76000000 0.17500000 4.30494900
0.76000000 0.18000000 4.29582900
0.76000000 0.18500000 4.28716500
0.76000000 0.19000000 4.27898600
0.76000000 0.19500000 4.27132100
0.76000000 0.20000000 4.26419900
0.76000000 0.20500000 4.25764400
0.76000000 0.21000000 4.25168100
0.76000000 0.21500000 4.24633400
0.76000000 0.22000000 4.24162200
0.76000000 0.22500000 4.23756600
0.76000000 0.23000000 4.23418100
0.76000000 0.23500000 4.23148400
0.76000000 0.24000000 4.22948700
0.76000000 0.24500000 4.22820000
0.76000000 0.25000000 4.22763300
0.76000000 0.63500000 4.20612600
0.76000000 0.64000000 4.17357100
0.76000000 0.64500000 4.14020800
0.76000000 0.65000000 4.10609200
0.76000000 0.65500000 4.07128600
0.76000000 0.66000000 4.03585200
0.76000000 0.66500000 3.99985500
0.76000000 0.67000000 3.96336500
0.76000000 0.67500000 3.92645000
0.76000000 0.68000000 3.88918300
0.76000000 0.68500000 3.85163900
0.76000000 0.69000000 3.81389100
0.76000000 0.69500000 3.77601800
0.76000000 0.70000000 3.73809800
0.76000000 0.70500000 3.70021000
0.76000000 0.71000000 3.66243500
0.76000000 0.71500000 3.62485300
0.76000000 0.72000000 3.58754700
0.76000000 0.72500000 3.55059800
0.76000000 0.73000000 3.51408900
0.76000000 0.73500000 3.47810100
0.76000000 0.74000000 3.44271600
0.76000000 0.74500000 3.40801600
0.76000000 0.75000000 3.37408000
0.76000000 0.75500000 3.34098800
0.76000000 0.76000000 3.30882000
0.76000000 0.76500000 3.27765100
0.76000000 0.77000000 3.24755800
0.76000000 0.77500000 3.21861400
0.76000000 0.78000000 3.19089100
0.76000000 0.78500000 3.16445800
0.76000000 0.79000000 3.13938400
0.76000000 0.79500000 3.11573200
0.76000000 0.80000000 3.09356500
0.76000000 0.80500000 3.07294100
0.76000000 0.81000000 3.05391700
0.76000000 0.81500000 3.03654600
0.76000000 0.82000000 3.02087600
0.76000000 0.82500000 3.00695300
0.76000000 0.83000000 2.99481900
0.76000000 0.83500000 2.98451300
0.76000000 0.84000000 2.97606700
0.76000000 0.84500000 2.96951300
0.76000000 0.85000000 2.96487500
0.76000000 0.85500000 2.96217400
0.76000000 0.86000000 2.96142800
0.76500000 0.00000000 4.62324100
0.76500000 0.00500000 4.61800600
0.76500000 0.01000000 4.61230000
0.76500000 0.01500000 4.60612800
0.76500000 0.02000000 4.59949400
0.76500000 0.02500000 4.59240500
0.76500000 0.03000000 4.58487200
0.76500000 0.03500000 4.57690400
0.76500000 0.04000000 4.56851600
0.76500000 0.04500000 4.55972300
0.76500000 0.05000000 4.55054200
0.76500000 0.05500000 4.54099100
0.76500000 0.06000000 4.53109200
0.76500000 0.06500000 4.52086600
0.76500000 0.07000000 4.51033800
0.76500000 0.07500000 4.49953300
0.76500000 0.08000000 4.48847700
0.76500000 0.08500000 4.47720100
0.76500000 0.09000000 4.46573100
0.76500000 0.09500000 4.45410000
0.76500000 0.10000000 4.44234000
0.76500000 0.10500000 4.43048100
0.76500000 0.11000000 4.41856000
0.76500000 0.11500000 4.40660800
0.76500000 0.12000000 4.39466200
0.76500000 0.12500000 4.38275600
0.76500000 0.13000000 4.37092700
0.76500000 0.13500000 4.35920900
0.76500000 0.14000000 4.34764000
0.76500000 0.14500000 4.33625400
0.76500000 0.15000000 4.32508800
0.76500000 0.15500000 4.31417700
0.76500000 0.16000000 4.30355700
0.76500000 0.16500000 4.29326200
0.76500000 0.17000000 4.28332500
0.76500000 0.17500000 4.27378100
0.76500000 0.18000000 4.26466100
0.76500000 0.18500000 4.25599600
0.76500000 0.19000000 4.24781700
0.76500000 0.19500000 4.24015300
0.76500000 0.20000000 4.23303000
0.76500000 0.20500000 4.22647500
0.76500000 0.21000000 4.22051300
0.76500000 0.21500000 4.21516500
0.76500000 0.22000000 4.21045400
0.76500000 0.22500000 4.20639700
0.76500000 0.23000000 4.20301300
0.76500000 0.23500000 4.20031500
0.76500000 0.24000000 4.19831800
0.76500000 0.24500000 4.19703200
0.76500000 0.25000000 4.19646500
0.76500000 0.63500000 4.17495700
0.76500000 0.64000000 4.14240300
0.76500000 0.64500000 4.10903900
0.76500000 0.65000000 4.07492400
0.76500000 0.65500000 4.04011700
0.76500000 0.66000000 4.00468300
0.76500000 0.66500000 3.96868700
0.76500000 0.67000000 3.93219600
0.76500000 0.67500000 3.89528100
0.76500000 0.68000000 3.85801500
0.76500000 0.68500000 3.82047000
0.76500000 0.69000000 3.78272200
0.76500000 0.69500000 3.74484900
0.76500000 0.70000000 3.70692900
0.76500000 0.70500000 3.66904100
0.76500000 0.71000000 3.63126600
0.76500000 0.71500000 3.59368500
0.76500000 0.72000000 3.55637900
0.76500000 0.72500000 3.51943000
0.76500000 0.73000000 3.48292000
0.76500000 0.73500000 3.44693200
0.76500000 0.74000000 3.41154700
0.76500000 0.74500000 3.37684700
0.76500000 0.75000000 3.34291100
0.76500000 0.75500000 3.30982000
0.76500000 0.76000000 3.27765100
0.76500000 0.76500000 3.24648200
0.76500000 0.77000000 3.21638900
0.76500000 0.77500000 3.18744500
0.76500000 0.78000000 3.15972200
0.76500000 0.78500000 3.13329000
0.76500000 0.79000000 3.10821500
0.76500000 0.79500000 3.08456300
0.76500000 0.80000000 3.06239600
0.76500000 0.80500000 3.04177300
0.76500000 0.81000000 3.02274900
0.76500000 0.81500000 3.00537700
0.76500000 0.82000000 2.98970700
0.76500000 0.82500000 2.97578400
0.76500000 0.83000000 2.96365100
0.76500000 0.83500000 2.95334400
0.76500000 0.84000000 2.94489900
0.76500000 0.84500000 2.93834400
0.76500000 0.85000000 2.93370600
0.76500000 0.85500000 2.93100600
0.76500000 0.86000000 2.93026000
0.77000000 0.00000000 4.59314800
0.77000000 0.00500000 4.58791200
0.77000000 0.01000000 4.58220700
0.77000000 0.01500000 4.57603400
0.77000000 0.02000000 4.56940000
0.77000000 0.02500000 4.56231200
0.77000000 0.03000000 4.55477800
0.77000000 0.03500000 4.54681100
0.77000000 0.04000000 4.53842300
0.77000000 0.04500000 4.52963000
0.77000000 0.05000000 4.52044800
0.77000000 0.05500000 4.51089800
0.77000000 0.06000000 4.50099800
0.77000000 0.06500000 4.49077300
0.77000000 0.07000000 4.48024400
0.77000000 0.07500000 4.46943900
0.77000000 0.08000000 4.45838400
0.77000000 0.08500000 4.44710700
0.77000000 0.09000000 4.43563800
0.77000000 0.09500000 4.42400700
0.77000000 0.10000000 4.41224600
0.77000000 0.10500000 4.40038800
0.77000000 0.11000000 4.38846600
0.77000000 0.11500000 4.37651500
0.77000000 0.12000000 4.36456900
0.77000000 0.12500000 4.35266300
0.77000000 0.13000000 4.34083300
0.77000000 0.13500000 4.32911600
0.77000000 0.14000000 4.31754600
0.77000000 0.14500000 4.30616100
0.77000000 0.15000000 4.29499500
0.77000000 0.15500000 4.28408400
0.77000000 0.16000000 4.27346400
0.77000000 0.16500000 4.26316800
0.77000000 0.17000000 4.25323200
0.77000000 0.17500000 4.24368700
0.77000000 0.18000000 4.23456700
0.77000000 0.18500000 4.22590300
0.77000000 0.19000000 4.21772400
0.77000000 0.19500000 4.21005900
0.77000000 0.20000000 4.20293700
0.77000000 0.20500000 4.19638200
0.77000000 0.21000000 4.19041900
0.77000000 0.21500000 4.18507200
0.77000000 0.22000000 4.18036000
0.77000000 0.22500000 4.17630400
0.77000000 0.23000000 4.17291900
0.77000000 0.23500000 4.17022200
0.77000000 0.24000000 4.16822500
0.77000000 0.24500000 4.16693800
0.77000000 0.25000000 4.16637100
0.77000000 0.63500000 4.14486400
0.77000000 0.64000000 4.11230900
0.77000000 0.64500000 4.07894600
0.77000000 0.65000000 4.04483000
0.77000000 0.65500000 4.01002400
0.77000000 0.66000000 3.97459000
0.77000000 0.66500000 3.93859300
0.77000000 0.67000000 3.90210300
0.77000000 0.67500000 3.86518800
0.77000000 0.68000000 3.82792100
0.77000000 0.68500000 3.79037700
0.77000000 0.69000000 3.75262900
0.77000000 0.69500000 3.71475600
0.77000000 0.70000000 3.67683600
0.77000000 0.70500000 3.63894800
0.77000000 0.71000000 3.60117300
0.77000000 0.71500000 3.56359100
0.77000000 0.72000000 3.52628500
0.77000000 0.72500000 3.48933600
0.77000000 0.73000000 3.45282700
0.77000000 0.73500000 3.41683900
0.77000000 0.74000000 3.38145400
0.77000000 0.74500000 3.34675400
0.77000000 0.75000000 3.31281800
0.77000000 0.75500000 3.27972600
0.77000000 0.76000000 3.24755800
0.77000000 0.76500000 3.21638900
0.77000000 0.77000000 3.18629600
0.77000000 0.77500000 3.15735200
0.77000000 0.78000000 3.12962900
0.77000000 0.78500000 3.10319600
0.77000000 0.79000000 3.07812200
0.77000000 0.79500000 3.05447000
0.77000000 0.80000000 3.03230300
0.77000000 0.80500000 3.01167900
0.77000000 0.81000000 2.99265500
0.77000000 0.81500000 2.97528400
0.77000000 0.82000000 2.95961400
0.77000000 0.82500000 2.94569100
0.77000000 0.83000000 2.93355800
0.77000000 0.83500000 2.92325100
0.77000000 0.84000000 2.91480600
0.77000000 0.84500000 2.90825100
0.77000000 0.85000000 2.90361300
0.77000000 0.85500000 2.90091200
0.77000000 0.86000000 2.90016600
0.77500000 0.00000000 4.56420400
0.77500000 0.00500000 4.55896800
0.77500000 0.01000000 4.55326300
0.77500000 0.01500000 4.54709000
0.77500000 0.02000000 4.54045600
0.77500000 0.02500000 4.53336800
0.77500000 0.03000000 4.52583400
0.77500000 0.03500000 4.51786700
0.77500000 0.04000000 4.50947900
0.77500000 0.04500000 4.50068600
0.77500000 0.05000000 4.49150400
0.77500000 0.05500000 4.48195400
0.77500000 0.06000000 4.47205400
0.77500000 0.06500000 4.46182900
0.77500000 0.07000000 4.45130000
0.77500000 0.07500000 4.44049500
0.77500000 0.08000000 4.42944000
0.77500000 0.08500000 4.41816300
0.77500000 0.09000000 4.40669400
0.77500000 0.09500000 4.39506300
0.77500000 0.10000000 4.38330200
0.77500000 0.10500000 4.37144400
0.77500000 0.11000000 4.35952200
0.77500000 0.11500000 4.34757100
0.77500000 0.12000000 4.33562500
0.77500000 0.12500000 4.32371900
0.77500000 0.13000000 4.31188900
0.77500000 0.13500000 4.30017200
0.77500000 0.14000000 4.28860200
0.77500000 0.14500000 4.27721700
0.77500000 0.15000000 4.26605100
0.77500000 0.15500000 4.25514000
0.77500000 0.16000000 4.24452000
0.77500000 0.16500000 4.23422400
0.77500000 0.17000000 4.22428800
0.77500000 0.17500000 4.21474300
0.77500000 0.18000000 4.20562300
0.77500000 0.18500000 4.19695900
0.77500000 0.19000000 4.18878000
0.77500000 0.19500000 4.18111500
0.77500000 0.20000000 4.17399300
0.77500000 0.20500000 4.16743800
0.77500000 0.21000000 4.16147500
0.77500000 0.21500000 4.15612800
0.77500000 0.22000000 4.15141600
0.77500000 0.22500000 4.14736000
0.77500000 0.23000000 4.14397500
0.77500000 0.23500000 4.14127800
0.77500000 0.24000000 4.13928100
0.77500000 0.24500000 4.13799400
0.77500000 0.25000000 4.13742700
0.77500000 0.63500000 4.11591900
0.77500000 0.64000000 4.08336500
0.77500000 0.64500000 4.05000200
0.77500000 0.65000000 4.01588600
0.77500000 0.65500000 3.98108000
0.77500000 0.66000000 3.94564600
0.77500000 0.66500000 3.90964900
0.77500000 0.67000000 3.87315900
0.77500000 0.67500000 3.83624400
0.77500000 0.68000000 3.79897700
0.77500000 0.68500000 3.76143200
0.77500000 0.69000000 3.72368500
0.77500000 0.69500000 3.68581200
0.77500000 0.70000000 3.64789200
0.77500000 0.70500000 3.61000400
0.77500000 0.71000000 3.57222900
0.77500000 0.71500000 3.53464700
0.77500000 0.72000000 3.49734100
0.77500000 0.72500000 3.46039200
0.77500000 0.73000000 3.42388300
0.77500000 0.73500000 3.38789500
0.77500000 0.74000000 3.35251000
0.77500000 0.74500000 3.31781000
0.77500000 0.75000000 3.28387400
0.77500000 0.75500000 3.25078200
0.77500000 0.76000000 3.21861400
0.77500000 0.76500000 3.18744500
0.77500000 0.77000000 3.15735200
0.77500000 0.77500000 3.12840800
0.77500000 0.78000000 3.10068500
0.77500000 0.78500000 3.07425200
0.77500000 0.79000000 3.04917800
0.77500000 0.79500000 3.02552600
0.77500000 0.80000000 3.00335900
0.77500000 0.80500000 2.98273500
0.77500000 0.81000000 2.96371100
0.77500000 0.81500000 2.94634000
0.77500000 0.82000000 2.93067000
0.77500000 0.82500000 2.91674700
0.77500000 0.83000000 2.90461300
0.77500000 0.83500000 2.89430700
0.77500000 0.84000000 2.88586100
0.77500000 0.84500000 2.87930700
0.77500000 0.85000000 2.87466900
0.77500000 0.85500000 2.87196800
0.77500000 0.86000000 2.87122200
0.78000000 0.00000000 4.53648100
0.78000000 0.00500000 4.53124500
0.78000000 0.01000000 4.52554000
0.78000000 0.01500000 4.51936700
0.78000000 0.02000000 4.51273300
0.78000000 0.02500000 4.50564500
0.78000000 0.03000000 4.49811100
0.78000000 0.03500000 4.49014400
0.78000000 0.04000000 4.48175600
0.78000000 0.04500000 4.47296300
0.78000000 0.05000000 4.46378100
0.78000000 0.05500000 4.45423100
0.78000000 0.06000000 4.44433100
0.78000000 0.06500000 4.43410500
0.78000000 0.07000000 4.42357700
0.78000000 0.07500000 4.41277200
0.78000000 0.08000000 4.40171700
0.78000000 0.08500000 4.39044000
0.78000000 0.09000000 4.37897100
0.78000000 0.09500000 4.36734000
0.78000000 0.10000000 4.35557900
0.78000000 0.10500000 4.34372100
0.78000000 0.11000000 4.33179900
0.78000000 0.11500000 4.31984800
0.78000000 0.12000000 4.30790200
0.78000000 0.12500000 4.29599600
0.78000000 0.13000000 4.28416600
0.78000000 0.13500000 4.27244900
0.78000000 0.14000000 4.26087900
0.78000000 0.14500000 4.24949300
0.78000000 0.15000000 4.23832800
0.78000000 0.15500000 4.22741700
0.78000000 0.16000000 4.21679700
0.78000000 0.16500000 4.20650100
0.78000000 0.17000000 4.19656500
0.78000000 0.17500000 4.18702000
0.78000000 0.18000000 4.17790000
0.78000000 0.18500000 4.16923600
0.78000000 0.19000000 4.16105700
0.78000000 0.19500000 4.15339200
0.78000000 0.20000000 4.14626900
0.78000000 0.20500000 4.13971500
0.78000000 0.21000000 4.13375200
0.78000000 0.21500000 4.12840500
0.78000000 0.22000000 4.12369300
0.78000000 0.22500000 4.11963700
0.78000000 0.23000000 4.11625200
0.78000000 0.23500000 4.11355500
0.78000000 0.24000000 4.11155800
0.78000000 0.24500000 4.11027100
0.78000000 0.25000000 4.10970400
0.78000000 0.63500000 4.08819600
0.78000000 0.64000000 4.05564200
0.78000000 0.64500000 4.02227900
0.78000000 0.65000000 3.98816300
0.78000000 0.65500000 3.95335700
0.78000000 0.66000000 3.91792300
0.78000000 0.66500000 3.88192600
0.78000000 0.67000000 3.84543600
0.78000000 0.67500000 3.80852100
0.78000000 0.68000000 3.77125400
0.78000000 0.68500000 3.73370900
0.78000000 0.69000000 3.69596200
0.78000000 0.69500000 3.65808900
0.78000000 0.70000000 3.62016900
0.78000000 0.70500000 3.58228100
0.78000000 0.71000000 3.54450600
0.78000000 0.71500000 3.50692400
0.78000000 0.72000000 3.46961800
0.78000000 0.72500000 3.43266900
0.78000000 0.73000000 3.39616000
0.78000000 0.73500000 3.36017200
0.78000000 0.74000000 3.32478700
0.78000000 0.74500000 3.29008600
0.78000000 0.75000000 3.25615100
0.78000000 0.75500000 3.22305900
0.78000000 0.76000000 3.19089100
0.78000000 0.76500000 3.15972200
0.78000000 0.77000000 3.12962900
0.78000000 0.77500000 3.10068500
0.78000000 0.78000000 3.07296200
0.78000000 0.78500000 3.04652900
0.78000000 0.79000000 3.02145500
0.78000000 0.79500000 2.99780300
0.78000000 0.80000000 2.97563600
0.78000000 0.80500000 2.95501200
0.78000000 0.81000000 2.93598800
0.78000000 0.81500000 2.91861700
0.78000000 0.82000000 2.90294700
0.78000000 0.82500000 2.88902400
0.78000000 0.83000000 2.87689000
0.78000000 0.83500000 2.86658400
0.78000000 0.84000000 2.85813800
0.78000000 0.84500000 2.85158400
0.78000000 0.85000000 2.84694600
0.78000000 0.85500000 2.84424500
0.78000000 0.86000000 2.84349900
0.78500000 0.00000000 4.51004800
0.78500000 0.00500000 4.50481300
0.78500000 0.01000000 4.49910700
0.78500000 0.01500000 4.49293500
0.78500000 0.02000000 4.48630100
0.78500000 0.02500000 4.47921200
0.78500000 0.03000000 4.47167900
0.78500000 0.03500000 4.46371100
0.78500000 0.04000000 4.45532300
0.78500000 0.04500000 4.44653000
0.78500000 0.05000000 4.43734900
0.78500000 0.05500000 4.42779800
0.78500000 0.06000000 4.41789900
0.78500000 0.06500000 4.40767300
0.78500000 0.07000000 4.39714500
0.78500000 0.07500000 4.38634000
0.78500000 0.08000000 4.37528500
0.78500000 0.08500000 4.36400800
0.78500000 0.09000000 4.35253800
0.78500000 0.09500000 4.34090700
0.78500000 0.10000000 4.32914700
0.78500000 0.10500000 4.31728900
0.78500000 0.11000000 4.30536700
0.78500000 0.11500000 4.29341500
0.78500000 0.12000000 4.28146900
0.78500000 0.12500000 4.26956300
0.78500000 0.13000000 4.25773400
0.78500000 0.13500000 4.24601600
0.78500000 0.14000000 4.23444700
0.78500000 0.14500000 4.22306100
0.78500000 0.15000000 4.21189500
0.78500000 0.15500000 4.20098400
0.78500000 0.16000000 4.19036400
0.78500000 0.16500000 4.18006900
0.78500000 0.17000000 4.17013200
0.78500000 0.17500000 4.16058800
0.78500000 0.18000000 4.15146800
0.78500000 0.18500000 4.14280300
0.78500000 0.19000000 4.13462400
0.78500000 0.19500000 4.12696000
0.78500000 0.20000000 4.11983700
0.78500000 0.20500000 4.11328200
0.78500000 0.21000000 4.10732000
0.78500000 0.21500000 4.10197200
0.78500000 0.22000000 4.09726100
0.78500000 0.22500000 4.09320400
0.78500000 0.23000000 4.08982000
0.78500000 0.23500000 4.08712200
0.78500000 0.24000000 4.08512500
0.78500000 0.24500000 4.08383900
0.78500000 0.25000000 4.08327200
0.78500000 0.63500000 4.06176400
0.78500000 0.64000000 4.02921000
0.78500000 0.64500000 3.99584600
0.78500000 0.65000000 3.96173100
0.78500000 0.65500000 3.92692400
0.78500000 0.66000000 3.89149000
0.78500000 0.66500000 3.85549400
0.78500000 0.67000000 3.81900300
0.78500000 0.67500000 3.78208800
0.78500000 0.68000000 3.74482200
0.78500000 0.68500000 3.70727700
0.78500000 0.69000000 3.66953000
0.78500000 0.69500000 3.63165700
0.78500000 0.70000000 3.59373600
0.78500000 0.70500000 3.55584900
0.78500000 0.71000000 3.51807300
0.78500000 0.71500000 3.48049200
0.78500000 0.72000000 3.44318600
0.78500000 0.72500000 3.40623700
0.78500000 0.73000000 3.36972700
0.78500000 0.73500000 3.33373900
0.78500000 0.74000000 3.29835500
0.78500000 0.74500000 3.26365400
0.78500000 0.75000000 3.22971800
0.78500000 0.75500000 3.19662700
0.78500000 0.76000000 3.16445800
0.78500000 0.76500000 3.13329000
0.78500000 0.77000000 3.10319600
0.78500000 0.77500000 3.07425200
0.78500000 0.78000000 3.04652900
0.78500000 0.78500000 3.02009700
0.78500000 0.79000000 2.99502200
0.78500000 0.79500000 2.97137000
0.78500000 0.80000000 2.94920300
0.78500000 0.80500000 2.92858000
0.78500000 0.81000000 2.90955600
0.78500000 0.81500000 2.89218400
0.78500000 0.82000000 2.87651400
0.78500000 0.82500000 2.86259200
0.78500000 0.83000000 2.85045800
0.78500000 0.83500000 2.84015100
0.78500000 0.84000000 2.83170600
0.78500000 0.84500000 2.82515100
0.78500000 0.85000000 2.82051300
0.78500000 0.85500000 2.81781300
0.78500000 0.86000000 2.81706700
0.79000000 0.00000000 4.48497400
0.79000000 0.00500000 4.47973800
0.79000000 0.01000000 4.47403300
0.79000000 0.01500000 4.46786000
0.79000000 0.02000000 4.46122600
0.79000000 0.02500000 4.45413800
0.79000000 0.03000000 4.44660400
0.79000000 0.03500000 4.43863700
0.79000000 0.04000000 4.43024900
0.79000000 0.04500000 4.42145600
0.79000000 0.05000000 4.41227400
0.79000000 0.05500000 4.40272400
0.79000000 0.06000000 4.39282400
0.79000000 0.06500000 4.38259900
0.79000000 0.07000000 4.37207000
0.79000000 0.07500000 4.36126500
0.79000000 0.08000000 4.35021000
0.79000000 0.08500000 4.33893300
0.79000000 0.09000000 4.32746400
0.79000000 0.09500000 4.31583300
0.79000000 0.10000000 4.30407200
0.79000000 0.10500000 4.29221400
0.79000000 0.11000000 4.28029200
0.79000000 0.11500000 4.26834100
0.79000000 0.12000000 4.25639500
0.79000000 0.12500000 4.24448900
0.79000000 0.13000000 4.23265900
0.79000000 0.13500000 4.22094200
0.79000000 0.14000000 4.20937200
0.79000000 0.14500000 4.19798700
0.79000000 0.15000000 4.18682100
0.79000000 0.15500000 4.17591000
0.79000000 0.16000000 4.16529000
0.79000000 0.16500000 4.15499400
0.79000000 0.17000000 4.14505800
0.79000000 0.17500000 4.13551300
0.79000000 0.18000000 4.12639300
0.79000000 0.18500000 4.11772900
0.79000000 0.19000000 4.10955000
0.79000000 0.19500000 4.10188500
0.79000000 0.20000000 4.09476300
0.79000000 0.20500000 4.08820800
0.79000000 0.21000000 4.08224500
0.79000000 0.21500000 4.07689800
0.79000000 0.22000000 4.07218600
0.79000000 0.22500000 4.06813000
0.79000000 0.23000000 4.06474500
0.79000000 0.23500000 4.06204800
0.79000000 0.24000000 4.06005100
0.79000000 0.24500000 4.05876400
0.79000000 0.25000000 4.05819700
0.79000000 0.63500000 4.03668900
0.79000000 0.64000000 4.00413500
0.79000000 0.64500000 3.97077200
0.79000000 0.65000000 3.93665600
0.79000000 0.65500000 3.90185000
0.79000000 0.66000000 3.86641600
0.79000000 0.66500000 3.83041900
0.79000000 0.67000000 3.79392900
0.79000000 0.67500000 3.75701400
0.79000000 0.68000000 3.71974700
0.79000000 0.68500000 3.68220200
0.79000000 0.69000000 3.64445500
0.79000000 0.69500000 3.60658200
0.79000000 0.70000000 3.56866200
0.79000000 0.70500000 3.53077400
0.79000000 0.71000000 3.49299900
0.79000000 0.71500000 3.45541700
0.79000000 0.72000000 3.41811100
0.79000000 0.72500000 3.38116200
0.79000000 0.73000000 3.34465300
0.79000000 0.73500000 3.30866500
0.79000000 0.74000000 3.27328000
0.79000000 0.74500000 3.23858000
0.79000000 0.75000000 3.20464400
0.79000000 0.75500000 3.17155200
0.79000000 0.76000000 3.13938400
0.79000000 0.76500000 3.10821500
0.79000000 0.77000000 3.07812200
0.79000000 0.77500000 3.04917800
0.79000000 0.78000000 3.02145500
0.79000000 0.78500000 2.99502200
0.79000000 0.79000000 2.96994800
0.79000000 0.79500000 2.94629600
0.79000000 0.80000000 2.92412900
0.79000000 0.80500000 2.90350500
0.79000000 0.81000000 2.88448100
0.79000000 0.81500000 2.86711000
0.79000000 0.82000000 2.85144000
0.79000000 0.82500000 2.83751700
0.79000000 0.83000000 2.82538300
0.79000000 0.83500000 2.81507700
0.79000000 0.84000000 2.80663100
0.79000000 0.84500000 2.80007700
0.79000000 0.85000000 2.79543900
0.79000000 0.85500000 2.79273800
0.79000000 0.86000000 2.79199200
0.79500000 0.00000000 4.46132200
0.79500000 0.00500000 4.45608600
0.79500000 0.01000000 4.45038100
0.79500000 0.01500000 4.44420800
0.79500000 0.02000000 4.43757400
0.79500000 0.02500000 4.43048600
0.79500000 0.03000000 4.42295200
0.79500000 0.03500000 4.41498500
0.79500000 0.04000000 4.40659700
0.79500000 0.04500000 4.39780400
0.79500000 0.05000000 4.38862200
0.79500000 0.05500000 4.37907200
0.79500000 0.06000000 4.36917200
0.79500000 0.06500000 4.35894700
0.79500000 0.07000000 4.34841900
0.79500000 0.07500000 4.33761300
0.79500000 0.08000000 4.32655800
0.79500000 0.08500000 4.31528100
0.79500000 0.09000000 4.30381200
0.79500000 0.09500000 4.29218100
0.79500000 0.10000000 4.28042000
0.79500000 0.10500000 4.26856200
0.79500000 0.11000000 4.25664000
0.79500000 0.11500000 4.24468900
0.79500000 0.12000000 4.23274300
0.79500000 0.12500000 4.22083700
0.79500000 0.13000000 4.20900700
0.79500000 0.13500000 4.19729000
0.79500000 0.14000000 4.18572000
0.79500000 0.14500000 4.17433500
0.79500000 0.15000000 4.16316900
0.79500000 0.15500000 4.15225800
0.79500000 0.16000000 4.14163800
0.79500000 0.16500000 4.13134200
0.79500000 0.17000000 4.12140600
0.79500000 0.17500000 4.11186100
0.79500000 0.18000000 4.10274100
0.79500000 0.18500000 4.09407700
0.79500000 0.19000000 4.08589800
0.79500000 0.19500000 4.07823300
0.79500000 0.20000000 4.07111100
0.79500000 0.20500000 4.06455600
0.79500000 0.21000000 4.05859400
0.79500000 0.21500000 4.05324600
0.79500000 0.22000000 4.04853500
0.79500000 0.22500000 4.04447800
0.79500000 0.23000000 4.04109300
0.79500000 0.23500000 4.03839600
0.79500000 0.24000000 4.03639900
0.79500000 0.24500000 4.03511200
0.79500000 0.25000000 4.03454500
0.79500000 0.63500000 4.01303800
0.79500000 0.64000000 3.98048400
0.79500000 0.64500000 3.94712000
0.79500000 0.65000000 3.91300400
0.79500000 0.65500000 3.87819800
0.79500000 0.66000000 3.84276400
0.79500000 0.66500000 3.80676700
0.79500000 0.67000000 3.77027700
0.79500000 0.67500000 3.73336200
0.79500000 0.68000000 3.69609500
0.79500000 0.68500000 3.65855100
0.79500000 0.69000000 3.62080300
0.79500000 0.69500000 3.58293000
0.79500000 0.70000000 3.54501000
0.79500000 0.70500000 3.50712200
0.79500000 0.71000000 3.46934700
0.79500000 0.71500000 3.43176500
0.79500000 0.72000000 3.39445900
0.79500000 0.72500000 3.35751100
0.79500000 0.73000000 3.32100100
0.79500000 0.73500000 3.28501300
0.79500000 0.74000000 3.24962800
0.79500000 0.74500000 3.21492800
0.79500000 0.75000000 3.18099200
0.79500000 0.75500000 3.14790100
0.79500000 0.76000000 3.11573200
0.79500000 0.76500000 3.08456300
0.79500000 0.77000000 3.05447000
0.79500000 0.77500000 3.02552600
0.79500000 0.78000000 2.99780300
0.79500000 0.78500000 2.97137000
0.79500000 0.79000000 2.94629600
0.79500000 0.79500000 2.92264400
0.79500000 0.80000000 2.90047700
0.79500000 0.80500000 2.87985300
0.79500000 0.81000000 2.86082900
0.79500000 0.81500000 2.84345800
0.79500000 0.82000000 2.82778800
0.79500000 0.82500000 2.81386500
0.79500000 0.83000000 2.80173200
0.79500000 0.83500000 2.79142500
0.79500000 0.84000000 2.78298000
0.79500000 0.84500000 2.77642500
0.79500000 0.85000000 2.77178700
0.79500000 0.85500000 2.76908600
0.79500000 0.86000000 2.76834000
0.80000000 0.00000000 4.43915500
0.80000000 0.00500000 4.43391900
0.80000000 0.01000000 4.42821400
0.80000000 0.01500000 4.42204100
0.80000000 0.02000000 4.41540700
0.80000000 0.02500000 4.40831900
0.80000000 0.03000000 4.40078500
0.80000000 0.03500000 4.39281800
0.80000000 0.04000000 4.38443000
0.80000000 0.04500000 4.37563700
0.80000000 0.05000000 4.36645500
0.80000000 0.05500000 4.35690500
0.80000000 0.06000000 4.34700500
0.80000000 0.06500000 4.33677900
0.80000000 0.07000000 4.32625100
0.80000000 0.07500000 4.31544600
0.80000000 0.08000000 4.30439100
0.80000000 0.08500000 4.29311400
0.80000000 0.09000000 4.28164500
0.80000000 0.09500000 4.27001400
0.80000000 0.10000000 4.25825300
0.80000000 0.10500000 4.24639500
0.80000000 0.11000000 4.23447300
0.80000000 0.11500000 4.22252200
0.80000000 0.12000000 4.21057600
0.80000000 0.12500000 4.19867000
0.80000000 0.13000000 4.18684000
0.80000000 0.13500000 4.17512300
0.80000000 0.14000000 4.16355300
0.80000000 0.14500000 4.15216700
0.80000000 0.15000000 4.14100200
0.80000000 0.15500000 4.13009100
0.80000000 0.16000000 4.11947100
0.80000000 0.16500000 4.10917500
0.80000000 0.17000000 4.09923900
0.80000000 0.17500000 4.08969400
0.80000000 0.18000000 4.08057400
0.80000000 0.18500000 4.07191000
0.80000000 0.19000000 4.06373100
0.80000000 0.19500000 4.05606600
0.80000000 0.20000000 4.04894300
0.80000000 0.20500000 4.04238900
0.80000000 0.21000000 4.03642600
0.80000000 0.21500000 4.03107900
0.80000000 0.22000000 4.02636700
0.80000000 0.22500000 4.02231100
0.80000000 0.23000000 4.01892600
0.80000000 0.23500000 4.01622900
0.80000000 0.24000000 4.01423200
0.80000000 0.24500000 4.01294500
0.80000000 0.25000000 4.01237800
0.80000000 0.63500000 3.99087000
0.80000000 0.64000000 3.95831600
0.80000000 0.64500000 3.92495300
0.80000000 0.65000000 3.89083700
0.80000000 0.65500000 3.85603100
0.80000000 0.66000000 3.82059700
0.80000000 0.66500000 3.78460000
0.80000000 0.67000000 3.74811000
0.80000000 0.67500000 3.71119500
0.80000000 0.68000000 3.67392800
0.80000000 0.68500000 3.63638300
0.80000000 0.69000000 3.59863600
0.80000000 0.69500000 3.56076300
0.80000000 0.70000000 3.52284300
0.80000000 0.70500000 3.48495500
0.80000000 0.71000000 3.44718000
0.80000000 0.71500000 3.40959800
0.80000000 0.72000000 3.37229200
0.80000000 0.72500000 3.33534300
0.80000000 0.73000000 3.29883400
0.80000000 0.73500000 3.26284600
0.80000000 0.74000000 3.22746100
0.80000000 0.74500000 3.19276000
0.80000000 0.75000000 3.15882500
0.80000000 0.75500000 3.12573300
0.80000000 0.76000000 3.09356500
0.80000000 0.76500000 3.06239600
0.80000000 0.77000000 3.03230300
0.80000000 0.77500000 3.00335900
0.80000000 0.78000000 2.97563600
0.80000000 0.78500000 2.94920300
0.80000000 0.79000000 2.92412900
0.80000000 0.79500000 2.90047700
0.80000000 0.80000000 2.87831000
0.80000000 0.80500000 2.85768600
0.80000000 0.81000000 2.83866200
0.80000000 0.81500000 2.82129100
0.80000000 0.82000000 2.80562100
0.80000000 0.82500000 2.79169800
0.80000000 0.83000000 2.77956400
0.80000000 0.83500000 2.76925800
0.80000000 0.84000000 2.76081200
0.80000000 0.84500000 2.75425800
0.80000000 0.85000000 2.74962000
0.80000000 0.85500000 2.74691900
0.80000000 0.86000000 2.74617300
0.80500000 0.00000000 4.41853100
0.80500000 0.00500000 4.41329600
0.80500000 0.01000000 4.40759000
0.80500000 0.01500000 4.40141800
0.80500000 0.02000000 4.39478400
0.80500000 0.02500000 4.38769500
0.80500000 0.03000000 4.38016200
0.80500000 0.03500000 4.37219400
0.80500000 0.04000000 4.36380600
0.80500000 0.04500000 4.35501300
0.80500000 0.05000000 4.34583200
0.80500000 0.05500000 4.33628100
0.80500000 0.06000000 4.32638200
0.80500000 0.06500000 4.31615600
0.80500000 0.07000000 4.30562800
0.80500000 0.07500000 4.29482300
0.80500000 0.08000000 4.28376800
0.80500000 0.08500000 4.27249100
0.80500000 0.09000000 4.26102100
0.80500000 0.09500000 4.24939000
0.80500000 0.10000000 4.23763000
0.80500000 0.10500000 4.22577200
0.80500000 0.11000000 4.21385000
0.80500000 0.11500000 4.20189800
0.80500000 0.12000000 4.18995200
0.80500000 0.12500000 4.17804600
0.80500000 0.13000000 4.16621700
0.80500000 0.13500000 4.15449900
0.80500000 0.14000000 4.14293000
0.80500000 0.14500000 4.13154400
0.80500000 0.15000000 4.12037800
0.80500000 0.15500000 4.10946700
0.80500000 0.16000000 4.09884700
0.80500000 0.16500000 4.08855200
0.80500000 0.17000000 4.07861500
0.80500000 0.17500000 4.06907100
0.80500000 0.18000000 4.05995100
0.80500000 0.18500000 4.05128600
0.80500000 0.19000000 4.04310700
0.80500000 0.19500000 4.03544300
0.80500000 0.20000000 4.02832000
0.80500000 0.20500000 4.02176500
0.80500000 0.21000000 4.01580300
0.80500000 0.21500000 4.01045500
0.80500000 0.22000000 4.00574400
0.80500000 0.22500000 4.00168700
0.80500000 0.23000000 3.99830300
0.80500000 0.23500000 3.99560500
0.80500000 0.24000000 3.99360800
0.80500000 0.24500000 3.99232200
0.80500000 0.25000000 3.99175500
0.80500000 0.63500000 3.97024700
0.80500000 0.64000000 3.93769300
0.80500000 0.64500000 3.90432900
0.80500000 0.65000000 3.87021400
0.80500000 0.65500000 3.83540700
0.80500000 0.66000000 3.79997300
0.80500000 0.66500000 3.76397700
0.80500000 0.67000000 3.72748600
0.80500000 0.67500000 3.69057100
0.80500000 0.68000000 3.65330500
0.80500000 0.68500000 3.61576000
0.80500000 0.69000000 3.57801200
0.80500000 0.69500000 3.54014000
0.80500000 0.70000000 3.50221900
0.80500000 0.70500000 3.46433200
0.80500000 0.71000000 3.42655600
0.80500000 0.71500000 3.38897500
0.80500000 0.72000000 3.35166900
0.80500000 0.72500000 3.31472000
0.80500000 0.73000000 3.27821000
0.80500000 0.73500000 3.24222200
0.80500000 0.74000000 3.20683800
0.80500000 0.74500000 3.17213700
0.80500000 0.75000000 3.13820100
0.80500000 0.75500000 3.10511000
0.80500000 0.76000000 3.07294100
0.80500000 0.76500000 3.04177300
0.80500000 0.77000000 3.01167900
0.80500000 0.77500000 2.98273500
0.80500000 0.78000000 2.95501200
0.80500000 0.78500000 2.92858000
0.80500000 0.79000000 2.90350500
0.80500000 0.79500000 2.87985300
0.80500000 0.80000000 2.85768600
0.80500000 0.80500000 2.83706300
0.80500000 0.81000000 2.81803900
0.80500000 0.81500000 2.80066700
0.80500000 0.82000000 2.78499700
0.80500000 0.82500000 2.77107400
0.80500000 0.83000000 2.75894100
0.80500000 0.83500000 2.74863400
0.80500000 0.84000000 2.74018900
0.80500000 0.84500000 2.73363400
0.80500000 0.85000000 2.72899600
0.80500000 0.85500000 2.72629600
0.80500000 0.86000000 2.72555000
0.81000000 0.00000000 4.39950700
0.81000000 0.00500000 4.39427200
0.81000000 0.01000000 4.38856600
0.81000000 0.01500000 4.38239400
0.81000000 0.02000000 4.37576000
0.81000000 0.02500000 4.36867100
0.81000000 0.03000000 4.36113800
0.81000000 0.03500000 4.35317000
0.81000000 0.04000000 4.34478200
0.81000000 0.04500000 4.33598900
0.81000000 0.05000000 4.32680800
0.81000000 0.05500000 4.31725700
0.81000000 0.06000000 4.30735800
0.81000000 0.06500000 4.29713200
0.81000000 0.07000000 4.28660400
0.81000000 0.07500000 4.27579900
0.81000000 0.08000000 4.26474400
0.81000000 0.08500000 4.25346700
0.81000000 0.09000000 4.24199700
0.81000000 0.09500000 4.23036700
0.81000000 0.10000000 4.21860600
0.81000000 0.10500000 4.20674800
0.81000000 0.11000000 4.19482600
0.81000000 0.11500000 4.18287400
0.81000000 0.12000000 4.17092800
0.81000000 0.12500000 4.15902200
0.81000000 0.13000000 4.14719300
0.81000000 0.13500000 4.13547500
0.81000000 0.14000000 4.12390600
0.81000000 0.14500000 4.11252000
0.81000000 0.15000000 4.10135400
0.81000000 0.15500000 4.09044300
0.81000000 0.16000000 4.07982300
0.81000000 0.16500000 4.06952800
0.81000000 0.17000000 4.05959100
0.81000000 0.17500000 4.05004700
0.81000000 0.18000000 4.04092700
0.81000000 0.18500000 4.03226200
0.81000000 0.19000000 4.02408300
0.81000000 0.19500000 4.01641900
0.81000000 0.20000000 4.00929600
0.81000000 0.20500000 4.00274100
0.81000000 0.21000000 3.99677900
0.81000000 0.21500000 3.99143100
0.81000000 0.22000000 3.98672000
0.81000000 0.22500000 3.98266300
0.81000000 0.23000000 3.97927900
0.81000000 0.23500000 3.97658200
0.81000000 0.24000000 3.97458400
0.81000000 0.24500000 3.97329800
0.81000000 0.25000000 3.97273100
0.81000000 0.63500000 3.95122300
0.81000000 0.64000000 3.91866900
0.81000000 0.64500000 3.88530500
0.81000000 0.65000000 3.85119000
0.81000000 0.65500000 3.81638300
0.81000000 0.66000000 3.78094900
0.81000000 0.66500000 3.74495300
0.81000000 0.67000000 3.70846200
0.81000000 0.67500000 3.67154800
0.81000000 0.68000000 3.63428100
0.81000000 0.68500000 3.59673600
0.81000000 0.69000000 3.55898900
0.81000000 0.69500000 3.52111600
0.81000000 0.70000000 3.48319600
0.81000000 0.70500000 3.44530800
0.81000000 0.71000000 3.40753200
0.81000000 0.71500000 3.36995100
0.81000000 0.72000000 3.33264500
0.81000000 0.72500000 3.29569600
0.81000000 0.73000000 3.25918700
0.81000000 0.73500000 3.22319900
0.81000000 0.74000000 3.18781400
0.81000000 0.74500000 3.15311300
0.81000000 0.75000000 3.11917700
0.81000000 0.75500000 3.08608600
0.81000000 0.76000000 3.05391700
0.81000000 0.76500000 3.02274900
0.81000000 0.77000000 2.99265500
0.81000000 0.77500000 2.96371100
0.81000000 0.78000000 2.93598800
0.81000000 0.78500000 2.90955600
0.81000000 0.79000000 2.88448100
0.81000000 0.79500000 2.86082900
0.81000000 0.80000000 2.83866200
0.81000000 0.80500000 2.81803900
0.81000000 0.81000000 2.79901500
0.81000000 0.81500000 2.78164300
0.81000000 0.82000000 2.76597300
0.81000000 0.82500000 2.75205100
0.81000000 0.83000000 2.73991700
0.81000000 0.83500000 2.72961000
0.81000000 0.84000000 2.72116500
0.81000000 0.84500000 2.71461000
0.81000000 0.85000000 2.70997200
0.81000000 0.85500000 2.70727200
0.81000000 0.86000000 2.70652600
0.81500000 0.00000000 4.38213600
0.81500000 0.00500000 4.37690000
0.81500000 0.01000000 4.37119500
0.81500000 0.01500000 4.36502200
0.81500000 0.02000000 4.35838800
0.81500000 0.02500000 4.35130000
0.81500000 0.03000000 4.34376600
0.81500000 0.03500000 4.33579900
0.81500000 0.04000000 4.32741100
0.81500000 0.04500000 4.31861800
0.81500000 0.05000000 4.30943600
0.81500000 0.05500000 4.29988600
0.81500000 0.06000000 4.28998600
0.81500000 0.06500000 4.27976100
0.81500000 0.07000000 4.26923200
0.81500000 0.07500000 4.25842700
0.81500000 0.08000000 4.24737200
0.81500000 0.08500000 4.23609500
0.81500000 0.09000000 4.22462600
0.81500000 0.09500000 4.21299500
0.81500000 0.10000000 4.20123400
0.81500000 0.10500000 4.18937600
0.81500000 0.11000000 4.17745400
0.81500000 0.11500000 4.16550300
0.81500000 0.12000000 4.15355700
0.81500000 0.12500000 4.14165100
0.81500000 0.13000000 4.12982100
0.81500000 0.13500000 4.11810400
0.81500000 0.14000000 4.10653400
0.81500000 0.14500000 4.09514900
0.81500000 0.15000000 4.08398300
0.81500000 0.15500000 4.07307200
0.81500000 0.16000000 4.06245200
0.81500000 0.16500000 4.05215600
0.81500000 0.17000000 4.04222000
0.81500000 0.17500000 4.03267500
0.81500000 0.18000000 4.02355500
0.81500000 0.18500000 4.01489100
0.81500000 0.19000000 4.00671200
0.81500000 0.19500000 3.99904700
0.81500000 0.20000000 3.99192500
0.81500000 0.20500000 3.98537000
0.81500000 0.21000000 3.97940700
0.81500000 0.21500000 3.97406000
0.81500000 0.22000000 3.96934800
0.81500000 0.22500000 3.96529200
0.81500000 0.23000000 3.96190700
0.81500000 0.23500000 3.95921000
0.81500000 0.24000000 3.95721300
0.81500000 0.24500000 3.95592600
0.81500000 0.25000000 3.95535900
0.81500000 0.63500000 3.93385200
0.81500000 0.64000000 3.90129700
0.81500000 0.64500000 3.86793400
0.81500000 0.65000000 3.83381800
0.81500000 0.65500000 3.79901200
0.81500000 0.66000000 3.76357800
0.81500000 0.66500000 3.72758100
0.81500000 0.67000000 3.69109100
0.81500000 0.67500000 3.65417600
0.81500000 0.68000000 3.61690900
0.81500000 0.68500000 3.57936400
0.81500000 0.69000000 3.54161700
0.81500000 0.69500000 3.50374400
0.81500000 0.70000000 3.46582400
0.81500000 0.70500000 3.42793600
0.81500000 0.71000000 3.39016100
0.81500000 0.71500000 3.35257900
0.81500000 0.72000000 3.31527300
0.81500000 0.72500000 3.27832400
0.81500000 0.73000000 3.24181500
0.81500000 0.73500000 3.20582700
0.81500000 0.74000000 3.17044200
0.81500000 0.74500000 3.13574200
0.81500000 0.75000000 3.10180600
0.81500000 0.75500000 3.06871400
0.81500000 0.76000000 3.03654600
0.81500000 0.76500000 3.00537700
0.81500000 0.77000000 2.97528400
0.81500000 0.77500000 2.94634000
0.81500000 0.78000000 2.91861700
0.81500000 0.78500000 2.89218400
0.81500000 0.79000000 2.86711000
0.81500000 0.79500000 2.84345800
0.81500000 0.80000000 2.82129100
0.81500000 0.80500000 2.80066700
0.81500000 0.81000000 2.78164300
0.81500000 0.81500000 2.76427200
0.81500000 0.82000000 2.74860200
0.81500000 0.82500000 2.73467900
0.81500000 0.83000000 2.72254500
0.81500000 0.83500000 2.71223900
0.81500000 0.84000000 2.70379300
0.81500000 0.84500000 2.69723900
0.81500000 0.85000000 2.69260100
0.81500000 0.85500000 2.68990000
0.81500000 0.86000000 2.68915400
0.82000000 0.00000000 4.36646600
0.82000000 0.00500000 4.36123000
0.82000000 0.01000000 4.35552500
0.82000000 0.01500000 4.34935200
0.82000000 0.02000000 4.34271800
0.82000000 0.02500000 4.33563000
0.82000000 0.03000000 4.32809600
0.82000000 0.03500000 4.32012900
0.82000000 0.04000000 4.31174100
0.82000000 0.04500000 4.30294800
0.82000000 0.05000000 4.29376600
0.82000000 0.05500000 4.28421600
0.82000000 0.06000000 4.27431600
0.82000000 0.06500000 4.26409100
0.82000000 0.07000000 4.25356200
0.82000000 0.07500000 4.24275700
0.82000000 0.08000000 4.23170200
0.82000000 0.08500000 4.22042500
0.82000000 0.09000000 4.20895600
0.82000000 0.09500000 4.19732500
0.82000000 0.10000000 4.18556400
0.82000000 0.10500000 4.17370600
0.82000000 0.11000000 4.16178400
0.82000000 0.11500000 4.14983300
0.82000000 0.12000000 4.13788700
0.82000000 0.12500000 4.12598100
0.82000000 0.13000000 4.11415100
0.82000000 0.13500000 4.10243400
0.82000000 0.14000000 4.09086400
0.82000000 0.14500000 4.07947900
0.82000000 0.15000000 4.06831300
0.82000000 0.15500000 4.05740200
0.82000000 0.16000000 4.04678200
0.82000000 0.16500000 4.03648600
0.82000000 0.17000000 4.02655000
0.82000000 0.17500000 4.01700500
0.82000000 0.18000000 4.00788500
0.82000000 0.18500000 3.99922100
0.82000000 0.19000000 3.99104200
0.82000000 0.19500000 3.98337700
0.82000000 0.20000000 3.97625500
0.82000000 0.20500000 3.96970000
0.82000000 0.21000000 3.96373700
0.82000000 0.21500000 3.95839000
0.82000000 0.22000000 3.95367800
0.82000000 0.22500000 3.94962200
0.82000000 0.23000000 3.94623700
0.82000000 0.23500000 3.94354000
0.82000000 0.24000000 3.94154300
0.82000000 0.24500000 3.94025600
0.82000000 0.25000000 3.93968900
0.82000000 0.63500000 3.91818200
0.82000000 0.64000000 3.88562700
0.82000000 0.64500000 3.85226400
0.82000000 0.65000000 3.81814800
0.82000000 0.65500000 3.78334200
0.82000000 0.66000000 3.74790800
0.82000000 0.66500000 3.71191100
0.82000000 0.67000000 3.67542100
0.82000000 0.67500000 3.63850600
0.82000000 0.68000000 3.60123900
0.82000000 0.68500000 3.56369500
0.82000000 0.69000000 3.52594700
0.82000000 0.69500000 3.48807400
0.82000000 0.70000000 3.45015400
0.82000000 0.70500000 3.41226600
0.82000000 0.71000000 3.37449100
0.82000000 0.71500000 3.33690900
0.82000000 0.72000000 3.29960300
0.82000000 0.72500000 3.26265400
0.82000000 0.73000000 3.22614500
0.82000000 0.73500000 3.19015700
0.82000000 0.74000000 3.15477200
0.82000000 0.74500000 3.12007200
0.82000000 0.75000000 3.08613600
0.82000000 0.75500000 3.05304400
0.82000000 0.76000000 3.02087600
0.82000000 0.76500000 2.98970700
0.82000000 0.77000000 2.95961400
0.82000000 0.77500000 2.93067000
0.82000000 0.78000000 2.90294700
0.82000000 0.78500000 2.87651400
0.82000000 0.79000000 2.85144000
0.82000000 0.79500000 2.82778800
0.82000000 0.80000000 2.80562100
0.82000000 0.80500000 2.78499700
0.82000000 0.81000000 2.76597300
0.82000000 0.81500000 2.74860200
0.82000000 0.82000000 2.73293200
0.82000000 0.82500000 2.71900900
0.82000000 0.83000000 2.70687500
0.82000000 0.83500000 2.69656900
0.82000000 0.84000000 2.68812300
0.82000000 0.84500000 2.68156900
0.82000000 0.85000000 2.67693100
0.82000000 0.85500000 2.67423000
0.82000000 0.86000000 2.67348400
0.82500000 0.00000000 4.35254300
0.82500000 0.00500000 4.34730800
0.82500000 0.01000000 4.34160200
0.82500000 0.01500000 4.33543000
0.82500000 0.02000000 4.32879600
0.82500000 0.02500000 4.32170700
0.82500000 0.03000000 4.31417300
0.82500000 0.03500000 4.30620600
0.82500000 0.04000000 4.29781800
0.82500000 0.04500000 4.28902500
0.82500000 0.05000000 4.27984400
0.82500000 0.05500000 4.27029300
0.82500000 0.06000000 4.26039400
0.82500000 0.06500000 4.25016800
0.82500000 0.07000000 4.23964000
0.82500000 0.07500000 4.22883500
0.82500000 0.08000000 4.21777900
0.82500000 0.08500000 4.20650200
0.82500000 0.09000000 4.19503300
0.82500000 0.09500000 4.18340200
0.82500000 0.10000000 4.17164200
0.82500000 0.10500000 4.15978300
0.82500000 0.11000000 4.14786200
0.82500000 0.11500000 4.13591000
0.82500000 0.12000000 4.12396400
0.82500000 0.12500000 4.11205800
0.82500000 0.13000000 4.10022900
0.82500000 0.13500000 4.08851100
0.82500000 0.14000000 4.07694200
0.82500000 0.14500000 4.06555600
0.82500000 0.15000000 4.05439000
0.82500000 0.15500000 4.04347900
0.82500000 0.16000000 4.03285900
0.82500000 0.16500000 4.02256400
0.82500000 0.17000000 4.01262700
0.82500000 0.17500000 4.00308300
0.82500000 0.18000000 3.99396300
0.82500000 0.18500000 3.98529800
0.82500000 0.19000000 3.97711900
0.82500000 0.19500000 3.96945500
0.82500000 0.20000000 3.96233200
0.82500000 0.20500000 3.95577700
0.82500000 0.21000000 3.94981500
0.82500000 0.21500000 3.94446700
0.82500000 0.22000000 3.93975600
0.82500000 0.22500000 3.93569900
0.82500000 0.23000000 3.93231500
0.82500000 0.23500000 3.92961700
0.82500000 0.24000000 3.92762000
0.82500000 0.24500000 3.92633400
0.82500000 0.25000000 3.92576700
0.82500000 0.63500000 3.90425900
0.82500000 0.64000000 3.87170500
0.82500000 0.64500000 3.83834100
0.82500000 0.65000000 3.80422600
0.82500000 0.65500000 3.76941900
0.82500000 0.66000000 3.73398500
0.82500000 0.66500000 3.69798900
0.82500000 0.67000000 3.66149800
0.82500000 0.67500000 3.62458300
0.82500000 0.68000000 3.58731700
0.82500000 0.68500000 3.54977200
0.82500000 0.69000000 3.51202400
0.82500000 0.69500000 3.47415100
0.82500000 0.70000000 3.43623100
0.82500000 0.70500000 3.39834300
0.82500000 0.71000000 3.36056800
0.82500000 0.71500000 3.32298700
0.82500000 0.72000000 3.28568100
0.82500000 0.72500000 3.24873200
0.82500000 0.73000000 3.21222200
0.82500000 0.73500000 3.17623400
0.82500000 0.74000000 3.14084900
0.82500000 0.74500000 3.10614900
0.82500000 0.75000000 3.07221300
0.82500000 0.75500000 3.03912200
0.82500000 0.76000000 3.00695300
0.82500000 0.76500000 2.97578400
0.82500000 0.77000000 2.94569100
0.82500000 0.77500000 2.91674700
0.82500000 0.78000000 2.88902400
0.82500000 0.78500000 2.86259200
0.82500000 0.79000000 2.83751700
0.82500000 0.79500000 2.81386500
0.82500000 0.80000000 2.79169800
0.82500000 0.80500000 2.77107400
0.82500000 0.81000000 2.75205100
0.82500000 0.81500000 2.73467900
0.82500000 0.82000000 2.71900900
0.82500000 0.82500000 2.70508600
0.82500000 0.83000000 2.69295300
0.82500000 0.83500000 2.68264600
0.82500000 0.84000000 2.67420100
0.82500000 0.84500000 2.66764600
0.82500000 0.85000000 2.66300800
0.82500000 0.85500000 2.66030800
0.82500000 0.86000000 2.65956200
0.83000000 0.00000000 4.34041000
0.83000000 0.00500000 4.33517400
0.83000000 0.01000000 4.32946800
0.83000000 0.01500000 4.32329600
0.83000000 0.02000000 4.31666200
0.83000000 0.02500000 4.30957300
0.83000000 0.03000000 4.30204000
0.83000000 0.03500000 4.29407200
0.83000000 0.04000000 4.28568500
0.83000000 0.04500000 4.27689100
0.83000000 0.05000000 4.26771000
0.83000000 0.05500000 4.25815900
0.83000000 0.06000000 4.24826000
0.83000000 0.06500000 4.23803400
0.83000000 0.07000000 4.22750600
0.83000000 0.07500000 4.21670100
0.83000000 0.08000000 4.20564600
0.83000000 0.08500000 4.19436900
0.83000000 0.09000000 4.18290000
0.83000000 0.09500000 4.17126900
0.83000000 0.10000000 4.15950800
0.83000000 0.10500000 4.14765000
0.83000000 0.11000000 4.13572800
0.83000000 0.11500000 4.12377700
0.83000000 0.12000000 4.11183000
0.83000000 0.12500000 4.09992500
0.83000000 0.13000000 4.08809500
0.83000000 0.13500000 4.07637700
0.83000000 0.14000000 4.06480800
0.83000000 0.14500000 4.05342200
0.83000000 0.15000000 4.04225600
0.83000000 0.15500000 4.03134600
0.83000000 0.16000000 4.02072500
0.83000000 0.16500000 4.01043000
0.83000000 0.17000000 4.00049300
0.83000000 0.17500000 3.99094900
0.83000000 0.18000000 3.98182900
0.83000000 0.18500000 3.97316400
0.83000000 0.19000000 3.96498500
0.83000000 0.19500000 3.95732100
0.83000000 0.20000000 3.95019800
0.83000000 0.20500000 3.94364400
0.83000000 0.21000000 3.93768100
0.83000000 0.21500000 3.93233400
0.83000000 0.22000000 3.92762200
0.83000000 0.22500000 3.92356600
0.83000000 0.23000000 3.92018100
0.83000000 0.23500000 3.91748400
0.83000000 0.24000000 3.91548600
0.83000000 0.24500000 3.91420000
0.83000000 0.25000000 3.91363300
0.83000000 0.63500000 3.89212500
0.83000000 0.64000000 3.85957100
0.83000000 0.64500000 3.82620700
0.83000000 0.65000000 3.79209200
0.83000000 0.65500000 3.75728600
0.83000000 0.66000000 3.72185100
0.83000000 0.66500000 3.68585500
0.83000000 0.67000000 3.64936400
0.83000000 0.67500000 3.61245000
0.83000000 0.68000000 3.57518300
0.83000000 0.68500000 3.53763800
0.83000000 0.69000000 3.49989100
0.83000000 0.69500000 3.46201800
0.83000000 0.70000000 3.42409800
0.83000000 0.70500000 3.38621000
0.83000000 0.71000000 3.34843500
0.83000000 0.71500000 3.31085300
0.83000000 0.72000000 3.27354700
0.83000000 0.72500000 3.23659800
0.83000000 0.73000000 3.20008900
0.83000000 0.73500000 3.16410100
0.83000000 0.74000000 3.12871600
0.83000000 0.74500000 3.09401500
0.83000000 0.75000000 3.06007900
0.83000000 0.75500000 3.02698800
0.83000000 0.76000000 2.99481900
0.83000000 0.76500000 2.96365100
0.83000000 0.77000000 2.93355800
0.83000000 0.77500000 2.90461300
0.83000000 0.78000000 2.87689000
0.83000000 0.78500000 2.85045800
0.83000000 0.79000000 2.82538300
0.83000000 0.79500000 2.80173200
0.83000000 0.80000000 2.77956400
0.83000000 0.80500000 2.75894100
0.83000000 0.81000000 2.73991700
0.83000000 0.81500000 2.72254500
0.83000000 0.82000000 2.70687500
0.83000000 0.82500000 2.69295300
0.83000000 0.83000000 2.68081900
0.83000000 0.83500000 2.67051300
0.83000000 0.84000000 2.66206700
0.83000000 0.84500000 2.65551300
0.83000000 0.85000000 2.65087400
0.83000000 0.85500000 2.64817400
0.83000000 0.86000000 2.64742800
0.83500000 0.00000000 4.33010300
0.83500000 0.00500000 4.32486700
0.83500000 0.01000000 4.31916200
0.83500000 0.01500000 4.31298900
0.83500000 0.02000000 4.30635500
0.83500000 0.02500000 4.29926700
0.83500000 0.03000000 4.29173300
0.83500000 0.03500000 4.28376600
0.83500000 0.04000000 4.27537800
0.83500000 0.04500000 4.26658500
0.83500000 0.05000000 4.25740300
0.83500000 0.05500000 4.24785300
0.83500000 0.06000000 4.23795300
0.83500000 0.06500000 4.22772800
0.83500000 0.07000000 4.21720000
0.83500000 0.07500000 4.20639400
0.83500000 0.08000000 4.19533900
0.83500000 0.08500000 4.18406200
0.83500000 0.09000000 4.17259300
0.83500000 0.09500000 4.16096200
0.83500000 0.10000000 4.14920100
0.83500000 0.10500000 4.13734300
0.83500000 0.11000000 4.12542100
0.83500000 0.11500000 4.11347000
0.83500000 0.12000000 4.10152400
0.83500000 0.12500000 4.08961800
0.83500000 0.13000000 4.07778900
0.83500000 0.13500000 4.06607100
0.83500000 0.14000000 4.05450100
0.83500000 0.14500000 4.04311600
0.83500000 0.15000000 4.03195000
0.83500000 0.15500000 4.02103900
0.83500000 0.16000000 4.01041900
0.83500000 0.16500000 4.00012300
0.83500000 0.17000000 3.99018700
0.83500000 0.17500000 3.98064200
0.83500000 0.18000000 3.97152200
0.83500000 0.18500000 3.96285800
0.83500000 0.19000000 3.95467900
0.83500000 0.19500000 3.94701400
0.83500000 0.20000000 3.93989200
0.83500000 0.20500000 3.93333700
0.83500000 0.21000000 3.92737500
0.83500000 0.21500000 3.92202700
0.83500000 0.22000000 3.91731600
0.83500000 0.22500000 3.91325900
0.83500000 0.23000000 3.90987400
0.83500000 0.23500000 3.90717700
0.83500000 0.24000000 3.90518000
0.83500000 0.24500000 3.90389300
0.83500000 0.25000000 3.90332600
0.83500000 0.63500000 3.88181900
0.83500000 0.64000000 3.84926500
0.83500000 0.64500000 3.81590100
0.83500000 0.65000000 3.78178500
0.83500000 0.65500000 3.74697900
0.83500000 0.66000000 3.71154500
0.83500000 0.66500000 3.67554800
0.83500000 0.67000000 3.63905800
0.83500000 0.67500000 3.60214300
0.83500000 0.68000000 3.56487600
0.83500000 0.68500000 3.52733200
0.83500000 0.69000000 3.48958400
0.83500000 0.69500000 3.45171100
0.83500000 0.70000000 3.41379100
0.83500000 0.70500000 3.37590300
0.83500000 0.71000000 3.33812800
0.83500000 0.71500000 3.30054700
0.83500000 0.72000000 3.26324000
0.83500000 0.72500000 3.22629200
0.83500000 0.73000000 3.18978200
0.83500000 0.73500000 3.15379400
0.83500000 0.74000000 3.11840900
0.83500000 0.74500000 3.08370900
0.83500000 0.75000000 3.04977300
0.83500000 0.75500000 3.01668200
0.83500000 0.76000000 2.98451300
0.83500000 0.76500000 2.95334400
0.83500000 0.77000000 2.92325100
0.83500000 0.77500000 2.89430700
0.83500000 0.78000000 2.86658400
0.83500000 0.78500000 2.84015100
0.83500000 0.79000000 2.81507700
0.83500000 0.79500000 2.79142500
0.83500000 0.80000000 2.76925800
0.83500000 0.80500000 2.74863400
0.83500000 0.81000000 2.72961000
0.83500000 0.81500000 2.71223900
0.83500000 0.82000000 2.69656900
0.83500000 0.82500000 2.68264600
0.83500000 0.83000000 2.67051300
0.83500000 0.83500000 2.66020600
0.83500000 0.84000000 2.65176100
0.83500000 0.84500000 2.64520600
0.83500000 0.85000000 2.64056800
0.83500000 0.85500000 2.63786800
0.83500000 0.86000000 2.63712100
0.84000000 0.00000000 4.32165800
0.84000000 0.00500000 4.31642200
0.84000000 0.01000000 4.31071600
0.84000000 0.01500000 4.30454400
0.84000000 0.02000000 4.29791000
0.84000000 0.02500000 4.29082100
0.84000000 0.03000000 4.28328800
0.84000000 0.03500000 4.27532000
0.84000000 0.04000000 4.26693300
0.84000000 0.04500000 4.25813900
0.84000000 0.05000000 4.24895800
0.84000000 0.05500000 4.23940700
0.84000000 0.06000000 4.22950800
0.84000000 0.06500000 4.21928200
0.84000000 0.07000000 4.20875400
0.84000000 0.07500000 4.19794900
0.84000000 0.08000000 4.18689400
0.84000000 0.08500000 4.17561700
0.84000000 0.09000000 4.16414800
0.84000000 0.09500000 4.15251700
0.84000000 0.10000000 4.14075600
0.84000000 0.10500000 4.12889800
0.84000000 0.11000000 4.11697600
0.84000000 0.11500000 4.10502500
0.84000000 0.12000000 4.09307800
0.84000000 0.12500000 4.08117300
0.84000000 0.13000000 4.06934300
0.84000000 0.13500000 4.05762500
0.84000000 0.14000000 4.04605600
0.84000000 0.14500000 4.03467000
0.84000000 0.15000000 4.02350400
0.84000000 0.15500000 4.01259400
0.84000000 0.16000000 4.00197300
0.84000000 0.16500000 3.99167800
0.84000000 0.17000000 3.98174100
0.84000000 0.17500000 3.97219700
0.84000000 0.18000000 3.96307700
0.84000000 0.18500000 3.95441200
0.84000000 0.19000000 3.94623300
0.84000000 0.19500000 3.93856900
0.84000000 0.20000000 3.93144600
0.84000000 0.20500000 3.92489200
0.84000000 0.21000000 3.91892900
0.84000000 0.21500000 3.91358200
0.84000000 0.22000000 3.90887000
0.84000000 0.22500000 3.90481400
0.84000000 0.23000000 3.90142900
0.84000000 0.23500000 3.89873200
0.84000000 0.24000000 3.89673400
0.84000000 0.24500000 3.89544800
0.84000000 0.25000000 3.89488100
0.84000000 0.63500000 3.87337300
0.84000000 0.64000000 3.84081900
0.84000000 0.64500000 3.80745500
0.84000000 0.65000000 3.77334000
0.84000000 0.65500000 3.73853400
0.84000000 0.66000000 3.70309900
0.84000000 0.66500000 3.66710300
0.84000000 0.67000000 3.63061200
0.84000000 0.67500000 3.59369800
0.84000000 0.68000000 3.55643100
0.84000000 0.68500000 3.51888600
0.84000000 0.69000000 3.48113900
0.84000000 0.69500000 3.44326600
0.84000000 0.70000000 3.40534600
0.84000000 0.70500000 3.36745800
0.84000000 0.71000000 3.32968300
0.84000000 0.71500000 3.29210100
0.84000000 0.72000000 3.25479500
0.84000000 0.72500000 3.21784600
0.84000000 0.73000000 3.18133700
0.84000000 0.73500000 3.14534900
0.84000000 0.74000000 3.10996400
0.84000000 0.74500000 3.07526300
0.84000000 0.75000000 3.04132700
0.84000000 0.75500000 3.00823600
0.84000000 0.76000000 2.97606700
0.84000000 0.76500000 2.94489900
0.84000000 0.77000000 2.91480600
0.84000000 0.77500000 2.88586100
0.84000000 0.78000000 2.85813800
0.84000000 0.78500000 2.83170600
0.84000000 0.79000000 2.80663100
0.84000000 0.79500000 2.78298000
0.84000000 0.80000000 2.76081200
0.84000000 0.80500000 2.74018900
0.84000000 0.81000000 2.72116500
0.84000000 0.81500000 2.70379300
0.84000000 0.82000000 2.68812300
0.84000000 0.82500000 2.67420100
0.84000000 0.83000000 2.66206700
0.84000000 0.83500000 2.65176100
0.84000000 0.84000000 2.64331500
0.84000000 0.84500000 2.63676100
0.84000000 0.85000000 2.63212200
0.84000000 0.85500000 2.62942200
0.84000000 0.86000000 2.62867600
0.84500000 0.00000000 4.31510300
0.84500000 0.00500000 4.30986700
0.84500000 0.01000000 4.30416200
0.84500000 0.01500000 4.29798900
0.84500000 0.02000000 4.29135500
0.84500000 0.02500000 4.28426700
0.84500000 0.03000000 4.27673300
0.84500000 0.03500000 4.26876600
0.84500000 0.04000000 4.26037800
0.84500000 0.04500000 4.25158500
0.84500000 0.05000000 4.24240300
0.84500000 0.05500000 4.23285300
0.84500000 0.06000000 4.22295300
0.84500000 0.06500000 4.21272800
0.84500000 0.07000000 4.20219900
0.84500000 0.07500000 4.19139400
0.84500000 0.08000000 4.18033900
0.84500000 0.08500000 4.16906200
0.84500000 0.09000000 4.15759300
0.84500000 0.09500000 4.14596200
0.84500000 0.10000000 4.13420100
0.84500000 0.10500000 4.12234300
0.84500000 0.11000000 4.11042100
0.84500000 0.11500000 4.09847000
0.84500000 0.12000000 4.08652400
0.84500000 0.12500000 4.07461800
0.84500000 0.13000000 4.06278800
0.84500000 0.13500000 4.05107100
0.84500000 0.14000000 4.03950100
0.84500000 0.14500000 4.02811600
0.84500000 0.15000000 4.01695000
0.84500000 0.15500000 4.00603900
0.84500000 0.16000000 3.99541900
0.84500000 0.16500000 3.98512300
0.84500000 0.17000000 3.97518700
0.84500000 0.17500000 3.96564200
0.84500000 0.18000000 3.95652200
0.84500000 0.18500000 3.94785800
0.84500000 0.19000000 3.93967900
0.84500000 0.19500000 3.93201400
0.84500000 0.20000000 3.92489200
0.84500000 0.20500000 3.91833700
0.84500000 0.21000000 3.91237500
0.84500000 0.21500000 3.90702700
0.84500000 0.22000000 3.90231600
0.84500000 0.22500000 3.89825900
0.84500000 0.23000000 3.89487400
0.84500000 0.23500000 3.89217700
0.84500000 0.24000000 3.89018000
0.84500000 0.24500000 3.88889300
0.84500000 0.25000000 3.88832600
0.84500000 0.63500000 3.86681900
0.84500000 0.64000000 3.83426500
0.84500000 0.64500000 3.80090100
0.84500000 0.65000000 3.76678500
0.84500000 0.65500000 3.73197900
0.84500000 0.66000000 3.69654500
0.84500000 0.66500000 3.66054800
0.84500000 0.67000000 3.62405800
0.84500000 0.67500000 3.58714300
0.84500000 0.68000000 3.54987600
0.84500000 0.68500000 3.51233200
0.84500000 0.69000000 3.47458400
0.84500000 0.69500000 3.43671100
0.84500000 0.70000000 3.39879100
0.84500000 0.70500000 3.36090300
0.84500000 0.71000000 3.32312800
0.84500000 0.71500000 3.28554600
0.84500000 0.72000000 3.24824000
0.84500000 0.72500000 3.21129200
0.84500000 0.73000000 3.17478200
0.84500000 0.73500000 3.13879400
0.84500000 0.74000000 3.10340900
0.84500000 0.74500000 3.06870900
0.84500000 0.75000000 3.03477300
0.84500000 0.75500000 3.00168200
0.84500000 0.76000000 2.96951300
0.84500000 0.76500000 2.93834400
0.84500000 0.77000000 2.90825100
0.84500000 0.77500000 2.87930700
0.84500000 0.78000000 2.85158400
0.84500000 0.78500000 2.82515100
0.84500000 0.79000000 2.80007700
0.84500000 0.79500000 2.77642500
0.84500000 0.80000000 2.75425800
0.84500000 0.80500000 2.73363400
0.84500000 0.81000000 2.71461000
0.84500000 0.81500000 2.69723900
0.84500000 0.82000000 2.68156900
0.84500000 0.82500000 2.66764600
0.84500000 0.83000000 2.65551300
0.84500000 0.83500000 2.64520600
0.84500000 0.84000000 2.63676100
0.84500000 0.84500000 2.63020600
0.84500000 0.85000000 2.62556800
0.84500000 0.85500000 2.62286700
0.84500000 0.86000000 2.62212100
0.85000000 0.00000000 4.31046500
0.85000000 0.00500000 4.30522900
0.85000000 0.01000000 4.29952400
0.85000000 0.01500000 4.29335100
0.85000000 0.02000000 4.28671700
0.85000000 0.02500000 4.27962900
0.85000000 0.03000000 4.27209500
0.85000000 0.03500000 4.26412800
0.85000000 0.04000000 4.25574000
0.85000000 0.04500000 4.24694700
0.85000000 0.05000000 4.23776500
0.85000000 0.05500000 4.22821500
0.85000000 0.06000000 4.21831500
0.85000000 0.06500000 4.20809000
0.85000000 0.07000000 4.19756100
0.85000000 0.07500000 4.18675600
0.85000000 0.08000000 4.17570100
0.85000000 0.08500000 4.16442400
0.85000000 0.09000000 4.15295500
0.85000000 0.09500000 4.14132400
0.85000000 0.10000000 4.12956300
0.85000000 0.10500000 4.11770500
0.85000000 0.11000000 4.10578300
0.85000000 0.11500000 4.09383200
0.85000000 0.12000000 4.08188600
0.85000000 0.12500000 4.06998000
0.85000000 0.13000000 4.05815000
0.85000000 0.13500000 4.04643300
0.85000000 0.14000000 4.03486300
0.85000000 0.14500000 4.02347800
0.85000000 0.15000000 4.01231200
0.85000000 0.15500000 4.00140100
0.85000000 0.16000000 3.99078100
0.85000000 0.16500000 3.98048500
0.85000000 0.17000000 3.97054900
0.85000000 0.17500000 3.96100400
0.85000000 0.18000000 3.95188400
0.85000000 0.18500000 3.94322000
0.85000000 0.19000000 3.93504100
0.85000000 0.19500000 3.92737600
0.85000000 0.20000000 3.92025400
0.85000000 0.20500000 3.91369900
0.85000000 0.21000000 3.90773600
0.85000000 0.21500000 3.90238900
0.85000000 0.22000000 3.89767700
0.85000000 0.22500000 3.89362100
0.85000000 0.23000000 3.89023600
0.85000000 0.23500000 3.88753900
0.85000000 0.24000000 3.88554200
0.85000000 0.24500000 3.88425500
0.85000000 0.25000000 3.88368800
0.85000000 0.63500000 3.86218100
0.85000000 0.64000000 3.82962600
0.85000000 0.64500000 3.79626300
0.85000000 0.65000000 3.76214700
0.85000000 0.65500000 3.72734100
0.85000000 0.66000000 3.69190700
0.85000000 0.66500000 3.65591000
0.85000000 0.67000000 3.61942000
0.85000000 0.67500000 3.58250500
0.85000000 0.68000000 3.54523800
0.85000000 0.68500000 3.50769300
0.85000000 0.69000000 3.46994600
0.85000000 0.69500000 3.43207300
0.85000000 0.70000000 3.39415300
0.85000000 0.70500000 3.35626500
0.85000000 0.71000000 3.31849000
0.85000000 0.71500000 3.28090800
0.85000000 0.72000000 3.24360200
0.85000000 0.72500000 3.20665300
0.85000000 0.73000000 3.17014400
0.85000000 0.73500000 3.13415600
0.85000000 0.74000000 3.09877100
0.85000000 0.74500000 3.06407100
0.85000000 0.75000000 3.03013500
0.85000000 0.75500000 2.99704300
0.85000000 0.76000000 2.96487500
0.85000000 0.76500000 2.93370600
0.85000000 0.77000000 2.90361300
0.85000000 0.77500000 2.87466900
0.85000000 0.78000000 2.84694600
0.85000000 0.78500000 2.82051300
0.85000000 0.79000000 2.79543900
0.85000000 0.79500000 2.77178700
0.85000000 0.80000000 2.74962000
0.85000000 0.80500000 2.72899600
0.85000000 0.81000000 2.70997200
0.85000000 0.81500000 2.69260100
0.85000000 0.82000000 2.67693100
0.85000000 0.82500000 2.66300800
0.85000000 0.83000000 2.65087400
0.85000000 0.83500000 2.64056800
0.85000000 0.84000000 2.63212200
0.85000000 0.84500000 2.62556800
0.85000000 0.85000000 2.62093000
0.85000000 0.85500000 2.61822900
0.85000000 0.86000000 2.61748300
0.85500000 0.00000000 4.30776400
0.85500000 0.00500000 4.30252900
0.85500000 0.01000000 4.29682300
0.85500000 0.01500000 4.29065100
0.85500000 0.02000000 4.28401700
0.85500000 0.02500000 4.27692800
0.85500000 0.03000000 4.26939500
0.85500000 0.03500000 4.26142700
0.85500000 0.04000000 4.25304000
0.85500000 0.04500000 4.24424600
0.85500000 0.05000000 4.23506500
0.85500000 0.05500000 4.22551400
0.85500000 0.06000000 4.21561500
0.85500000 0.06500000 4.20538900
0.85500000 0.07000000 4.19486100
0.85500000 0.07500000 4.18405600
0.85500000 0.08000000 4.17300100
0.85500000 0.08500000 4.16172400
0.85500000 0.09000000 4.15025500
0.85500000 0.09500000 4.13862400
0.85500000 0.10000000 4.12686300
0.85500000 0.10500000 4.11500500
0.85500000 0.11000000 4.10308300
0.85500000 0.11500000 4.09113100
0.85500000 0.12000000 4.07918500
0.85500000 0.12500000 4.06728000
0.85500000 0.13000000 4.05545000
0.85500000 0.13500000 4.04373200
0.85500000 0.14000000 4.03216300
0.85500000 0.14500000 4.02077700
0.85500000 0.15000000 4.00961100
0.85500000 0.15500000 3.99870100
0.85500000 0.16000000 3.98808000
0.85500000 0.16500000 3.97778500
0.85500000 0.17000000 3.96784800
0.85500000 0.17500000 3.95830400
0.85500000 0.18000000 3.94918400
0.85500000 0.18500000 3.94051900
0.85500000 0.19000000 3.93234000
0.85500000 0.19500000 3.92467600
0.85500000 0.20000000 3.91755300
0.85500000 0.20500000 3.91099800
0.85500000 0.21000000 3.90503600
0.85500000 0.21500000 3.89968900
0.85500000 0.22000000 3.89497700
0.85500000 0.22500000 3.89092000
0.85500000 0.23000000 3.88753600
0.85500000 0.23500000 3.88483900
0.85500000 0.24000000 3.88284100
0.85500000 0.24500000 3.88155500
0.85500000 0.25000000 3.88098800
0.85500000 0.63500000 3.85948000
0.85500000 0.64000000 3.82692600
0.85500000 0.64500000 3.79356200
0.85500000 0.65000000 3.75944700
0.85500000 0.65500000 3.72464000
0.85500000 0.66000000 3.68920600
0.85500000 0.66500000 3.65321000
0.85500000 0.67000000 3.61671900
0.85500000 0.67500000 3.57980500
0.85500000 0.68000000 3.54253800
0.85500000 0.68500000 3.50499300
0.85500000 0.69000000 3.46724600
0.85500000 0.69500000 3.42937300
0.85500000 0.70000000 3.39145300
0.85500000 0.70500000 3.35356500
0.85500000 0.71000000 3.31578900
0.85500000 0.71500000 3.27820800
0.85500000 0.72000000 3.24090200
0.85500000 0.72500000 3.20395300
0.85500000 0.73000000 3.16744400
0.85500000 0.73500000 3.13145600
0.85500000 0.74000000 3.09607100
0.85500000 0.74500000 3.06137000
0.85500000 0.75000000 3.02743400
0.85500000 0.75500000 2.99434300
0.85500000 0.76000000 2.96217400
0.85500000 0.76500000 2.93100600
0.85500000 0.77000000 2.90091200
0.85500000 0.77500000 2.87196800
0.85500000 0.78000000 2.84424500
0.85500000 0.78500000 2.81781300
0.85500000 0.79000000 2.79273800
0.85500000 0.79500000 2.76908600
0.85500000 0.80000000 2.74691900
0.85500000 0.80500000 2.72629600
0.85500000 0.81000000 2.70727200
0.85500000 0.81500000 2.68990000
0.85500000 0.82000000 2.67423000
0.85500000 0.82500000 2.66030800
0.85500000 0.83000000 2.64817400
0.85500000 0.83500000 2.63786800
0.85500000 0.84000000 2.62942200
0.85500000 0.84500000 2.62286700
0.85500000 0.85000000 2.61822900
0.85500000 0.85500000 2.61552900
0.85500000 0.86000000 2.61478300
0.86000000 0.00000000 4.30701800
0.86000000 0.00500000 4.30178300
0.86000000 0.01000000 4.29607700
0.86000000 0.01500000 4.28990500
0.86000000 0.02000000 4.28327100
0.86000000 0.02500000 4.27618200
0.86000000 0.03000000 4.26864900
0.86000000 0.03500000 4.26068100
0.86000000 0.04000000 4.25229300
0.86000000 0.04500000 4.24350000
0.86000000 0.05000000 4.23431900
0.86000000 0.05500000 4.22476800
0.86000000 0.06000000 4.21486900
0.86000000 0.06500000 4.20464300
0.86000000 0.07000000 4.19411500
0.86000000 0.07500000 4.18331000
0.86000000 0.08000000 4.17225500
0.86000000 0.08500000 4.16097800
0.86000000 0.09000000 4.14950800
0.86000000 0.09500000 4.13787800
0.86000000 0.10000000 4.12611700
0.86000000 0.10500000 4.11425900
0.86000000 0.11000000 4.10233700
0.86000000 0.11500000 4.09038500
0.86000000 0.12000000 4.07843900
0.86000000 0.12500000 4.06653400
0.86000000 0.13000000 4.05470400
0.86000000 0.13500000 4.04298600
0.86000000 0.14000000 4.03141700
0.86000000 0.14500000 4.02003100
0.86000000 0.15000000 4.00886500
0.86000000 0.15500000 3.99795500
0.86000000 0.16000000 3.98733400
0.86000000 0.16500000 3.97703900
0.86000000 0.17000000 3.96710200
0.86000000 0.17500000 3.95755800
0.86000000 0.18000000 3.94843800
0.86000000 0.18500000 3.93977300
0.86000000 0.19000000 3.93159400
0.86000000 0.19500000 3.92393000
0.86000000 0.20000000 3.91680700
0.86000000 0.20500000 3.91025200
0.86000000 0.21000000 3.90429000
0.86000000 0.21500000 3.89894300
0.86000000 0.22000000 3.89423100
0.86000000 0.22500000 3.89017400
0.86000000 0.23000000 3.88679000
0.86000000 0.23500000 3.88409300
0.86000000 0.24000000 3.88209500
0.86000000 0.24500000 3.88080900
0.86000000 0.25000000 3.88024200
0.86000000 0.63500000 3.85873400
0.86000000 0.64000000 3.82618000
0.86000000 0.64500000 3.79281600
0.86000000 0.65000000 3.75870100
0.86000000 0.65500000 3.72389400
0.86000000 0.66000000 3.68846000
0.86000000 0.66500000 3.65246400
0.86000000 0.67000000 3.61597300
0.86000000 0.67500000 3.57905900
0.86000000 0.68000000 3.54179200
0.86000000 0.68500000 3.50424700
0.86000000 0.69000000 3.46650000
0.86000000 0.69500000 3.42862700
0.86000000 0.70000000 3.39070700
0.86000000 0.70500000 3.35281900
0.86000000 0.71000000 3.31504300
0.86000000 0.71500000 3.27746200
0.86000000 0.72000000 3.24015600
0.86000000 0.72500000 3.20320700
0.86000000 0.73000000 3.16669800
0.86000000 0.73500000 3.13071000
0.86000000 0.74000000 3.09532500
0.86000000 0.74500000 3.06062400
0.86000000 0.75000000 3.02668800
0.86000000 0.75500000 2.99359700
0.86000000 0.76000000 2.96142800
0.86000000 0.76500000 2.93026000
0.86000000 0.77000000 2.90016600
0.86000000 0.77500000 2.87122200
0.86000000 0.78000000 2.84349900
0.86000000 0.78500000 2.81706700
0.86000000 0.79000000 2.79199200
0.86000000 0.79500000 2.76834000
0.86000000 0.80000000 2.74617300
0.86000000 0.80500000 2.72555000
0.86000000 0.81000000 2.70652600
0.86000000 0.81500000 2.68915400
0.86000000 0.82000000 2.67348400
0.86000000 0.82500000 2.65956200
0.86000000 0.83000000 2.64742800
0.86000000 0.83500000 2.63712100
0.86000000 0.84000000 2.62867600
0.86000000 0.84500000 2.62212100
0.86000000 0.85000000 2.61748300
0.86000000 0.85500000 2.61478300
0.86000000 0.86000000 2.61403700
