8.74448693351941e-07 1.74889738670388e-06 5.99999868643409
1.80973419815111e-06 0.0482595786173695 5.40479993683503
1.70259285289786e-06 0.0908049521546921 5.00693479604798
1.67024156703814e-06 0.13361932536256 4.83789478807952
1.68224641653115e-06 0.179439617762697 4.8005037301929
1.70562451502607e-06 0.227416602001692 4.79578141662656
1.71389940367108e-06 0.274223904587913 4.75070372746969
1.70273478639294e-06 0.317843826787708 4.65088969140057
1.67823036560384e-06 0.35802247799394 4.51515718956664
1.64702813379162e-06 0.395286752114212 4.3653178547025
1.61475800199062e-06 0.430602133873195 4.21559783182874
1.58516887457671e-06 0.46498286987955 4.07396898509142
1.55961512608178e-06 0.499076840345229 3.94626098542337
1.54031757794149e-06 0.53397676035299 3.83490142204514
1.52842263699051e-06 0.570611117824767 3.74275686564003
1.52589609604558e-06 0.610358438413388 3.67208366199904
1.53218283399756e-06 0.653731342504998 3.62623800004311
1.55009611289243e-06 0.702710237866752 3.60421858337343
1.57544814377472e-06 0.756215109012716 3.60000333062165
1.60233413488669e-06 0.811849294996827 3.59764622428106
1.62394875144769e-06 0.866106000748256 3.58022684181817
1.63552940155829e-06 0.915896464897697 3.54122292841648
1.63836510977047e-06 0.961174197722312 3.48302667510076
1.63502599583396e-06 1.00281594409723 3.41046785271376
1.62719899736067e-06 1.04140735829389 3.32876751434855
1.6157792475762e-06 1.07718616505946 3.24305662469371
1.60346480069896e-06 1.11173559510803 3.15384965991965
1.59025197045248e-06 1.14498141872424 3.06464481274232
1.57733502207565e-06 1.17774348308789 2.97600789412512
1.56521895854837e-06 1.21043599468296 2.88919048709852
1.55379944097564e-06 1.24303955278916 2.80637436458551
1.54409790755921e-06 1.27645427026068 2.72733847044515
1.53705441898853e-06 1.31161977094121 2.65230275323694
1.53300752129804e-06 1.34904661878243 2.58310624806181
1.53332924365923e-06 1.39021851420023 2.52075420176688
1.53879584281695e-06 1.43620945338094 2.4683748231154
1.55321052937028e-06 1.49108210822409 2.4280392459227
1.57971992496097e-06 1.5586569926292 2.40503525603221
1.61943043209288e-06 1.6410228378877 2.4000007194654
1.6615859283451e-06 1.72804936547548 2.39593350340454
1.69182532866747e-06 1.80461368386908 2.37248314045185
1.70901430545279e-06 1.86852230715858 2.32885456654188
1.71648591700746e-06 1.92246422704807 2.27213832938503
1.71840289355427e-06 1.97043531813068 2.20639422651499
1.71639011554831e-06 2.01389773554115 2.13546277253147
1.71198524227474e-06 2.05438229077746 2.06114547340916
1.70573679796624e-06 2.09237047224221 1.98575479704355
1.69860467291357e-06 2.12891785660242 1.9096346693982
1.69105500602009e-06 2.16455040764947 1.83357834262511
1.6835260524229e-06 2.19980737525141 1.75804229035569
1.67643000791157e-06 2.2352400105761 1.68332452668811
1.67015498506681e-06 2.2714107797313 1.6097420807624
1.6650670775331e-06 2.30889301428234 1.53780135768983
1.66151245463259e-06 2.34827093582874 1.46835399562498
1.6610164371945e-06 2.39186366948679 1.4002147067249
1.66423966112389e-06 2.44088483624121 1.33587418846869
1.67454236273775e-06 2.50064992825509 1.27591030859943
1.69862422270902e-06 2.58190881845688 1.22548913555985
1.76335265531249e-06 2.72731877331805 1.20015518725768
1.84893524564096e-06 2.90899145306644 1.18522251762085
1.88290608254257e-06 3.01264973194541 1.13298575746703
1.89665254581226e-06 3.08522147445363 1.06615421536514
1.90161747853003e-06 3.14400756462967 0.993065203952018
1.90141687177177e-06 3.19438034473179 0.918098000086004
1.89877320075604e-06 3.24057292911032 0.84090613432011
1.89449030947076e-06 3.28378320328091 0.763030464238918
1.88898030351508e-06 3.32460533409486 0.68603256023529
1.88332831557091e-06 3.36487992340778 0.608399661480755
1.87753656269586e-06 3.40459963400073 0.531782485337045
1.87228282326661e-06 3.44500039443812 0.455379052670532
1.86821002938307e-06 3.48732538821535 0.378649982382052
1.86559911898284e-06 3.53220099860873 0.302758544520145
1.86536665761702e-06 3.58150398261852 0.227749526417805
1.86966732739442e-06 3.63961906407942 0.152704814233517
1.8837213733353e-06 3.71721017686192 0.0773758012379652
1.99058556357545e-06 3.98117112741055 9.13825169827041e-06
0.0241297893086847 3.61946839630222e-06 5.40479993683503
0.0218685040644616 0.0437370081289231 4.81584797993605
0.0221187712849034 0.0884750851396138 4.79799435734689
0.0221365102375301 0.132819061425181 4.73298575746703
0.0217350306131408 0.173880244905126 4.58451063325816
0.0211709090916531 0.211709090916531 4.40256474396779
0.0206007821347014 0.247209385616416 4.22039515175485
0.0200875705427168 0.281225987598035 4.05422293894184
0.0196750806481699 0.314801290370719 3.90984797993605
0.0193758075083996 0.348764535151193 3.79115631640105
0.019207859853111 0.38415719706222 3.70022608655443
0.0192023302812512 0.422451266187525 3.63853327322606
0.0193513147763705 0.464431554632892 3.60740248071074
0.0196333569006862 0.510467279417841 3.60005411791523
0.0199487459848386 0.558564887575481 3.59822094732947
0.0201822647267146 0.605467941801437 3.58105674102362
0.0202929684822336 0.649374991431475 3.53996569473554
0.0202879419114768 0.689790024990214 3.47797044973363
0.0201909873464715 0.726875544472972 3.40227673225122
0.0200400988475321 0.761523756206219 3.318098000086
0.0198615520398351 0.794462081593404 3.22899751928926
0.0196713249461457 0.826195647738123 3.13766965472866
0.0194689631999377 0.856634380797261 3.04793688438654
0.0192759765719902 0.886694922311547 2.95923876937003
0.0190906032686598 0.916348956895665 2.87396898509142
0.0189251737279818 0.946258686399087 2.79187982718246
0.0187842300301595 0.976779961568291 2.7139289556375
0.0186720275920395 1.00828948997014 2.64124502876785
0.0185990487182045 1.04154672821945 2.57445698054657
0.0185814393035676 1.07772347960692 2.51449040390554
0.0186281637356609 1.11768982413966 2.46434233539053
0.0187724850439012 1.16389407272187 2.42649068761011
0.0190584728571082 1.21974226285492 2.40486428632695
0.0194870703137245 1.28614664070581 2.40000270795752
0.0199466692563918 1.35637350943464 2.39677076766963
0.0202763400180569 1.41934380126399 2.37667549015845
0.0204623283179608 1.47328763889319 2.3378342848315
0.0205443546391834 1.52028224329957 2.28550959609446
0.0205492599332987 1.5617437549307 2.22554301945343
0.0205081973796168 1.59963939561011 2.16057552739954
0.020439568947086 1.63516551576687 2.09218440266171
0.02034988688766 1.66869072478811 2.02244573539555
0.0202505966474537 1.70105011838612 1.95154686440777
0.0201419908822027 1.73221121586943 1.88129037541767
0.0200346448677192 1.76304874835928 1.8107992805346
0.0199283628350043 1.79355265515038 1.74131597740813
0.0198279569315383 1.82417203770152 1.6728022562635
0.0197379612452988 1.85536835705808 1.60525365349256
0.0196578125029366 1.88715000028191 1.53990892865323
0.0195965413493987 1.92046105224106 1.4760599970961
0.0195626987474297 1.95626987474296 1.41376482868469
0.019564415067135 1.99557033684776 1.35415553688958
0.0196186562491901 2.04034024991577 1.29851934973146
0.0197689795940178 2.09551183696591 1.24855200669528
0.02013862405358 2.17497139778662 1.21012389336603
0.0210281627408898 2.31309790149788 1.19984481274232
0.0217485167297125 2.43583387372781 1.17644099605477
0.0220302486233717 2.51144834306436 1.12649518576648
0.0221401522984684 2.56825766662234 1.06682660931269
0.0221706631918348 2.61613825663651 1.00227673225122
0.0221545402250034 2.65854482700041 0.935462772531474
0.0221103545209861 2.69746325156029 0.86744583328219
0.0220474496505008 2.73388375666211 0.799219749066202
0.0219747161778509 2.76881423840921 0.730694177303647
0.0218965447252214 2.80275772482835 0.662261410525462
0.0218131011849521 2.83570315404376 0.59520006316497
0.0217364241787716 2.86920799159782 0.527023610270373
0.0216623182873765 2.90275065050843 0.460010501554252
0.0215945183711155 2.93685449847173 0.394099033986244
0.0215403942660675 2.97257440871731 0.328379063769625
0.0215069629671849 3.01097481540588 0.262638000043109
0.0215009092334178 3.05312911114534 0.197723267748783
0.0215470172210229 3.10277047982732 0.132502868277837
0.0217017042434848 3.16844881954876 0.0670142425329656
0.0228727679164697 3.38516965163751 7.89412512139809e-06
0.0454024760773458 3.40518570580588e-06 5.00693479604798
0.0442375425698069 0.0442375425698069 4.79799435734689
0.0439586736828484 0.0879173473656968 4.70148065026854
0.0427289139910412 0.128186741973124 4.50725140269365
0.0413435852859056 0.165374341143623 4.2954962698071
0.0400674693261265 0.200337346630632 4.10214237558286
0.0390172423798091 0.234103454278855 3.93780135768983
0.0382855267303284 0.267998687112298 3.80356093103739
0.0378573176132956 0.302858540906365 3.70310830831802
0.0377855909109372 0.340070318198435 3.63726295523022
0.0380742301722008 0.380742301722007 3.60594939756926
0.0386284125699641 0.424912538269605 3.60000333062165
0.0392286482430687 0.470743778916824 3.59657328787607
0.0396130894861111 0.514970163319445 3.57350931238989
0.0397225734312513 0.556116028037518 3.52505743242096
0.0396067972877451 0.594101959316176 3.45654462229254
0.0393438583216046 0.629501733145674 3.37490521192048
0.0389883013683648 0.6628011232622 3.2860710443625
0.0385891732702173 0.694605118863913 3.1936256354145
0.0381610240552529 0.725059457049807 3.10139604030087
0.0377316070572545 0.754632141145089 3.0107992805346
0.0373260652582992 0.783847370424282 2.92227047945733
0.0369536738161803 0.812980823955964 2.83696953576108
0.0366230998793643 0.842331297225377 2.75586986072953
0.0363424788345235 0.872219492028564 2.67994877151946
0.0361321632162713 0.903304080406781 2.60948324166645
0.0360110929982852 0.936288417955415 2.54556206324123
0.0359971138815539 0.971922074801955 2.49023950766407
0.0361432244847708 1.01201028557358 2.44528874681561
0.0365116765725717 1.05883862060458 2.41443132378729
0.0371745407657337 1.11523622297201 2.40107284618474
0.0380407911964267 1.17926452708923 2.39979764696771
0.0388056272699839 1.24178007263948 2.39067368383697
0.0393009704501094 1.29693202485361 2.36210521192048
0.0395357763768594 1.34421639681322 2.31761857460576
0.0395974208772992 1.38590973070547 2.26276419820976
0.0395474101297613 1.4237067646714 2.20144799330472
0.0394225187202771 1.45863319265025 2.13641315218976
0.0392573761424051 1.49178029341139 2.06849150971951
0.0390638397233326 1.52348974920997 1.9992197490662
0.038842904601269 1.55371618405075 1.93069417730365
0.0386255124686665 1.58364601121532 1.86106924665097
0.0384013506828278 1.61285672867877 1.79280021317967
0.0381801271889734 1.64174546912586 1.72583477451228
0.037980509627409 1.671142423606 1.6588516012429
0.0377918942680926 1.70063524206416 1.59409903398624
0.0376320873009698 1.73107601584461 1.53046407805466
0.0375087814890784 1.76291272998669 1.46835399562498
0.0374292848199698 1.79660567135854 1.40863204592723
0.0374183514912398 1.83349922307075 1.35126146987937
0.0374995813200691 1.87497906600345 1.29795420176688
0.0377651602791516 1.92602317423674 1.24929627253031
0.0384073915875988 1.99718436255514 1.21154942642279
0.0399578814440035 2.11776771653219 1.19998265896916
0.0413841521811381 2.23474421778146 1.18146316809061
0.0419554835879687 2.30755159733829 1.13565766460947
0.0421813493091686 2.36215556131344 1.07924579823312
0.0422387846064935 2.40761072257013 1.01848245220064
0.0422072926111063 2.44802297144417 0.955094560413452
0.0421223310890713 2.48521753425521 0.890152020063952
0.0420017332990749 2.5201039979445 0.824633972887116
0.0418546109844997 2.55313127005449 0.759593453190354
0.0416974077292244 2.58523927921191 0.694314886481874
0.0415380905679362 2.61689970577998 0.628786360136512
0.0413766646986399 2.64810654071295 0.564026636099181
0.0412206199207916 2.67934029485147 0.499782941892514
0.0410696957282795 2.71059991806645 0.436969535761083
0.0409455489229682 2.74335177783887 0.373182086200213
0.0408399516843506 2.77711671453584 0.310866203744698
0.040773581866511 2.81337714878925 0.248591415433077
0.0407591122613798 2.8531378582966 0.187109138889329
0.0408434773036539 2.89988688855943 0.125250829130535
0.0411266382799913 2.96111795615939 0.0634662488110654
0.043300248954371 3.16091817366908 7.89412512139809e-06
0.066809662681281 3.34048313406133e-06 4.83789478807952
0.0664095307125904 0.0442730204750602 4.73298575746703
0.0640933709865618 0.0854578279820824 4.50725140269365
0.0615688374439579 0.123137674887916 4.26583603940497
0.0593913398673618 0.158376906312965 4.05653587129514
0.0577591543217613 0.192530514405871 3.88582599038912
0.0566987716862543 0.226795086745017 3.75488366199904
0.0562154007722132 0.262338536936995 3.66478310274778
0.0563433677205783 0.300497961176418 3.61530669574308
0.0570098555739148 0.342059133443489 3.60046695987434
0.0579337693392178 0.386225128928119 3.59901789858501
0.058591407692369 0.429670323077373 3.5824546298672
0.0588338812703752 0.470671050163002 3.53826417694008
0.0586584669560849 0.508373380286069 3.47148092619565
0.0582589072288969 0.543749800803038 3.38880923765188
0.057691525475522 0.57691525475522 3.29824873575969
0.0570301243101633 0.608321325975075 3.20478987519956
0.0563628098350014 0.638778511463349 3.1096346693982
0.0556836948980003 0.668204338776004 3.01679729204248
0.0550295781342017 0.697041323033221 2.92702361027037
0.0544339482686746 0.725785976915663 2.84040654680965
0.0539079147835912 0.754710806970276 2.75801804518468
0.0534620738152602 0.784110415957148 2.6809246520339
0.0531065731001888 0.814300787536228 2.61033614797211
0.0528876538040166 0.846202460864266 2.54626800483314
0.0528484163178873 0.880806938631454 2.49023950766407
0.0530472560176536 0.91948577097266 2.44493479604798
0.0535574280669778 0.964033705205602 2.41426022696564
0.054484469515564 1.0170434309572 2.40107284618474
0.0557285939613709 1.07741948325317 2.39979764696771
0.0568256020806259 1.13651204161252 2.39067368383697
0.0575129080155816 1.18860009898868 2.36242195848654
0.0578209941911269 1.23351454274404 2.31863457796794
0.057894055272616 1.27366921599755 2.26412581153131
0.0578054709731524 1.31025734205812 2.20310372746969
0.0576089655140724 1.34420919532835 2.13830931238989
0.0573397431972049 1.37615383673292 2.07162093623038
0.0570308657463302 1.40676135507615 2.00367779949958
0.0566984968713727 1.43636192074144 1.93534712373815
0.056357810668666 1.46530307738532 1.86702694198918
0.0560086974730159 1.49356526594709 1.8
0.0556793519421257 1.5219022864181 1.73297305801082
0.0553545172894008 1.54992648410322 1.6681416144163
0.0550610058152237 1.57841550003641 1.60413388145564
0.0548105737594854 1.60777683027824 1.54096455939224
0.0546010321720553 1.63803096516165 1.47994877151946
0.0544566316051174 1.6700033692236 1.4207035224229
0.0543874261220692 1.70413935182484 1.36451631989447
0.0544542711336489 1.74253667627676 1.3108225505271
0.0547279762481783 1.78778055744048 1.26173582305992
0.0554022081742759 1.84674027247586 1.22106108285965
0.0571018431955109 1.94146266864737 1.2003523662966
0.0595354210835125 2.06389459756177 1.19225871405464
0.0606351035650493 2.14244032596507 1.15471125318439
0.0610800802381021 2.19888288857167 1.10260906460063
0.0612169340298239 2.24462091442688 1.04511633800096
0.0612112465035284 2.28521986946506 0.983645823820095
0.0610915828986174 2.32148015014746 0.921998572587793
0.0609317190292543 2.35602646913117 0.857978585689029
0.0607215426344088 2.3883806769534 0.794746346507445
0.0604854498680364 2.41941799472145 0.731858385583703
0.0602466478730537 2.45003034683752 0.668217514662956
0.0599940802085796 2.47975531528796 0.605999876631468
0.0597499615514907 2.50949838516261 0.543702357550296
0.0595138854804812 2.53925911383387 0.482153025627531
0.0592961141192113 2.56949827849916 0.421026712123928
0.0591064254823769 2.60068272122459 0.36017083209578
0.0589541411421788 2.63328497101732 0.29974086620362
0.0588584287925102 2.66824877192713 0.23942447260046
0.0588375816133285 2.70652875421311 0.179935988466399
0.0589492531793893 2.75096514837149 0.120754201766882
0.0593479140701107 2.80913459931857 0.0613077377208565
0.0624437526486843 2.99730012713684 7.89412512139809e-06
0.0897198088813492 3.36449283304226e-06 4.8005037301929
0.0869401224525632 0.0434700612262816 4.58451063325816
0.0826871705718113 0.0826871705718113 4.2954962698071
0.0791884531564824 0.118782679734724 4.05653587129514
0.0767260856935558 0.153452171387112 3.87027148042443
0.0751800018374059 0.187950004593515 3.73519618426774
0.0746056564544025 0.223816969363207 3.64818248711223
0.0749581534361343 0.26235353702647 3.60740248071074
0.0760242852696005 0.304097141078402 3.60000098691174
0.0771344546905044 0.34710504610727 3.59505071366786
0.0777256984944227 0.388628492472113 3.56519830572058
0.077715634811967 0.427435991465819 3.50649927724832
0.0772335498732125 0.463401299239275 3.42786417694008
0.0764913491657123 0.497193769577131 3.33736199995689
0.0755873900250577 0.529111730175404 3.24198195481532
0.0746394828997081 0.559796121747811 3.14462094732947
0.0736684278911465 0.589347423129172 3.04913203410446
0.0727489265426677 0.618365875612675 2.95564995874438
0.0718687235519271 0.646818511967343 2.86697805021016
0.071095648615747 0.675408661849596 2.7819434731005
0.0704158151152946 0.704158151152946 2.70275854452014
0.0698914726462759 0.733860462785896 2.62863775224789
0.0695078208681463 0.764586029549609 2.56226594171349
0.0693701750426425 0.797757012990388 2.50310830831802
0.0694841816630489 0.833810179956587 2.45510207390853
0.0700161874089487 0.875202342611859 2.42019669230518
0.0710801489099443 0.924041935829276 2.40262544192315
0.0726327210059956 0.980541733580939 2.3999908617483
0.0741277663059728 1.03778872828362 2.39442827874797
0.0751289252693326 1.08936941640532 2.37062744764122
0.0756097251073806 1.13414587661071 2.32978544207144
0.0757390893204963 1.17395588446769 2.27732995401322
0.0756153084400804 1.20984493504129 2.21848245220064
0.0753722923675741 1.24364282406497 2.15417545530949
0.0750148567817899 1.27525256529043 2.08811422293928
0.0745872713626019 1.30527724884553 2.02135001761795
0.0741310211907486 1.33435838143348 1.95384965991965
0.073665825456086 1.36281777093759 1.88603256023529
0.0731913710253931 1.39063604948247 1.81919595792071
0.0727259307614919 1.41815564984909 1.75325850157876
0.0722866779656756 1.44573355931351 1.68801618651692
0.0718718305734252 1.47337252675521 1.62442923233037
0.0714974392277747 1.50144622378327 1.56232818384844
0.0711960913831232 1.53071596473715 1.5007453701328
0.0709470496174573 1.56083509158406 1.44215772379723
0.0707986015614723 1.59296853513313 1.38550265405368
0.0707798636448178 1.62793686383081 1.33183421810247
0.0709848609402328 1.66814423209547 1.28136542203206
0.071569222312764 1.71766133550633 1.23694952641781
0.0729759197231243 1.78791003321655 1.20575852940806
0.076076590142777 1.90191475356943 1.19939604030087
0.0782318247091978 1.99491153008455 1.17572851957557
0.0790897079498989 2.05633240669737 1.1302481257658
0.0794132774013808 2.10445185113659 1.07604332162947
0.0794696641498087 2.14568093204483 1.01768899373313
0.0793605205230438 2.18241431438371 0.957842276202769
0.0791676505879028 2.21669421646128 0.896232793047395
0.0789089594995844 2.24890534573815 0.834427312169251
0.0786163182658792 2.2798732297105 0.772160593277358
0.078290818317337 2.30957914036144 0.710809512901486
0.0779623835137292 2.33887150541187 0.649132034104458
0.0776309728330294 2.36774467140739 0.588000986911737
0.0773106370332951 2.39662974803214 0.527023610270373
0.076986933611691 2.42508840876827 0.468141614416297
0.0767010979234747 2.45443513355118 0.408618583373435
0.076451675687224 2.48467945983477 0.349453295509461
0.0762507105223765 2.51627344723843 0.290763543034996
0.0761229700151929 2.55011949550896 0.232207144855296
0.0760921034263117 2.5871315164946 0.174456980546569
0.0762326235259057 2.63002551164375 0.116973324899237
0.0767313333480006 2.68559666718002 0.0596134298581248
0.0806905327805346 2.86451391370899 7.89412512139809e-06
0.113708301000848 3.41124903002674e-06 4.79578141662656
0.105854545458266 0.0423418181833062 4.40256474396779
0.100168673315316 0.0801349386522529 4.10214237558286
0.0962652572029355 0.115518308643523 3.88582599038912
0.0939750022967574 0.150360003674812 3.73519618426774
0.0931725065208148 0.18634501304163 3.64319076234812
0.0936614033459626 0.22478736803031 3.6047802509338
0.0950458271397286 0.26612831599124 3.59997834262511
0.0962854036394956 0.308113291646386 3.59041255126528
0.0967727677191363 0.348381963788891 3.5503289767198
0.0964505478604339 0.385802191441736 3.48177391344557
0.0956380780490009 0.420807543415604 3.39475558203506
0.0945060610112625 0.45362909285406 3.2992546298672
0.0932452011631513 0.484875046048386 3.20033571367305
0.0919544410766243 0.514944870029096 3.10139604030087
0.0907234813250185 0.544340887950111 3.00359997335219
0.0895335702670998 0.573014849709438 2.91041521968054
0.0884350837409819 0.601358569438677 2.82216002626012
0.0874744999353899 0.629816399534808 2.73885452659084
0.086694943958312 0.658881574083171 2.66074491393908
0.0860766943498353 0.688613554798682 2.59034335020914
0.0857206757151687 0.720053676007417 2.52720614401413
0.0856919661626024 0.754089302230902 2.47350481423352
0.086081031029612 0.79194548547243 2.43244502876785
0.0870866551948056 0.836031889870133 2.40740248071074
0.0887633669513737 0.887633669513736 2.40008399295296
0.0907041863852701 0.943323538406809 2.3983483987571
0.0921691012239562 0.995426293218727 2.38225913379638
0.0929595769337038 1.04114726165748 2.34726785271376
0.0932328288680187 1.08150081486902 2.29862667510076
0.0931656679528593 1.11798801543431 2.2414481257658
0.0928744385638428 1.15164303819165 2.1792964775771
0.0924435806383337 1.18327783217067 2.11417400961088
0.0919277308449424 1.21344604715324 2.0473437045143
0.0913539808388863 1.24241413940886 1.98010573572535
0.090747740347498 1.27046836486497 1.91315756547488
0.0901328348922931 1.29791282244902 1.84674149842124
0.0895316137507579 1.32506788351122 1.78080404207929
0.0889650645907717 1.35226898177973 1.7151523662966
0.0884085880137558 1.37917397301459 1.65191284811967
0.0879046486499802 1.40647437839968 1.58966462032561
0.0874717246074777 1.43453628356263 1.52837906376962
0.0871061025886232 1.46338252348887 1.46931198256624
0.0868461898459165 1.49375446534976 1.41204708228153
0.0867077955594153 1.52605720184571 1.35781455792856
0.0867875996389451 1.56217679350101 1.30603762975016
0.0871981004988342 1.60444504917855 1.25877707158352
0.0882472735290104 1.65904874234539 1.21977315818183
0.0908496137535775 1.74431258406869 1.20033770979558
0.0945615343462039 1.8534060731856 1.19303397288712
0.0962728890273611 1.92545778054722 1.15783517131531
0.0969447280955764 1.97767245314976 1.10868092619565
0.0971473615073176 2.0206651193522 1.05373199516686
0.0971054305381611 2.05863512740902 0.99559818809261
0.0969211142840275 2.09349606853499 0.935462772531474
0.0966363622756959 2.12599997006531 0.874738866825362
0.0962729093079022 2.15651316849701 0.814753633392272
0.0958874812515176 2.1862345725346 0.753849659919654
0.0954806801449425 2.21515177936267 0.693133040125657
0.095053095938531 2.24325306414933 0.633578342625107
0.0946399954046697 2.27135988971207 0.573610506644999
0.0942235444774305 2.29905448524931 0.515152366296601
0.0938375600247581 2.32717148861399 0.45653587129514
0.0934975361348874 2.35613791059917 0.397435256032207
0.0931851794042824 2.38554059274962 0.339908928653233
0.0929320766710967 2.41623399344851 0.282880811435486
0.0927522202812075 2.44865861542388 0.226862955230216
0.0927069088260242 2.48454515653745 0.170597415725496
0.0928705342844377 2.52607853253671 0.114490403905538
0.093486221244829 2.58021970635728 0.0579478913667921
0.0982692617669868 2.75153932947563 6.76835578810328e-06
0.137111952293956 3.42779880734216e-06 4.75070372746969
0.123604692808208 0.0412015642694027 4.22039515175485
0.117051727139427 0.0780344847596183 3.93780135768983
0.113397543372509 0.113397543372509 3.75488366199904
0.111908484681604 0.149211312908805 3.64818248711223
0.112393684015155 0.187322806691925 3.6047802509338
0.114048000063332 0.228096000126664 3.59993688438654
0.115438802578754 0.269357206017092 3.58753592194534
0.115818527887291 0.308849407699444 3.54080564744031
0.115163844116757 0.34549153235027 3.46547995059401
0.113992257584997 0.37997419194999 3.37225047358219
0.112446402281412 0.412303475031843 3.27266152955485
0.110832435417396 0.443329741669583 3.16988296195908
0.109212032151951 0.473252139325121 3.06821751466296
0.107643996524522 0.502338650447769 2.97001541650127
0.106183732131673 0.530918660658366 2.87630428565451
0.104844972690455 0.559173187682426 2.78855852940806
0.103716748210794 0.587728239861165 2.70578866212848
0.102808488230984 0.616850929385907 2.62952762987578
0.102166171213535 0.647052417685721 2.5607748231154
0.101833600423677 0.678890669491178 2.50137332489924
0.101954848824932 0.713683941774522 2.45273214728624
0.10273292232226 0.753374763696574 2.41813604483566
0.104264136166681 0.799358377277887 2.40195888198233
0.106516061348537 0.852128490788295 2.39995004125562
0.108591707850341 0.904930898752841 2.39281791379979
0.109889160587983 0.95237272509585 2.36668338241291
0.110436628070565 0.993929652635086 2.32408969140057
0.110481421889381 1.03115993763422 2.27082164698426
0.110227544006599 1.06553292539713 2.21046785271376
0.109747512203064 1.09747512203064 2.14676547368538
0.109138732143953 1.12776689882084 2.08093977303436
0.108463538707181 1.1569444128766 2.01365060243074
0.107723746633729 1.18496121297102 1.94693246440232
0.106976689172125 1.21240247728408 1.88010381569622
0.106248707546599 1.23956825471032 1.81319868643409
0.105510834437783 1.2661300132534 1.74847839869502
0.104815284457709 1.29272184164508 1.68449659895625
0.104185074798431 1.31967761411346 1.62102671212393
0.103590692737925 1.34667900559303 1.56017083209578
0.103080161436529 1.37440215248705 1.5007453701328
0.102673943808451 1.40321056538216 1.44307202601414
0.102391488598075 1.43348084037306 1.38791503956799
0.102324007949744 1.46664411394633 1.33452004940599
0.10253447056243 1.5038389015823 1.28495406123895
0.103225427938065 1.54838141907097 1.24115417617991
0.104944252514518 1.60914520522262 1.20857083209578
0.10897355250335 1.70725232255249 1.19993688438654
0.112411808368658 1.79858893389853 1.1824546298672
0.113810973391099 1.85891256538795 1.14080564744031
0.114321799445713 1.90536332409522 1.08978216181149
0.114423939036595 1.94520696362211 1.03397431174856
0.114287228700317 1.9809786308055 0.975786802276007
0.113985938774545 2.01375158501697 0.917119188564514
0.113590858298682 2.04463544937628 0.857978585689029
0.113147959724551 2.07437926161677 0.79810282493968
0.112679860093348 2.10335738840917 0.73766965472866
0.112166387378781 2.13116136019684 0.678916862140224
0.111650156252866 2.15856968755541 0.620395151754846
0.111151383040126 2.18597719978914 0.5616323243811
0.110669226791578 2.21338453583156 0.503322815636677
0.110202895795348 2.24079221450541 0.446150340080347
0.109771263984432 2.26860612234493 0.389664620325606
0.109392333401693 2.29723900143556 0.333601102967969
0.109102454772703 2.327519035151 0.277029971195377
0.108898431506522 2.35946601597464 0.221578432837491
0.10883344027189 2.39433568598159 0.16678310274778
0.109013931231928 2.43464446417973 0.112037629750158
0.109725155225843 2.48710351845244 0.0567175477993569
0.115289685848974 2.65166277452641 6.76835578810328e-06
0.158921913393861 3.40546957271498e-06 4.65088969140057
0.140612993799018 0.0401751410854336 4.05422293894184
0.133999343556149 0.0765710534606567 3.80356093103739
0.131169268468498 0.112430801544426 3.66478310274778
0.131176768513235 0.149916306872269 3.60740248071074
0.13306415799562 0.190091654279457 3.59997834262511
0.134678603008546 0.230877605157508 3.58753592194534
0.134958554655399 0.269917109310799 3.5378342848315
0.13403185894432 0.306358534729874 3.45724313435997
0.132426106358989 0.340524273494542 3.35966605598783
0.130509871706867 0.372885347733905 3.25480072100437
0.128463252760634 0.403741651533422 3.14924111801767
0.126451943087299 0.433549519156452 3.04554588208477
0.124533751803551 0.462553935270333 2.94608984693928
0.122765054981746 0.491060219926983 2.85191284811967
0.121243956660905 0.519616957118166 2.76232818384844
0.119890285513054 0.548069876631103 2.6809246520339
0.118843708884079 0.57724087172267 2.60608874681561
0.118151428171247 0.607635916309273 2.53929222197059
0.117899072529478 0.640023536588595 2.48238142539424
0.118246484372612 0.675694196414924 2.43789478807952
0.119423093416023 0.716538560496138 2.40971978053741
0.121575408147271 0.764188279782845 2.40024630358604
0.124213258322294 0.816258554689361 2.39892715381526
0.126240925794942 0.865652062593886 2.38451422293928
0.127311895291273 0.909370680651949 2.35070372746969
0.127644208761183 0.948214122225931 2.30260906460063
0.127482322767633 0.983435061350312 2.24584446311042
0.127022003943939 1.01617603155151 2.1836458238201
0.126344338112195 1.04685308721533 2.1190753479661
0.125558773726256 1.07621806051077 2.05267610663397
0.124734564291025 1.10479185514908 1.98462675928172
0.123839458903689 1.13224648140516 1.91784697437247
0.122938832212286 1.15913756085869 1.85152160130498
0.122062588261183 1.18575085739435 1.78560170534645
0.121208076229996 1.21208076229996 1.72108313785978
0.120403146995518 1.23843236909676 1.65769338932009
0.119644259298832 1.26481074115908 1.59632220050042
0.11898678535801 1.29185652674411 1.5356987372501
0.118396321644631 1.31927329832589 1.47800142741221
0.117982859080955 1.34837553235377 1.4207035224229
0.117710104262736 1.37888979279205 1.36678310274778
0.11768249451362 1.41218993416344 1.31572809675443
0.118054350062959 1.45038201505921 1.2683748231154
0.119136383011094 1.49771452928232 1.2277772748991
0.121848336128526 1.56662146450962 1.20235377571894
0.126906084675754 1.66790854145277 1.19784965991965
0.129785424356354 1.74283284135675 1.17062744764123
0.130927951657152 1.79558333701237 1.12553853012062
0.131298940374697 1.83818516524576 1.07344750545013
0.131285080493656 1.87550114990938 1.01768899373313
0.131052397598184 1.9096206507164 0.959666055987835
0.130658777206856 1.94121611850186 0.90126224355494
0.130184145096118 1.9713599114555 0.841981954815325
0.129631185611585 2.00002400657874 0.783497829044286
0.129050772447929 2.02794070989603 0.724863669911761
0.128443621356483 2.05509794170373 0.667026941989175
0.127857517330943 2.08225099653251 0.608399661480755
0.127268172980608 2.10901543796436 0.550867965895542
0.126698431963137 2.13577356737859 0.493893061880558
0.126147361657736 2.1625261998469 0.438114421441302
0.125658952731024 2.19005603331213 0.381943473100496
0.125208638693355 2.21798159971085 0.32733847044515
0.124860671254131 2.24749208257436 0.272194994684323
0.124611383070816 2.27860814758065 0.218088862807232
0.124543013121875 2.31294167226339 0.16376436908719
0.124755402858346 2.35253045390023 0.109615010766747
0.125553858886166 2.40345958439231 0.055503271257207
0.131862294409153 2.56189600566355 6.76835578810328e-06
0.179011238996972 3.35646073120769e-06 4.51515718956664
0.15740064518536 0.03935016129634 3.90984797993605
0.151429270453182 0.0757146352265912 3.70310830831802
0.150248980588209 0.112686735441157 3.61530669574308
0.152048570539201 0.152048570539201 3.60000098691174
0.154056645823193 0.192570807278991 3.59041255126528
0.154424703849722 0.231637055774583 3.54080564744031
0.153179267364937 0.26806371788864 3.45724313435997
0.151160761953534 0.302321523907069 3.35509456041345
0.148764151234316 0.334719340277211 3.24627368383697
0.146236910180827 0.365592275452067 3.13766965472866
0.143807977983828 0.395471939455526 3.03118265896916
0.141527953004474 0.424583859013421 2.92940235303229
0.139449941666161 0.453212310415023 2.83353965124625
0.137627309901313 0.481695584654595 2.74413877863967
0.13606429206806 0.510241095255223 2.66263800004311
0.13491015371897 0.539640614875882 2.58791503956799
0.13416543627525 0.570203104169813 2.52267004598678
0.134014393496645 0.603064770734901 2.46791946809242
0.134586558657196 0.639286153621682 2.42751685954815
0.136225266193939 0.681126330969693 2.40486428632695
0.138919769643415 0.729328790627928 2.40000098691174
0.141778404747803 0.779781226112914 2.39636801155157
0.143701796611959 0.826285330518766 2.37500247686617
0.144517253876892 0.867103523261353 2.33565766460947
0.144636845709185 0.903980285682407 2.28365023098053
0.144250948124614 0.937631162809995 2.22476569473555
0.143616871505057 0.969413882659138 2.16057552739954
0.142744639759869 0.999212478319083 2.09522275249564
0.141794650765852 1.02801121805243 2.02790826089352
0.1407684258825 1.05576319411875 1.96073990641399
0.139703932453213 1.0827054765124 1.89431488648187
0.138672406345383 1.10937925076306 1.82758799478673
0.137635171656268 1.13549016616421 1.76282938859792
0.136659792830836 1.16160823906211 1.69860395969913
0.13574169094885 1.18773979580243 1.63582544192315
0.134910145472286 1.21419130925057 1.57427351715242
0.134159863194657 1.24097873455058 1.51495255257643
0.133518444268429 1.26842522055007 1.45791685954815
0.133044019962941 1.29717919463867 1.40272177773233
0.132823258774724 1.32823258774724 1.34911030859943
0.132876343596521 1.36198252186434 1.29965529180912
0.13346926770081 1.4014273108585 1.254305009713
0.135040303805831 1.45168326591268 1.2175453701328
0.13901544602614 1.52916990628754 1.2001922484024
0.144382847512721 1.62430703451812 1.19270826089352
0.146791421062904 1.6881013422234 1.15884582382009
0.147738043822025 1.73592201490879 1.11136578189753
0.147972327029186 1.77566792435023 1.05863457796794
0.147865867210101 1.81135687332374 1.00227673225122
0.147487788999214 1.84359736249017 0.945832131682645
0.147016731678235 1.8744633288975 0.887093304256917
0.146427958053849 1.90356345470003 0.828997519289259
0.145780367593927 1.93158987061954 0.771022192250778
0.145102877123236 1.95888884116368 0.713157565474885
0.144396244545013 1.98544836249393 0.656297642449704
0.143714069456871 2.01199697239619 0.59880000098696
0.143029046341217 2.03816391036235 0.542509025895047
0.142392573016438 2.06469230873834 0.485669236785817
0.141751677143889 2.09083723787237 0.43125709227575
0.141207004145669 2.11810506218503 0.375366027112884
0.140705175936011 2.14575393302416 0.32112197710543
0.140293711061262 2.17455252144956 0.267397523133831
0.140017993208193 2.20528339302903 0.21376482868469
0.13992139857083 2.23874237713328 0.160774823115403
0.140140630693784 2.277285248774 0.107817838188507
0.141018496973144 2.32680520005687 0.0547026540536758
0.148060506183665 2.48001347857639 6.76835578810328e-06
0.197643376057102 3.2940562676273e-06 4.3653178547025
0.174382267575596 0.0387516150167992 3.79115631640105
0.170035159099218 0.0755711818218746 3.63726295523022
0.171029566721744 0.11401971114783 3.60046695987434
0.173552523053635 0.154268909381009 3.59505071366786
0.174190981894445 0.193545535438273 3.5503289767198
0.172745766175135 0.230327688233513 3.46547995059401
0.170262136747271 0.264852212717977 3.35966605598783
0.167359670138606 0.297528302468633 3.24627368383697
0.164350125697864 0.328700251395729 3.13302194978984
0.161404523582282 0.358676719071738 3.02399210587488
0.158689032377072 0.387906523588397 2.91989618430378
0.156246555462204 0.416657481232544 2.82216002626012
0.154124895143407 0.445249697080953 2.73150849028049
0.152374038730107 0.47405256493811 2.64859141543308
0.151044800377367 0.503482667924557 2.57445698054657
0.150239484525527 0.534184833868542 2.51021783818851
0.150156291133405 0.567257099837308 2.4575359884664
0.150983218225385 0.603932872901542 2.42041061894511
0.153096801849026 0.64640871891811 2.40230177491295
0.15628968194049 0.6946208086244 2.39996123062997
0.159239346490262 0.743116950287892 2.39270826089352
0.160970065151449 0.786964762962641 2.3657972187589
0.161621281119745 0.82606432572314 2.32163793675877
0.161510935023233 0.861391653457241 2.26682660931269
0.160939284713097 0.894107137294985 2.20557422843967
0.160057000983183 0.924773783458391 2.14114200348169
0.159004787889902 0.95402872733941 2.07473886682536
0.157871929301653 0.982314226765841 2.00701106689792
0.156659635712811 1.00958431903812 1.93998949844575
0.155449870897988 1.03633247265325 1.87297638972963
0.154239970816105 1.06254202117761 1.80719978682033
0.153066564527297 1.08847334774967 1.74250902589505
0.151964021744501 1.11440282612634 1.67864200606746
0.150927015355301 1.14033744935116 1.61650217095571
0.14998778259161 1.16657164237919 1.55586986072953
0.149140256784462 1.1931220542757 1.49773604483566
0.148450805070472 1.22059550835722 1.44124502876785
0.147982169466706 1.24962720882996 1.386305009713
0.147758974482843 1.28057777885131 1.33452004940599
0.147943086946902 1.31504966175024 1.28599618426774
0.148791640416435 1.35565716823863 1.24284708228153
0.151026030719215 1.40957628671267 1.2099879982549
0.156359341557232 1.49410037488022 1.19999595792071
0.161450138939263 1.57862358073946 1.18590955384629
0.163502714661251 1.63502714661251 1.14765664979086
0.164276370936203 1.67926956957007 1.09862667510076
0.164397386243326 1.71703936743029 1.04511633800096
0.16414483774339 1.75087826926283 0.989663852027891
0.163690014363271 1.78240237862228 0.93260247686617
0.163102354776231 1.81224838640256 0.874738866825362
0.162386379750083 1.84037897050094 0.818056526899505
0.161637611298363 1.86781239722553 0.76073990641399
0.160886840034072 1.89488944929018 0.702574525105679
0.160074482431447 1.92089378917736 0.646741498421236
0.159290209375293 1.94688033680913 0.590400505307785
0.158532641920392 1.97285065500932 0.534163960595028
0.157800485126678 1.99880614493792 0.478642006067454
0.157092521677257 2.02474805717354 0.424429232330369
0.156463377367958 2.051408725491 0.369914315841791
0.155882471395146 2.07843295193528 0.317003740851771
0.155429629865929 2.10693498262703 0.263586847810243
0.155100264510406 2.13693697769893 0.211190762348116
0.15499658616317 2.16995220628438 0.158551874234198
0.15524271154481 2.20789634197063 0.106037629750158
0.156192150781321 2.25610884461908 0.0539091388893284
0.163941801849486 2.40447976045912 6.76835578810328e-06
0.215301066936589 3.22951600402923e-06 4.21559783182874
0.19207859853111 0.0384157197062219 3.70022608655443
0.190371150861004 0.0761484603444016 3.60594939756926
0.193112564464059 0.115867538678436 3.59901789858501
0.194314246236057 0.155451396988845 3.56519830572058
0.192901095720868 0.192901095720868 3.48177391344557
0.189987095974995 0.227984515169994 3.37225047358219
0.186442673866952 0.261019743413733 3.25480072100437
0.182796137726034 0.292473820361654 3.13766965472866
0.179338359535869 0.322809047164565 3.02399210587488
0.176152338982052 0.352304677964103 2.91633770979558
0.173268349813031 0.381190369588669 2.81650217095571
0.170789703406273 0.409895288175056 2.72422439788756
0.168758852204763 0.438773015732383 2.64033394401217
0.167222536701128 0.468223102763158 2.56602568825144
0.166343199581393 0.499029598744178 2.50194976901947
0.166330326231933 0.532257043942184 2.45042577156033
0.167438543700468 0.569291048581592 2.4156662037447
0.17002231688471 0.612080340784955 2.40104200606745
0.173638469693651 0.659826184835875 2.39967653551545
0.176623894943683 0.706495579774734 2.38859864231017
0.178226443994997 0.748551064778987 2.35680923765188
0.17860432089307 0.785859011929509 2.30976049233593
0.178309302221939 0.82022279022092 2.2523145486082
0.177517740248364 0.85208515319215 2.18966385202789
0.176442454980188 0.882212274900939 2.1239400029039
0.175188025864004 0.910977734492822 2.05692051109955
0.173851903487178 0.938800278830759 1.98913350340454
0.172479830526468 0.965887050948221 1.92135799393255
0.171070391950488 0.992208273312828 1.85510403348207
0.169709420787136 1.01825652472281 1.7892007194654
0.168391712394616 1.04402861684662 1.72464630358604
0.16715462502582 1.06978960016525 1.66117008473802
0.165991996672619 1.09554717803929 1.59966428632695
0.164938909071944 1.12158458168922 1.53990892865323
0.16402847421446 1.14819931950122 1.481901999914
0.163292049070973 1.17570275331101 1.42597804151346
0.162798320074882 1.20470756855413 1.37213582305992
0.162612538363458 1.23585529156228 1.32139093539937
0.162910692711845 1.27070340315239 1.27446146987938
0.164085988469933 1.31268790775946 1.23331661758709
0.167149172070113 1.37062321097492 1.20486428632695
0.173643987525089 1.45860949521075 1.19947718436332
0.178207213562762 1.53258203663975 1.178498000086
0.180000222139893 1.58400195483106 1.13696907360804
0.180581453352603 1.62523308017343 1.08735200351421
0.180560904828878 1.66116032442567 1.03397431174856
0.180205476546043 1.6939314795328 0.978421567162509
0.179665515943222 1.72478895305493 0.921025637919527
0.178947410613081 1.75368462400819 0.864301262749898
0.178158481818389 1.78158481818389 0.807011066897915
0.177300875138069 1.8084689264083 0.750394357346896
0.176409534039775 1.83465915401366 0.694314886481874
0.175517699799788 1.86048761787776 0.638367675618899
0.174657003445838 1.88629563721505 0.582003330621655
0.173794247740548 1.91173672514603 0.527023610270373
0.172960403052391 1.93715651418678 0.472802256263504
0.172184985753492 1.96290883758981 0.418762687967338
0.171465603832046 1.98900100445173 0.36557268783075
0.170860367856478 2.01615234070644 0.311885777060717
0.170335219671079 2.04402263605295 0.259800682442674
0.169975684492029 2.07370335080275 0.207782563233643
0.169834322094115 2.10594559396702 0.156345433458116
0.17007687814534 2.14296866463129 0.104860247840612
0.171119062437609 2.1903239992014 0.05312270971684
0.179552633935878 2.33418424116642 6.76835578810328e-06
0.232491434939771 3.17033774915341e-06 4.07396898509142
0.211225633093763 0.0384046605625023 3.63853327322606
0.212456269134803 0.0772568251399283 3.60000333062165
0.214835161538686 0.117182815384738 3.5824546298672
0.21371799573291 0.155431269623934 3.50649927724832
0.210403771707802 0.191276156098002 3.39475558203506
0.206151737515922 0.224892804562824 3.27266152955485
0.201870825766711 0.256926505521269 3.14924111801767
0.197735969727763 0.287615955967655 3.03118265896916
0.193953261794199 0.317378064754143 2.91989618430378
0.190595184794335 0.346536699626063 2.81650217095571
0.187681426103134 0.375362852206269 2.72215481556175
0.185311891705119 0.404316854629351 2.636705768893
0.183587695225319 0.433934552350753 2.5607748231154
0.182609921942142 0.464825255852726 2.49627004598678
0.182600808166808 0.498002204091293 2.44564441796494
0.183952232204394 0.535133766412783 2.41262093442649
0.186983590064731 0.577949278381896 2.40046695987434
0.19097393960543 0.625005620526863 2.39913076321418
0.193994784785057 0.670163801984744 2.38451422293928
0.19540538988322 0.710565054120798 2.34919422651499
0.195606460284519 0.746861030177254 2.29920123583875
0.195032956770235 0.780131827080939 2.2407089752142
0.194038787931345 0.811434931349262 2.17666672677394
0.192745338306049 0.841070567153668 2.11022684181817
0.191316692591787 0.86962132996267 2.04198195481532
0.189755459063098 0.897025806480102 1.9744348862882
0.188211578509304 0.923947749045674 1.90610693811944
0.186632015746761 0.950126625619874 1.8395645506585
0.185109659101979 0.976032747992252 1.773610506645
0.183591898020291 1.00141035283795 1.71041521968054
0.182212613834938 1.02701655070601 1.64730136625273
0.180917445913844 1.05261059440782 1.58634939756926
0.179788402671719 1.07873041603031 1.52629915880154
0.178815617401286 1.10540563484432 1.46835399562498
0.178032998652523 1.13293726415242 1.41290510524258
0.177515068767682 1.1619168137521 1.36003200821002
0.177374336383527 1.193245535671 1.31021783818851
0.177841672023792 1.2287242794371 1.26434233539053
0.179382769347545 1.27198690991896 1.22548913555985
0.183418322041812 1.33395143303136 1.20186753559768
0.190696987428494 1.42155936083059 1.19764622428106
0.194748024142959 1.48716672981896 1.17089724676306
0.196278523657984 1.53454118496242 1.12744446311042
0.196736623714114 1.57389298971291 1.07668757783909
0.196584328311333 1.60841723163818 1.02320564744031
0.196110205261462 1.64019444400495 0.967792855144704
0.195438475213907 1.67011060637339 0.911215793341044
0.194613080117806 1.69844142648267 0.854800721004371
0.193712447972159 1.72580180920651 0.79810282493968
0.192738832719902 1.75217120654456 0.742306610679911
0.191765778756894 1.77819176665483 0.68603256023529
0.190792737300714 1.80385860720676 0.629984583498728
0.189819216380959 1.82916699421652 0.574809138251699
0.188844775519342 1.85411234146263 0.521083137859778
0.187936930059486 1.87936930059486 0.466978050210163
0.187092899842392 1.90494588930436 0.413118062881751
0.186276899440799 1.9305060487501 0.361248939724874
0.185585916870085 1.95708785062999 0.308831109762464
0.18501532233201 1.98470982137975 0.256977274899098
0.184624789166531 2.01408860908943 0.20524441796494
0.18447136129179 2.04595509796349 0.154155536889577
0.18470362627463 2.08211360527765 0.103690403905539
0.185835910218463 2.12866588068422 0.0523433502091432
0.194931500653433 2.2682938257854 6.76835578810328e-06
0.249538420172615 3.11923025216356e-06 3.94626098542337
0.232215777316446 0.038702629552741 3.60740248071074
0.235371889458412 0.0784572964861374 3.59657328787607
0.235335525081501 0.11766776254075 3.53826417694008
0.231700649619638 0.154467099746425 3.42786417694008
0.22681454642703 0.189012122022525 3.2992546298672
0.221664870834791 0.221664870834791 3.16988296195908
0.216774759578226 0.252903886174597 3.04554588208477
0.212291929506711 0.283055906008947 2.92940235303229
0.208328740616272 0.312493110924408 2.82216002626012
0.204947644087528 0.341579406812547 2.72422439788756
0.202158427314676 0.370623783410238 2.636705768893
0.200127437414057 0.400254874828114 2.5592910247858
0.199017482500056 0.431204545416789 2.49350072275168
0.198988853131258 0.464307323972934 2.44284708228153
0.200524445395246 0.501311113488115 2.41082141431097
0.203962010615143 0.543898694973714 2.40022361027037
0.208259831185897 0.590069521693374 2.39850872237533
0.211266198570549 0.633798595711648 2.38126066151956
0.212541430091635 0.673047861956843 2.34328245220064
0.212581483907775 0.708604946359252 2.29098593171028
0.211854678845755 0.741491375960143 2.23016907360804
0.210625776899231 0.772294515297182 2.16509857795486
0.209084904984174 0.801492135772666 2.09824873575969
0.207408659812071 0.829634639248286 2.03008568415821
0.20565285559468 0.856886898311165 1.9618855785587
0.203922686511028 0.883664974881122 1.89313304012566
0.202160022110408 0.909720099496834 1.826389493355
0.200413530210067 0.935263140980311 1.7616323243811
0.198778992920614 0.960765132449636 1.69742547489432
0.197247296555497 0.986236482777485 1.6346821452975
0.195858805194697 1.0119371601726 1.57318208620021
0.194603857716607 1.03788724115524 1.5139289556375
0.193520723111638 1.06436397711401 1.4569772748991
0.192691967934702 1.09192115162998 1.40188435435256
0.192150105172787 1.12087561350793 1.34982551343397
0.192106505306178 1.15263903183707 1.30022608655443
0.192717957453845 1.18842740429871 1.25590624806181
0.194707700455447 1.23314876955116 1.21914859730635
0.19986815511045 1.29914300821792 1.20044926351896
0.2074785929642 1.38319061976133 1.19470096601376
0.211084971143216 1.44241396947865 1.16367237012422
0.212412916747279 1.48689041723095 1.11863457796794
0.212718387897554 1.52448177993247 1.06749713172216
0.212453977678105 1.5579958363061 1.013694990287
0.211845695465567 1.58884271599175 0.95875497123215
0.211067978628164 1.61818783614926 0.902263955164345
0.210126560930551 1.64599139395598 0.846273683836966
0.209105935037622 1.67284748030098 0.790257919237601
0.208047401542034 1.69905377925995 0.734184864359901
0.206951757913558 1.72459798261298 0.678916862140224
0.205857785391383 1.74979117582675 0.623992105874878
0.204802379108012 1.77495395226944 0.568817341030845
0.203746554896324 1.79976123491753 0.515152366296601
0.202726449714658 1.82453804743192 0.462330345271341
0.201812668506714 1.84994946131155 0.408618583373435
0.200929545751048 1.87534242700978 0.356943375306287
0.200181597882037 1.90172517987935 0.304777247504363
0.199528873821364 1.92877911360652 0.254167868317354
0.199105912544796 1.95787480669049 0.20272177773233
0.19890469217247 1.9890469217247 0.152704814233517
0.199187810000599 2.02507606833942 0.101949769019468
0.200340318078244 2.07018328680852 0.0519563164010483
0.21011097664769 2.20616525480074 6.76835578810328e-06
0.266988380176495 3.08063515588299e-06 3.83490142204514
0.25523363970892 0.0392667138013723 3.60005411791523
0.257485081659722 0.0792261789722223 3.57350931238989
0.254186690143035 0.11731693391217 3.47148092619565
0.248596884788565 0.152982698331425 3.33736199995689
0.242437523024193 0.186490402326303 3.20033571367305
0.236626069662561 0.218424064303902 3.06821751466296
0.231276967635166 0.249067503607102 2.94608984693928
0.226606155207512 0.278899883332322 2.83353965124625
0.222624848540477 0.308249790286814 2.73150849028049
0.219386507866192 0.337517704409526 2.64033394401217
0.216967276175376 0.367175390450637 2.5607748231154
0.215602272708394 0.398034965000113 2.49350072275168
0.215520553019122 0.431041106038244 2.44182625004448
0.217228250905031 0.467876232718528 2.40985329550946
0.221009467582846 0.510021848268106 2.40012321794269
0.22559617797981 0.555313668873379 2.39794686440777
0.228666409914656 0.598050610546022 2.378498000086
0.229818364462151 0.636420086202881 2.33826417694008
0.229656194554663 0.671302722544399 2.28427190324557
0.228684689641966 0.703645198898357 2.22242292841648
0.227188213406806 0.733992689468143 2.15692797398586
0.225491233892464 0.76320109932834 2.08811422293928
0.223597526471992 0.79119124751628 2.01915540846173
0.221627679328161 0.818317585211671 1.95039435734689
0.219636780717571 0.844756848913733 1.88247653551545
0.217676392546381 0.870705570185525 1.81559783182874
0.215794826620528 0.896378510577575 1.7496730582989
0.213983491590362 0.921775040696942 1.68566923678582
0.212287825202639 0.947130297057926 1.62329420141963
0.210750585666601 0.97269501076893 1.56232818384844
0.209360851657722 0.998490215598365 1.50376720695261
0.208209721148021 1.0250324733441 1.44674524447899
0.207283699507018 1.05236339749717 1.39278753016694
0.206766572109225 1.08154822334056 1.340672492381
0.206784200761399 1.11345338871522 1.29186167061497
0.207600355516362 1.14978658439831 1.24855200669528
0.210083085571202 1.19585756402069 1.21409044615371
0.216436156014371 1.26531906593017 1.2000323243811
0.22405420960145 1.3443252576087 1.19105662469371
0.227286585037887 1.39868667715623 1.15680923765188
0.228454295832233 1.44101940448024 1.11029746285423
0.228577338724971 1.47696126560751 1.059327507619
0.228184424049421 1.50952772832694 1.00557422843967
0.227514438973289 1.54009774074226 0.949556073060928
0.22657715751771 1.56861109050722 0.894211337871521
0.225510670501573 1.59592166816497 0.838751060275128
0.22440375887947 1.62261179497463 0.782368011551571
0.223215439153404 1.64836016605591 0.727197743736497
0.222030549560079 1.67376875822213 0.67178719495125
0.220807583700457 1.6985198746189 0.617996669378346
0.219667944121261 1.72354848464374 0.562829388597922
0.218488857863853 1.74791086291083 0.510415219680537
0.217428125812462 1.77287548739392 0.45653587129514
0.216364719047638 1.79749151208807 0.405253653492557
0.215451462113454 1.82305083326769 0.352656295485704
0.214606950475613 1.84892141948221 0.301751264240312
0.213903238652453 1.87576686202921 0.251372552358775
0.213409144899998 1.90426621603075 0.201048663241362
0.213190451173005 1.93511332603189 0.151261469879375
0.213454866601894 1.97035261478671 0.101373324899237
0.21472351141664 2.01509756867924 0.0511875301669367
0.225119112940347 2.14729000035408 6.76835578810328e-06
0.285305558912371 3.05684527404458e-06 3.74275686564003
0.27928244378774 0.0398974919696772 3.59822094732947
0.278058014018759 0.0794451468625025 3.52505743242096
0.271874900401519 0.116517814457794 3.38880923765188
0.264555865087702 0.151174780050115 3.24198195481532
0.257472435014548 0.183908882153249 3.10139604030087
0.251169325223885 0.215287993049044 2.97001541650127
0.245530109963491 0.245530109963491 2.85191284811967
0.240847792327298 0.275254619802626 2.74413877863967
0.237026282469055 0.304748077460214 2.64859141543308
0.234111551381579 0.334445073402256 2.56602568825144
0.232412627926363 0.365219843884285 2.49627004598678
0.232153661986467 0.397977706262515 2.44284708228153
0.233938116359264 0.434456501810062 2.40985329550946
0.237980459462883 0.475960918925766 2.4001023575503
0.24290725838077 0.520515553673078 2.39764622428106
0.246073892188573 0.562454610716738 2.37690849123411
0.247126677383482 0.600164787931315 2.33521689725222
0.246788140481789 0.6345980755246 2.27988065026855
0.245599400453886 0.666626944089119 2.21689375193819
0.243930290326404 0.696943686646869 2.14955607306093
0.241928598499146 0.725785795497439 2.08093977303436
0.239795188622391 0.753642021384656 2.01144147059194
0.237591629181385 0.780658210167406 1.94230661067991
0.235375571391464 0.807001959056448 1.87416522548772
0.233201015786149 0.832860770664818 1.80719978682033
0.231118594112519 0.858440492417926 1.74131597740813
0.229175859786321 0.883964030604381 1.67630428565451
0.22730422474931 0.90921689899724 1.61424520295645
0.225607405915465 0.934659253078352 1.55372631616303
0.224127875815813 0.960548039210628 1.49473933848044
0.222851939141437 0.986915730483508 1.43851661758709
0.221926603988217 1.01452161823185 1.38390327125721
0.221386062769057 1.04367715305413 1.33250286827784
0.221418375352025 1.07546068028127 1.28495406123895
0.222509183702465 1.11254591851233 1.24216482868469
0.225528765583808 1.15986222300244 1.21012389336603
0.233081794212625 1.23200376940959 1.19999901308826
0.240476496445812 1.3054438378487 1.18706152955485
0.243394744288329 1.35605643246355 1.1503289767198
0.244365315665541 1.39637323237452 1.10317044973363
0.244373240442653 1.43132897973554 1.05160304578754
0.243882258736419 1.46329355241852 0.997278222267669
0.243051479277162 1.49303051555971 0.942083140451848
0.241985803290105 1.52105362068066 0.887093304256917
0.24083059913663 1.54819670873548 0.831172750682386
0.239588415728949 1.57443816050452 0.775570767669632
0.238306286171514 1.60005649286588 0.720188240314714
0.236984933056335 1.62503954095773 0.665836039404973
0.235668506982552 1.64967954887786 0.611999013088263
0.234398997226842 1.6742785516203 0.558042290355693
0.23313167789893 1.69853079612078 0.505685113518125
0.231949518210693 1.72305356385086 0.453067535597683
0.230848885697314 1.74785584885109 0.400780250933797
0.229826354923363 1.77294616655166 0.349453295509461
0.228919053820535 1.79864970858992 0.298737756445062
0.228162431087082 1.82529944869665 0.248591415433077
0.227629807959527 1.85355700767043 0.198552006695279
0.227391266401295 1.88409906446787 0.149110308599433
0.227629603608058 1.91859237326792 0.100226086554429
0.228939712939206 1.96234039662177 0.0508057734850132
0.239980436052665 2.09125808560179 6.76835578810328e-06
0.305179219206698 3.05179219209116e-06 3.67208366199904
0.302733970900719 0.0403645294534291 3.58105674102362
0.297050979658088 0.0792135945754902 3.45654462229254
0.28845762737761 0.115383050951044 3.29824873575969
0.279898060873906 0.149278965799416 3.14462094732947
0.272170443975056 0.181446962650037 3.00359997335219
0.265459330329183 0.212367464263346 2.87630428565451
0.259808478559083 0.242487913321811 2.76232818384844
0.255120547627612 0.272128584136119 2.66263800004311
0.251741333962279 0.302089600754734 2.57445698054657
0.249514799372089 0.332686399162785 2.50194976901947
0.249001102045647 0.365201616333615 2.44564441796494
0.250655556744057 0.401048890790492 2.41082141431097
0.255010924134053 0.442018935165692 2.40012321794269
0.260257776836539 0.485814516761539 2.39764622428106
0.263561315684094 0.527122631368189 2.37644099605477
0.264622100478093 0.564527147686598 2.33343563091281
0.264065449768356 0.598548352808274 2.27732995401322
0.262694694240589 0.630467266177414 2.21289086111067
0.260757163874814 0.660584815149528 2.14489722404482
0.25848235598487 0.68928628262632 2.07577560211244
0.256150399753052 0.717221119308546 2.00478987519956
0.253688251631159 0.744152204784735 1.93534712373815
0.25122489107644 0.770422999301083 1.86702694198918
0.248880193919506 0.796416620542418 1.79880000098696
0.246578049657748 0.821926832192495 1.73297305801082
0.244371552958102 0.847154716921419 1.66930582269635
0.242370958291995 0.872535449851183 1.60637436458551
0.240501526372894 0.897872365125472 1.54626098542337
0.238927457337504 0.923852835038349 1.48681061894511
0.237573251975801 0.950293007903206 1.43041915644053
0.23653833969808 0.977691804085396 1.37679435255969
0.235972542050532 1.0068161794156 1.32590072275168
0.236128076049407 1.03896353461739 1.27836206324123
0.237408557816222 1.07625212876687 1.23694952641781
0.241062826514332 1.12495985706688 1.20707351715242
0.249750036131839 1.19880017343283 1.19989097410495
0.256769171364579 1.26672791206526 1.18303279304739
0.25940928359186 1.31434037019876 1.14449672874279
0.260249850319113 1.35329922165939 1.09630959609446
0.260124326465772 1.38732974115079 1.04438637205055
0.25947320389611 1.41845351463207 0.990516758333547
0.25851542752792 1.44768639415635 0.935462772531474
0.257360350287754 1.47553267498312 0.879909553846286
0.256063195107915 1.50223741129977 0.824633972887116
0.254676418199376 1.52805850919625 0.76988296195908
0.253249839699354 1.55326568348937 0.715503401043754
0.251830784616219 1.57813958359497 0.661069246650966
0.250418128206385 1.60267602052087 0.607199786820333
0.249056373465433 1.62716830664083 0.553258501578763
0.247697947136849 1.65131964757899 0.500962415760145
0.246386462592072 1.67542794562609 0.449605642653106
0.245207342449949 1.70010424098632 0.397435256032207
0.244111924259487 1.72505759810038 0.346260985423366
0.243096712562594 1.75029633045068 0.296735735340134
0.24228547140947 1.77676012366945 0.246745244478995
0.241712620388809 1.80478756556978 0.196896272530307
0.241411080489037 1.83472421171668 0.148396954212458
0.241699064855244 1.86913943488056 0.0990863796370662
0.243043188513707 1.91193974964116 0.0504257715603275
0.254716682041562 2.03773345633249 6.76835578810328e-06
0.326865671252499 3.06436566799511e-06 3.62623800004311
0.324687495715738 0.0405859369644672 3.53996569473554
0.314750866572837 0.0786877166432093 3.37490521192048
0.304160662987538 0.114060248620327 3.20478987519956
0.294673711564586 0.147336855782293 3.04913203410446
0.286507424854719 0.1790671405342 2.91041521968054
0.279586593841213 0.20968994538091 2.78855852940806
0.274034938315551 0.239780571026107 2.6809246520339
0.269820307437941 0.269820307437941 2.58791503956799
0.267092416934271 0.300478969051054 2.51021783818851
0.266128521971092 0.332660652463865 2.45042577156033
0.267566883206392 0.367904464408789 2.41262093442649
0.271949347486857 0.407924021230286 2.40022361027037
0.277656834436689 0.45119235595962 2.39794686440777
0.281227305358369 0.492147784377146 2.37690849123411
0.282263573843299 0.529244200956186 2.33343563091281
0.281598974118292 0.563197948236584 2.27604332162947
0.279934091714137 0.59485994489254 2.21127729028316
0.277765610206641 0.624972622964942 2.14208314045185
0.275256644207437 0.653734529992663 2.07162093623038
0.272630766805716 0.68157691701429 2.00033571367305
0.269883056603268 0.708443023583578 1.93069417730365
0.267217702857908 0.734848682859246 1.86106924665097
0.26455287822408 0.76058952489423 1.79400012336853
0.262079891378115 0.786239674134345 1.72702361027037
0.259715723206418 0.811611635020057 1.66233034527134
0.257512313105292 0.836915017592198 1.59966428632695
0.255518641397046 0.862375414715031 1.53885452659084
0.253719138321996 0.888016984126984 1.4809246520339
0.252282562769239 0.914524290038492 1.42421319772399
0.251187883253249 0.941954562199683 1.3705974157255
0.250593414712119 0.971049482009462 1.32011934973146
0.250824319731241 1.00329727892496 1.27302925388562
0.252305792639976 1.0407613946399 1.23273394401216
0.256702146740591 1.09098412364751 1.2047802509338
0.266258175458206 1.16487951762965 1.19951488648187
0.272967525222594 1.22835386350167 1.17915718956664
0.275384182536835 1.27365184423286 1.13911854254541
0.276069620375551 1.31133069678387 1.09038498923325
0.275792679324731 1.34448931170806 1.03848053190758
0.275017835587281 1.3750891779364 0.98451063325816
0.273921874168147 1.40384960511175 0.929728519575569
0.272620451451809 1.43125737012199 0.874738866825362
0.271223283105364 1.45782514669133 0.81915540846173
0.26973297580624 1.48353136693432 0.764174558076847
0.268202145581667 1.50863706889688 0.709634669398203
0.266631355259719 1.53313029274338 0.656297642449704
0.265118751926959 1.55757266757088 0.602399992104334
0.263613106244418 1.58167863746651 0.549673058298895
0.262160913429815 1.60573559475762 0.497425474894323
0.260759454139411 1.62974658837132 0.446150340080347
0.259499006366692 1.65430616558766 0.394099033986244
0.258282153178695 1.67883399566152 0.344138778639674
0.257242702799934 1.70423290604956 0.293743258976376
0.256329112919034 1.73022151220348 0.244905439586548
0.255713674831002 1.75803151446314 0.195247522221587
0.255385812537128 1.7877006877599 0.146975801237965
0.255638657574271 1.82142543521668 0.0985193497314553
0.257052651370422 1.86363172243556 0.0500475222215868
0.269347349319266 1.98643670122958 6.76835578810328e-06
0.35135511893336 3.10019222586311e-06 3.60421858337343
0.344895012495107 0.0405758838229537 3.47797044973363
0.3314005616311 0.0779766027367294 3.2860710443625
0.319389255731675 0.112725619670003 3.1096346693982
0.309182937806337 0.145497853085335 2.95564995874438
0.300679284719339 0.176870167481964 2.82216002626012
0.293864119930583 0.207433496421588 2.70578866212848
0.288620435861335 0.237687417768159 2.60608874681561
0.285101552084907 0.268330872550501 2.52267004598678
0.283628549918654 0.30031258226681 2.4575359884664
0.284645524290796 0.334877087400936 2.4156662037447
0.288974639190948 0.373967180129462 2.40046695987434
0.295034760846687 0.416519662371793 2.39850872237533
0.299025305273011 0.457332819829311 2.378498000086
0.300082393965657 0.494253354766965 2.33521689725222
0.299274176404137 0.528130899536713 2.27732995401322
0.29742997244627 0.559868183428273 2.21127729028316
0.294994154195078 0.589988308390157 2.14114200348169
0.292219940971487 0.618818698527854 2.06953592194534
0.289264986370709 0.646592322475702 1.99810282493968
0.286275677412218 0.673589829205218 1.9271977437365
0.283314745506805 0.699954077134459 1.85749097410495
0.280441314583499 0.725848108333764 1.7892007194654
0.277711119452407 0.751453617341807 1.72227047945733
0.275107706254577 0.776774700012924 1.65769338932009
0.272684578621577 0.802013466534051 1.59521012480044
0.270558852363322 0.827591783699574 1.53360110296797
0.268644046993007 0.853339913977788 1.47509150876589
0.267053415522007 0.879705368778375 1.41895873471935
0.265893736550654 0.907166865878703 1.36527009345511
0.265266240893418 0.936233791388534 1.31510830831802
0.265575587148613 0.968569788424353 1.2683748231154
0.267329081174565 1.00641536442189 1.22883452631462
0.272402477566549 1.05756255996425 1.2031651137118
0.282744247568478 1.13097699027391 1.19883101490858
0.289118612525899 1.19048840451841 1.17548801743376
0.291325865407457 1.23385072407864 1.13432990654489
0.291830794697561 1.27032228280115 1.08550959609446
0.291441460086016 1.30291476273748 1.03321689725222
0.290530646168798 1.33302296477448 0.979296477577101
0.289340611615314 1.36160287818971 0.923940002903896
0.28788106936316 1.38860280516348 0.869535921945339
0.286378349316214 1.41504596132718 0.813650602430736
0.284725839978455 1.44037777871454 0.759593453190354
0.283086639344823 1.46538966249085 0.704929979716899
0.281406990578958 1.48980171482978 0.651521601304981
0.279738853023468 1.51388085165641 0.59880000098696
0.278131610634971 1.5379041999816 0.546089846939276
0.27658208064992 1.56187527896426 0.493893061880558
0.275087293320035 1.58579733796256 0.442701774912951
0.273693408183549 1.60996122460911 0.391879827182459
0.272396070867207 1.63437642520325 0.342021414310973
0.271286738996228 1.6596365209181 0.29175535736552
0.270310987169718 1.68546850823471 0.243072026014139
0.26960367664368 1.7127762986775 0.194425771560328
0.269293635202353 1.74248822777993 0.145562063241233
0.269504042102932 1.77555604208991 0.0979542017668817
0.270985096629988 1.81719417740109 0.0496710232802017
0.283890124112383 1.93713261159038 6.76835578810328e-06
0.378107554506358 3.15089628754943e-06 3.60000333062165
0.363437772236486 0.0403819746929429 3.40227673225122
0.347302559431956 0.0771783465404348 3.1936256354145
0.334102169388002 0.111367389796001 3.01679729204248
0.323409255983672 0.143737447103854 2.86697805021016
0.314908199767404 0.17494899987078 2.73885452659084
0.308425464692953 0.205616976461969 2.62952762987578
0.303817958154636 0.236302856342495 2.53929222197059
0.30153238536745 0.268028786993289 2.46791946809242
0.301966436450771 0.301966436450771 2.42041061894511
0.306040170392477 0.340044633769419 2.40104200606745
0.312502810263432 0.381947879210861 2.39913076321418
0.316899297855824 0.422532397141099 2.38126066151956
0.31821004310144 0.459636728924303 2.33826417694008
0.3172990377623 0.493576280963578 2.27988065026855
0.315233633088707 0.525389388481178 2.21289086111067
0.312486311482471 0.555531220413282 2.14208314045185
0.309409349263927 0.584439881942973 2.06953592194534
0.306165494122198 0.612330988244396 1.99698494639532
0.302826936171647 0.6393013096957 1.92603101490858
0.299616766473815 0.665815036608478 1.85510403348207
0.296438160780542 0.691689041821266 1.78680131356591
0.293500957623876 0.717446785302807 1.71870962458233
0.29063554789253 0.742735289058688 1.65422293894184
0.288044014087048 0.768117370898795 1.59077172125203
0.285703971912508 0.793622144201411 1.52942093442649
0.283595641551926 0.819276297816674 1.47123248565145
0.281905207659147 0.845715622977439 1.41462625004448
0.280607233907881 0.873000283268962 1.36151946809242
0.280008168377385 0.90224854254935 1.3108225505271
0.280333248168297 0.93444416056099 1.26478310274778
0.282375681958381 0.972627348967758 1.22573722746853
0.288169671847953 1.02460327768161 1.20205313559223
0.299131529731565 1.09681560901574 1.19794686440777
0.305218745160318 1.15304859282787 1.1722227251009
0.307301817805292 1.19506262479836 1.12978544207144
0.307660814820489 1.23064325928196 1.08051362036293
0.307144830633521 1.26270652593781 1.02786417694008
0.306084469173288 1.29235664762055 0.97402195848654
0.304734645736424 1.32051679819117 0.919075347966103
0.303163272000787 1.3473923200035 0.864301262749898
0.301491851599781 1.37346287951012 0.809228278747969
0.299722935939532 1.39870703438448 0.754999937486517
0.297914587777035 1.42336969715695 0.701396040300869
0.296121914134632 1.44770713576931 0.64793688438654
0.294343146558312 1.47171573279156 0.59520006316497
0.29263008848101 1.49566489668072 0.542509025895047
0.290979263178196 1.51955837437502 0.490365330601796
0.289387430019064 1.54339962676834 0.439260093586012
0.287903014605638 1.56747196840848 0.388558529408064
0.286521331970479 1.59178517761377 0.33885452659084
0.285288202965902 1.61663315014011 0.289773158181827
0.284247356468205 1.64231805959407 0.24124502876785
0.283489637406617 1.66943897583897 0.192787530166937
0.283101835456985 1.69861101274191 0.14485797750785
0.283358892018973 1.73163767344927 0.0968295502663735
0.284856120912307 1.77243808567658 0.0492962725303063
0.298408220855385 1.88991873208411 5.75503305150519e-06
0.405924647498422 3.20466826968299e-06 3.59764622428106
0.380761878103109 0.0400801976950642 3.318098000086
0.362529728524903 0.076322048110506 3.10139604030087
0.348520661516611 0.110059156268403 2.92702361027037
0.337704330924798 0.142191297231494 2.7819434731005
0.329440787041585 0.173389887916624 2.66074491393908
0.32352620884286 0.20433234242707 2.5607748231154
0.320011768294298 0.235798145058956 2.48238142539424
0.319643076810841 0.269173117314392 2.42751685954815
0.323204359459055 0.306193603698052 2.40230177491295
0.329913092417938 0.347276939387302 2.39967653551545
0.335081900992372 0.387989569570115 2.38451422293928
0.336523930978422 0.425082860183269 2.34328245220064
0.335651361272199 0.459312389109325 2.28427190324557
0.33331347204456 0.491198800907772 2.21689375193819
0.330292407574764 0.521514327749627 2.14489722404482
0.326867264996332 0.550513288414874 2.07162093623038
0.323296161237851 0.578529972741418 1.99810282493968
0.31965065484785 0.605653872343294 1.92603101490858
0.316162261440561 0.632324522881121 1.85391015306073
0.312725426234405 0.65836931838822 1.78440216817126
0.309401931433022 0.683941111588785 1.71752346448455
0.306327081839138 0.709389031627476 1.65191284811967
0.3034765498415 0.734732699616264 1.58855852940806
0.30090312551554 0.76017631709189 1.52733847044515
0.298657007695486 0.78593949393549 1.46835399562498
0.296857556050026 0.812452258663228 1.41119076234812
0.295476859331049 0.839776337046138 1.35781455792856
0.29483630007095 0.868991200209116 1.3072225505271
0.295171750224067 0.901050605947153 1.26173582305992
0.297451264440169 0.939319782442638 1.22332450984155
0.304009390624018 0.992030643088901 1.20130582269635
0.315463121103289 1.06261261845319 1.19696059327736
0.321329645469238 1.11619771584051 1.16925475552101
0.323261251219192 1.15693500436343 1.12601778083855
0.323454163527858 1.19167323405 1.07668757783909
0.322798313766728 1.22323571532655 1.02398657014187
0.32163832409746 1.25269663069537 0.969580843559475
0.320116007794237 1.28046403117695 0.915157189566639
0.318426507732996 1.30722461069335 0.860091071346768
0.316574885585787 1.332946886677 0.805900966013757
0.314684217689388 1.35811083423841 0.75154686440777
0.312754556978836 1.38270435716959 0.697857624417143
0.310843559068493 1.40697610946792 0.644350041255624
0.30894920426431 1.4309226302768 0.591600338519245
0.307125686762444 1.45480588466421 0.538930753349034
0.305313889780784 1.47836199262274 0.488016186516916
0.303621609437389 1.50212796247971 0.436969535761083
0.302043482595569 1.52611443837761 0.386349397569263
0.300574474306838 1.55033149905632 0.336749426422787
0.299262524206265 1.57506591687508 0.287796692305181
0.298153376476331 1.60061286318873 0.23942447260046
0.29734217726791 1.62755718083487 0.191156316401048
0.296868932330165 1.65621614878934 0.144155748660272
0.297124098271426 1.68891592701653 0.096270045986779
0.298680177737871 1.72920102900873 0.0489232677487828
0.312824893500522 1.84402042484518 5.75503305150519e-06
0.433053000374145 3.24789750279895e-06 3.58022684181817
0.397231040796702 0.0397231040796702 3.22899751928926
0.377316070572545 0.0754632141145089 3.0107992805346
0.362892988457831 0.108867896537349 2.84040654680965
0.352079075576473 0.140831630230589 2.70275854452014
0.344306777399341 0.17215338869967 2.59034335020914
0.339445334745589 0.203667200847354 2.50137332489924
0.337847098207462 0.236492968745224 2.43789478807952
0.340563165484847 0.272450532387877 2.40486428632695
0.3473104043122 0.31257936388098 2.39996123062997
0.353247789887367 0.353247789887367 2.38859864231017
0.355282527060399 0.390810779766439 2.34919422651499
0.354302473179626 0.425162967815551 2.29098593171028
0.351822599449178 0.457369379283932 2.22242292841648
0.348471843323435 0.487860580652808 2.14955607306093
0.34464314131316 0.51696471196974 2.07577560211244
0.340788458507145 0.545261533611432 2.00033571367305
0.336794914602609 0.572551354824436 1.9271977437365
0.332907518304239 0.599233532947631 1.85510403348207
0.32918465919411 0.62545085246881 1.78440216817126
0.325599945738533 0.651199891477066 1.71633770979558
0.322212012936252 0.676645227166129 1.65075888198233
0.319155886485048 0.702142950267105 1.58634939756926
0.316324775869438 0.727546984499708 1.52526113317464
0.313926537399114 0.753423689757874 1.46548913555986
0.311930698807278 0.779826747018195 1.40863204592723
0.310457916148522 0.807190581986157 1.35488366199904
0.309695313636119 0.83617734681752 1.30486024784061
0.310107410839402 0.868300750350327 1.25919435255969
0.312632344512554 0.906633799086406 1.22128081143549
0.319857093455725 0.959571280367175 1.20084243452512
0.331794995483552 1.02856448599901 1.19593350340454
0.337456413723751 1.079860523916 1.16668338241291
0.339276951495031 1.1196139399336 1.12262419876203
0.339349448732106 1.15378812568916 1.07279385598587
0.338538134415463 1.18488347045412 1.0200640115336
0.337204202713319 1.21393512976795 0.965998305720581
0.335560605909595 1.2415742418655 0.911215793341044
0.333681667835135 1.26799033777351 0.856920511099546
0.331763271876066 1.29387676031666 0.80145071366786
0.329681488026258 1.31872595210503 0.748087151880333
0.327624300562221 1.34325963230511 0.694314886481874
0.325589171360159 1.36747451971267 0.640761230629969
0.323573797386407 1.39136732876155 0.588000986911737
0.321576086913849 1.41493478242094 0.536546732163624
0.319652037412171 1.43843416835477 0.485669236785817
0.317854907179081 1.46213257302377 0.434682145297504
0.316178930188335 1.48604097188518 0.384144365574427
0.314562917514212 1.50990200406822 0.335698737250103
0.313169133168606 1.53452875252617 0.286810618945107
0.311988844947102 1.55994422473551 0.23851661758709
0.311121470614473 1.58671950013381 0.190343350209143
0.310661956799707 1.61544217535848 0.142756865640029
0.310858948655757 1.64755242787551 0.0957124221609113
0.312470785051265 1.68734223927683 0.0485520066952788
0.327198871646515 1.79959379405583 5.75503305150519e-06
0.457948232448832 3.27105880321853e-06 3.54122292841648
0.413097823869061 0.0393426498922916 3.13766965472866
0.391923685212141 0.0746521305165982 2.92227047945733
0.377355403485138 0.107815829567182 2.75801804518468
0.366930231392948 0.139782945292552 2.62863775224789
0.360026838003709 0.171441351430338 2.52720614401413
0.356841970887261 0.203909697649864 2.45273214728624
0.358269280248069 0.238846186832046 2.40971978053741
0.364664395313964 0.27783953928683 2.40000098691174
0.371558475143946 0.318478692980525 2.39270826089352
0.374275532389493 0.356452887989994 2.35680923765188
0.373430515088627 0.391212920569038 2.29920123583875
0.370745687980072 0.42370935769151 2.23016907360804
0.366996344734071 0.454376426813612 2.15692797398586
0.36289289774872 0.483857196998293 2.08093977303436
0.358610559654273 0.512300799506105 2.00478987519956
0.354221511791789 0.539766113206536 1.93069417730365
0.34997703856723 0.56662949101361 1.85749097410495
0.345844520910633 0.592876321561085 1.78680131356591
0.341970555794393 0.618803862866044 1.71752346448455
0.338322613583065 0.644424025872504 1.65075888198233
0.33495621208983 0.66991242417966 1.58634939756926
0.331924525002639 0.695460909529338 1.52422439788757
0.329278529653736 0.721276779241515 1.46453722746853
0.327145898658156 0.747762054075786 1.40693479604798
0.325492511137683 0.774982169375437 1.35342925388562
0.324745193437868 0.804130955179482 1.30252809675443
0.325157022682941 0.836118058327563 1.25712587456862
0.327860731181054 0.874295283149477 1.21977315818183
0.335782337953152 0.927398838156323 1.20054237558286
0.348123119132064 0.994637483234468 1.19496474396779
0.353604108308308 1.0439740340531 1.1645928551447
0.355291379912796 1.08279277687709 1.12014462229254
0.35529862316105 1.11665281564901 1.06949746285423
0.354316337356238 1.14731004477258 1.01689375193819
0.352862162971692 1.17620720990564 0.962389617989538
0.351020827766965 1.20349998091531 0.908244642634479
0.349072153214237 1.23006377799303 0.852676106633971
0.346887285786119 1.25540160570215 0.799219749066202
0.344732537867383 1.28043514065028 0.744620947329467
0.342541031561153 1.30491821547106 0.690767981295122
0.340312517619674 1.32883935451492 0.638367675618899
0.338171024171378 1.35268409668551 0.585601705346452
0.336050406023316 1.37620642466691 0.534163960595028
0.334008980065533 1.39965667836985 0.483324526688112
0.332102197283157 1.42329513121353 0.432397965123591
0.330264885402099 1.44687473604729 0.383043399423904
0.328609910273594 1.47092055074847 0.333601102967969
0.327129659912656 1.49544987388643 0.284842810433362
0.325873836193027 1.52074456890079 0.236705768892996
0.324889891995843 1.54709472378973 0.189532147286245
0.324389868130205 1.57560793091814 0.142060213430258
0.324576319276159 1.60742558117717 0.0951566783705339
0.326240696548556 1.646738754007 0.0481824871122343
0.341543341168556 1.756508611724 5.75503305150519e-06
0.480587098861162 3.27673021954094e-06 3.48302667510076
0.42831719039863 0.0389379263998756 3.04793688438654
0.406490411977982 0.0739073476323604 2.83696953576108
0.392055207978574 0.10692414763052 2.6809246520339
0.382293014774804 0.139015641736293 2.56226594171349
0.377044651115451 0.171383932325205 2.47350481423352
0.376687381848287 0.20546584464452 2.41813604483566
0.382094139891423 0.243150816294542 2.40024630358604
0.389890613056457 0.283556809495605 2.39636801155157
0.393482381481321 0.321940130302898 2.3657972187589
0.392929505964755 0.357208641786141 2.30976049233593
0.39006591354047 0.390065913540469 2.2407089752142
0.386147257648591 0.421251553798463 2.16509857795486
0.38160054966417 0.450982467784928 2.08811422293928
0.376821010692328 0.479590377244781 2.01144147059194
0.372076102392367 0.507376503262319 1.93534712373815
0.367424341429623 0.534435405715815 1.86106924665097
0.362924054166882 0.560882629166999 1.7892007194654
0.358723392651403 0.587001915247751 1.71870962458233
0.354694515813738 0.612654163678275 1.65191284811967
0.351071475133552 0.638311772970095 1.58634939756926
0.347730454764669 0.663849050005277 1.52422439788757
0.344894645121262 0.689789290242524 1.46358684781024
0.342525866486013 0.716190448107118 1.40608874681561
0.340752531313919 0.743460068321279 1.35198221916145
0.339855923128202 0.772399825291368 1.30137332489924
0.340259588347668 0.804249936094489 1.25590624806181
0.343142914134056 0.842259880147229 1.21873933848044
0.351714563984175 0.895273435596083 1.20036743976471
0.364443692011633 0.960806097121578 1.19414654650568
0.369853548165839 1.00869149499774 1.16273704476978
0.371458162758939 1.04683664050247 1.11761857460576
0.371241272018704 1.07997460950896 1.06749713172216
0.370145199840922 1.11043559952276 1.01449734594632
0.36856131055093 1.13918950533924 0.959666055987835
0.366577884488957 1.16638417791941 0.905260661519564
0.364417386717559 1.19263872016656 0.850546704490541
0.362153209661743 1.21815170522586 0.795866118544365
0.359787398646421 1.24290192259673 0.742306610679911
0.357455089831672 1.26734077303957 0.688401139310026
0.355087373920134 1.29122681425503 0.635973363900819
0.352813383483716 1.31503170207567 0.583202707957515
0.35056389326011 1.33851668335678 0.531782485337045
0.348399511298036 1.36192536234687 0.480982101414992
0.346377852491845 1.38551140996738 0.430117038040921
0.344430771719884 1.40903497521771 0.380844591538271
0.342675764569714 1.43300774274608 0.331508490280492
0.341044726568848 1.45719110443053 0.283861082859649
0.339709998689658 1.48237090337306 0.235802781241102
0.338660153228304 1.50857704619881 0.188722709716841
0.338116014754797 1.53689097615817 0.141365422032063
0.338288478778413 1.568428401609 0.0946028141788559
0.339945413636698 1.60701468264621 0.0481824871122343
0.355870820247083 1.71465031573594 5.75503305150519e-06
0.501407972048624 3.27005199166791e-06 3.41046785271376
0.443347461155773 0.0385519531439803 2.95923876937003
0.421165648612689 0.0732461997587285 2.75586986072953
0.407150393768114 0.106213146200378 2.61033614797211
0.398878506495194 0.138740350085285 2.50310830831802
0.395972742736215 0.172162062059224 2.43244502876785
0.399679188638943 0.208528272333362 2.40195888198233
0.408129277344681 0.248426516644588 2.39892715381526
0.413142665259383 0.287403593223919 2.37500247686617
0.41303216286157 0.32324256223949 2.32163793675877
0.41011139511046 0.356618604443878 2.2523145486082
0.405717465674631 0.38807757586269 2.17666672677394
0.400746067886333 0.418169809968347 2.09824873575969
0.39559562375814 0.447195052943984 2.01915540846173
0.390329105083703 0.475183258362769 1.94230661067991
0.385211499650542 0.50244978215288 1.86702694198918
0.380294762447116 0.52910575644816 1.79400012336853
0.375726808670903 0.555422238904814 1.72227047945733
0.371367644529344 0.58127109578506 1.65422293894184
0.367366349808132 0.606953099683 1.58855852940806
0.363773492249854 0.632649551738877 1.52526113317464
0.360638389620758 0.658557059307471 1.46453722746853
0.358095224053559 0.685051732972026 1.40608874681561
0.356101746090669 0.712203492181339 1.35198221916145
0.355120380530237 0.74112079415006 1.30079876416125
0.355505352118736 0.772837721997252 1.25510207390853
0.358567141389448 0.810673537054404 1.21793775644506
0.367731019696283 0.863368481026056 1.20025820329962
0.380753313561349 0.927051546062415 1.19355540846173
0.386220129969755 0.973946414706338 1.16114498265153
0.387645618593843 1.01124943981003 1.11608059068421
0.387411345024277 1.04432623441327 1.06480381573226
0.38611268131616 1.07440050453192 1.01208496043201
0.384313231738706 1.10281188238063 0.957842276202769
0.382251475229267 1.13013479633001 0.902263955164345
0.379863361669811 1.1561058833429 0.848412551265282
0.377445130259901 1.18156736429186 0.793625635414496
0.374925232913493 1.20628118415646 0.73998949844575
0.372444140650094 1.23068498649596 0.68603256023529
0.36992977294783 1.25454444738829 0.633578342625107
0.367516343350493 1.27831771600171 0.580804042079291
0.365131493077608 1.30177314923321 0.529402353032292
0.362838091500672 1.32514781243724 0.478642006067454
0.360631069905696 1.3484466092126 0.428977807749224
0.358569722760203 1.37191893925643 0.37974675966099
0.356710494770806 1.39582367519011 0.330464078054662
0.354982309155995 1.41992923662398 0.282880811435486
0.353564341677924 1.44500209207499 0.234901422045145
0.352444508634462 1.47107273169167 0.187915039567995
0.351852396327739 1.49919716696167 0.140672492380998
0.351947640805302 1.53020713393609 0.0946028141788559
0.353707551194156 1.56861609660017 0.0478147067249001
0.370193286283377 1.67391746841179 5.75503305150519e-06
0.520703679146956 3.25439799472134e-06 3.32876751434855
0.458174478447833 0.0381812065373194 2.87396898509142
0.436109746014282 0.0726849576690471 2.67994877151946
0.423101230432133 0.105775307608033 2.54626800483314
0.416905089978294 0.138968363326098 2.45510207390853
0.418015944935067 0.174173310389611 2.40740248071074
0.426064245394148 0.213032122697074 2.39995004125562
0.432826031296943 0.252481851589883 2.38451422293928
0.433551761630677 0.289034507753784 2.33565766460947
0.43069582672862 0.323021870046465 2.26682660931269
0.426042576596075 0.355035480496729 2.18966385202789
0.420535283576834 0.385490676612098 2.11022684181817
0.414817319624143 0.414817319624143 2.03008568415821
0.409158792605836 0.443255358656322 1.95039435734689
0.403500979528224 0.470751142782928 1.87416522548772
0.398208310271209 0.497760387839011 1.79880000098696
0.393119837067173 0.52415978275623 1.72702361027037
0.388387350006462 0.550215412509154 1.65769338932009
0.384058685449398 0.576088028174096 1.59077172125203
0.380088158545945 0.60180625103108 1.52733847044515
0.376711844878937 0.627853074798228 1.46548913555986
0.373881027037893 0.654291797316312 1.40693479604798
0.371730034160639 0.681505062627839 1.35198221916145
0.37056039707503 0.710240761060474 1.30079876416125
0.370914263982441 0.741828527964883 1.25470265405368
0.37398302859011 0.779131309562729 1.21774086620362
0.383672048702277 0.831289438854934 1.20021280504875
0.397132344234817 0.893547774528339 1.19314038877928
0.402637787823366 0.939488171587853 1.16016971118205
0.404021052296657 0.97638420971692 1.11452581153131
0.403602032999185 1.00900508249796 1.06344593876104
0.402162165494998 1.03891892752874 1.01046785271376
0.400207229374831 1.06721927833288 0.956012067683467
0.397985190408037 1.0944592736221 0.900259133796381
0.395429036976387 1.1203822714331 0.846273683836966
0.392846708322304 1.14580289927339 0.791381416626564
0.390163366692907 1.17049010007872 0.73766965472866
0.387524792428226 1.19486810998703 0.683662290204418
0.384855660646905 1.21870959204853 0.631182658969156
0.382225133375797 1.24223168347134 0.579604848245155
0.379698811188634 1.26566270396211 0.528212805048749
0.377270718654331 1.28900828873563 0.477472846184738
0.374935328242827 1.3122736488499 0.427839406722643
0.372820557048793 1.33594032942484 0.37755426460445
0.370785276638736 1.35954601434203 0.32942093442649
0.369019839200288 1.38382439700108 0.280924652033898
0.367449079300854 1.40855480398661 0.234001694279419
0.366254866128223 1.43449822566887 0.187109138889329
0.365610650409827 1.46244260163931 0.139981425394241
0.365682039870277 1.49320166280363 0.0940508291305354
0.367484001634754 1.53118334014481 0.0474486632413619
0.384522285367032 1.63421971280989 5.75503305150519e-06
0.538593082529726 3.23155849515239e-06 3.24305662469371
0.473129343199544 0.0378503474559634 2.79187982718246
0.451652040203391 0.0722643264325425 2.60948324166645
0.440403469315727 0.105696832635775 2.49023950766407
0.437601171305929 0.140032374817897 2.42019669230518
0.443816834756868 0.177526733902747 2.40008399295296
0.452465449376421 0.217183415700682 2.39281791379979
0.454685340325974 0.254623790582546 2.35070372746969
0.451990142841203 0.28927369141837 2.28365023098053
0.447053568647492 0.321878569426194 2.20557422843967
0.44110613745047 0.352884909960376 2.1239400029039
0.434810664981335 0.382633385183575 2.04198195481532
0.428443449155582 0.41130571118936 1.9618855785587
0.422378424456866 0.439273561435141 1.88247653551545
0.416430385332409 0.466402031572298 1.80719978682033
0.410963416096247 0.493156099315497 1.73297305801082
0.405805817510028 0.519431446412837 1.66233034527134
0.401006733267025 0.545369157243155 1.59521012480044
0.396811072100705 0.571407943825016 1.52942093442649
0.392969746967745 0.597314015390972 1.46835399562498
0.389913373509097 0.623861397614556 1.40863204592723
0.387491084687718 0.650985022275367 1.35342925388562
0.386199912645684 0.679711846256403 1.30137332489924
0.386418860998626 0.711010704237472 1.25510207390853
0.389565654781364 0.74796605718022 1.21774086620362
0.39970038451666 0.79940076903332 1.2001922484024
0.413588950166076 0.860265016345439 1.19292648284758
0.419199141241385 0.905470145081391 1.15951113719277
0.420525613517748 0.941977374279756 1.11347995059401
0.41998437123289 0.974363741260306 1.06208059068421
0.418388768202687 1.00413304368645 1.00884368359895
0.416264732554335 1.03233653673475 0.954175455309485
0.413790356690071 1.05930331312658 0.8992546298672
0.411133703360141 1.08539297687077 0.844130139270473
0.408299242504755 1.11057393961293 0.790257919237601
0.405519300170251 1.1354540404767 0.735347123738155
0.402638892361582 1.15960001000135 0.682476535515453
0.399807210589805 1.18342934334582 0.629984583498728
0.397092608010414 1.20716152835166 0.577206768355788
0.394416266677548 1.23057875203395 0.525834774512279
0.391774605040565 1.25367873612981 0.476304285654512
0.389374211904489 1.27714741504673 0.425565113711795
0.387065933007913 1.30054153490659 0.376459611220718
0.38491284989084 1.32410020362449 0.328379063769625
0.383042355318397 1.34830909072076 0.27994877151946
0.381376197582004 1.37295431129522 0.233103600902115
0.380102885862453 1.39877861997383 0.186305009712998
0.379337198880625 1.42630786779115 0.139981425394241
0.379445540653203 1.4570708761083 0.0935007227516844
0.38122221805369 1.49439109477046 0.0474486632413619
0.398869028151612 1.59547611260645 5.75503305150519e-06
0.55586779755404 3.2069296012742e-06 3.15384965991965
0.488389980784145 0.0375684600603189 2.7139289556375
0.468144208977707 0.0720221859965703 2.54556206324123
0.459742885486331 0.106094512035307 2.44493479604798
0.462020967914638 0.142160297819889 2.40262544192315
0.471661769203405 0.18140837277054 2.3983483987571
0.476186362547925 0.219778321175965 2.36668338241291
0.474107061112966 0.255288417522366 2.30260906460063
0.468815581404997 0.288501896249229 2.22476569473555
0.462386891729196 0.320114001966366 2.14114200348169
0.455488867246411 0.350376051728009 2.05692051109955
0.448512903240051 0.379510918126197 1.9744348862882
0.441832487440561 0.407845373022056 1.89313304012566
0.435352785092762 0.435352785092762 1.81559783182874
0.429220246208963 0.462237188225037 1.74131597740813
0.42357735846071 0.488743105916204 1.66930582269635
0.418457508796099 0.515024626210583 1.59966428632695
0.413795891849787 0.541117704726644 1.53360110296797
0.409638148908337 0.567191283103851 1.47123248565145
0.406226129331614 0.593715112100052 1.41119076234812
0.403595290993079 0.620915832297044 1.35488366199904
0.402065477589741 0.649490386875736 1.30252809675443
0.402124968047244 0.680519176695337 1.25590624806181
0.405336768527202 0.717134282778896 1.21793775644506
0.415644719427467 0.767344097404555 1.20021280504875
0.430132508172719 0.827177900332152 1.19292648284758
0.435833489789192 0.871666979578384 1.15951113719277
0.437176084080103 0.907981097704829 1.11295421536514
0.436497062031112 0.940147518220857 1.06139511700956
0.434731027881915 0.969784600659657 1.00802895623993
0.432424218113683 0.997902041800807 0.953254755521006
0.429761187825347 1.02481514019891 0.898248735759688
0.426915969344792 1.05087007838718 0.843056624693713
0.423972686193877 1.07623835726138 0.788008174303164
0.420932037378733 1.10089917468284 0.734184864359901
0.417872638982109 1.12504172033645 0.681290375417667
0.414868893564364 1.14886770525516 0.628786360136512
0.411991282268154 1.17259057260936 0.576007894125122
0.409157641840529 1.19599926076462 0.524646303586036
0.406437420023362 1.21931226007008 0.473968985091415
0.403824026925386 1.24253546746273 0.424429232330369
0.401382968185645 1.26590013043165 0.375366027112884
0.399105871140619 1.28941896830046 0.32733847044515
0.39705472692745 1.3133348659908 0.27994877151946
0.395357546556745 1.33813323449975 0.232207144855296
0.394000069457796 1.36384639427698 0.185502654053675
0.393170776254222 1.39121966982263 0.139292221970586
0.393182538683429 1.42150610139394 0.0935007227516844
0.39505760757409 1.45867424335049 0.0470843543525644
0.413244475158625 1.55761379098251 5.75503305150519e-06
0.572490709362119 3.18050394090497e-06 3.06464481274232
0.504144744985069 0.0373440551840792 2.64124502876785
0.485961037400977 0.0719942277631078 2.49023950766407
0.482016852602801 0.107114856133956 2.41426022696564
0.49027086679047 0.145265442011991 2.3999908617483
0.497713146609363 0.184338202447912 2.38225913379638
0.496964826317543 0.220873256141131 2.32408969140057
0.491717530675156 0.254964645535266 2.24584446311042
0.484706941329569 0.287233743010115 2.16057552739954
0.477014363669705 0.318009575779803 2.07473886682536
0.46940013941538 0.347703806974356 1.98913350340454
0.461973874522837 0.376423157018608 1.90610693811944
0.454860049748417 0.404320044220815 1.826389493355
0.448189255288788 0.431589653241055 1.7496730582989
0.44198201530219 0.458351719572642 1.67630428565451
0.436267724925592 0.484741916583991 1.60637436458551
0.431187707357516 0.511037282794093 1.53885452659084
0.426669956988894 0.537288093986015 1.47509150876589
0.42285781148872 0.563810415318293 1.41462625004448
0.419888168523069 0.590953718662097 1.35781455792856
0.41808867340876 0.619390627272237 1.30486024784061
0.418059029163781 0.650314045365882 1.25712587456862
0.421129940073614 0.686285828268112 1.21873933848044
0.431684240513028 0.735462039392566 1.20025820329962
0.446773887264169 0.794264688469635 1.19314038877928
0.452735072540696 0.83839828248277 1.15951113719277
0.453990548852415 0.874352168160206 1.11295421536514
0.453156589310538 0.906313178621076 1.06139511700956
0.451292187514058 0.936013425955084 1.00721246983306
0.448786231408456 0.964059311914461 0.95233246421319
0.445919340031008 0.990931866735573 0.897241455479855
0.442871476695057 1.01696413167013 0.841981954815325
0.439729283315002 1.04232126415408 0.786881937118249
0.436492906134111 1.06698265943894 0.733021949789838
0.433243323466728 1.09113133317546 0.680103815696221
0.430057146225448 1.11496297169561 0.627587994786728
0.427006925090293 1.13868513357411 0.574809138251699
0.424007057910716 1.16209341797752 0.523458203299616
0.421052957237419 1.18518610185348 0.473968985091415
0.418365858247556 1.20861247938183 0.423294201419629
0.41578482679555 1.23195504235719 0.374273517152425
0.413377006918316 1.25544128027044 0.326299158801545
0.411206290911941 1.27930846061493 0.278974362080473
0.409404925667652 1.30403050397845 0.231312329064862
0.40795784225416 1.3296403747543 0.18470207390853
0.407059875004927 1.35686625001643 0.138604882990436
0.40703456398429 1.38693258839091 0.092952494549873
0.408871470877826 1.42347845416725 0.0470843543525644
0.427659413918004 1.52056680504179 5.75503305150519e-06
0.588871741543982 3.15467004402025e-06 2.97600789412512
0.520773364109727 0.037198097436409 2.57445698054657
0.506005142786791 0.0722864489695416 2.44528874681561
0.508521715478598 0.108968939031128 2.40107284618474
0.51889436414181 0.148255532611946 2.39442827874797
0.520573630828741 0.185919153867407 2.34726785271376
0.515579968817111 0.220962843778762 2.27082164698426
0.508088015775757 0.254044007887878 2.1836458238201
0.499606239159541 0.285489279519738 2.09522275249564
0.491157113382921 0.315743858603306 2.00701106689792
0.48294352547411 0.344959661052936 1.92135799393255
0.475063312809937 0.373264031493522 1.8395645506585
0.467631570490156 0.400827060420133 1.7616323243811
0.460887520348471 0.427966983180723 1.68566923678582
0.45460844949862 0.45460844949862 1.61424520295645
0.448936182562736 0.481003052745788 1.54626098542337
0.444008492063492 0.507438276643991 1.4809246520339
0.439852684389188 0.534106831044013 1.41895873471935
0.436500141634481 0.561214467815762 1.36151946809242
0.434495600104558 0.5896726001419 1.3072225505271
0.434150375175163 0.620214821678805 1.25919435255969
0.437147641574739 0.655721462362108 1.21977315818183
0.447636717798041 0.703429127968351 1.20036743976471
0.463525773031207 0.761506627122698 1.19355540846173
0.469744085793927 0.805275575646731 1.16016971118205
0.470988687139878 0.841051227035496 1.11347995059401
0.470073759110428 0.872994124062224 1.06139511700956
0.468006712977542 0.902584375028116 1.00721246983306
0.465284959120208 0.930569918240417 0.95233246421319
0.462198851922112 0.957411907552946 0.897241455479855
0.458934228656818 0.983430489978895 0.841981954815325
0.455580155441809 1.00878462990686 0.786881937118249
0.45213610967501 1.03345396497145 0.733021949789838
0.448768763125243 1.0578120845095 0.678916862140224
0.445388844726853 1.08165862290807 0.626389493355001
0.442074525547147 1.10518631386787 0.574809138251699
0.438899856844331 1.12859963188542 0.523458203299616
0.435856258906018 1.15190582710876 0.472802256263504
0.432935848074606 1.17511158763107 0.423294201419629
0.430208088410868 1.19843681771599 0.374273517152425
0.427739022821229 1.22211149377494 0.325261133174637
0.425441986447465 1.24593724602472 0.278001427412208
0.423456332767581 1.27036899830274 0.231312329064862
0.421914703660731 1.29588087552939 0.18470207390853
0.420943510202376 1.32296531777889 0.138604882990436
0.420876961248581 1.3528188040133 0.092952494549873
0.422737782665313 1.3889955716146 0.0470843543525644
0.44212452990277 1.48427520753073 5.75503305150519e-06
0.605217997341441 3.13043791723143e-06 2.88919048709852
0.538861739803462 0.0371628786071352 2.51449040390554
0.52941931030229 0.0730233531451435 2.41443132378729
0.538709741626584 0.111457187922742 2.39979764696771
0.544684708202661 0.150257850538665 2.37062744764122
0.540750407434508 0.186465657736037 2.29862667510076
0.532766462698564 0.220455088013199 2.21046785271376
0.523426543607663 0.252688676224389 2.1190753479661
0.514005609026213 0.283589301531704 2.02790826089352
0.504792159519058 0.313319271425622 1.93998949844575
0.496104136656414 0.342140783900975 1.85510403348207
0.488016373996126 0.370219318203957 1.773610506645
0.480382566224818 0.397557985841229 1.69742547489432
0.473565148528963 0.424575650405277 1.62329420141963
0.467329626539176 0.451214811830929 1.55372631616303
0.461926417519175 0.477854914675008 1.48681061894511
0.457262145019246 0.504565125538478 1.42421319772399
0.453583432939352 0.531787473101309 1.36527009345511
0.451124271274675 0.560016336754769 1.3108225505271
0.450525302973576 0.590343500448135 1.26173582305992
0.453316899543203 0.625264689025108 1.22128081143549
0.463699419078162 0.671564675906303 1.20054237558286
0.480403048560789 0.728887384023267 1.19414654650568
0.486973207353169 0.77244025993951 1.16114498265153
0.48819210485846 0.808042104593314 1.11452581153131
0.487181870630153 0.839968742465781 1.06208059068421
0.484892300329828 0.869462055763831 1.00802895623993
0.482029655957231 0.897572462816912 0.95233246421319
0.478705953776473 0.924397703844224 0.897241455479855
0.475298009513665 0.95059601902733 0.84090613432011
0.471626113175002 0.97577816518966 0.786881937118249
0.468047636620398 1.00065356794706 0.731858385583703
0.464381141104684 1.02484113898965 0.678916862140224
0.460881441596019 1.04890259121853 0.625190861748301
0.457369875788057 1.07245350184786 0.573610506644999
0.454008770670867 1.09588323955037 0.52227047945733
0.450788705042973 1.11919954355497 0.471636149197888
0.447701038714163 1.14240954706373 0.422160026260118
0.444817146461448 1.16572769417483 0.373182086200213
0.442126592628029 1.18916807672366 0.325261133174637
0.439774232827962 1.21317029745645 0.277029971195377
0.437668903011003 1.23754655334146 0.230419156440526
0.436025581882043 1.26297065096868 0.183903271257207
0.434974505478859 1.28992439555799 0.137919409315789
0.434860557151634 1.31957686308082 0.0924061440141342
0.436739727543893 1.35539915444656 0.0467217777323308
0.456650472883432 1.44868425880261 5.75503305150519e-06
0.621519776394577 3.10759888195128e-06 2.80637436458551
0.558844912069829 0.037256327471322 2.46434233539053
0.557618111486004 0.0743490815314672 2.40107284618474
0.568256020806259 0.113651204161252 2.39067368383697
0.567072938305354 0.151219450214761 2.32978544207144
0.558994007717156 0.186331335905719 2.2414481257658
0.54873756101532 0.219495024406128 2.14676547368538
0.538109030255383 0.251117547452512 2.05267610663397
0.527881597059377 0.281536851765001 1.96073990641399
0.518166236326627 0.310899741795976 1.87297638972963
0.509128262361407 0.339418841574271 1.7892007194654
0.500705176418974 0.367183796040581 1.71041521968054
0.493118241388742 0.394494593110994 1.6346821452975
0.486347505384465 0.421501171333203 1.56232818384844
0.480274019605314 0.448255751631626 1.49473933848044
0.475146503951603 0.475146503951603 1.43041915644053
0.470977281099842 0.502375766506497 1.3705974157255
0.468116895694267 0.530532481786836 1.31510830831802
0.467222080280495 0.560666496336594 1.26478310274778
0.469659891221319 0.594902528880337 1.22332450984155
0.479785640183588 0.63971418691145 1.20084243452512
0.497318741617234 0.696246238264127 1.19496474396779
0.504345747498872 0.739707096331678 1.16273704476978
0.505624719905013 0.775291237187688 1.11608059068421
0.504502541248981 0.80720406599837 1.06344593876104
0.502066521843224 0.836777536405374 1.00884368359895
0.498951020900403 0.864848436227366 0.953254755521006
0.495465933367786 0.891838680062016 0.897241455479855
0.491715244989448 0.917868457313635 0.841981954815325
0.487889082594829 0.943252226350005 0.786881937118249
0.484075758824487 0.968151517648975 0.731858385583703
0.480269469294883 0.992556903209425 0.67772952054267
0.476465185599663 1.01645906261261 0.625190861748301
0.472745191308962 1.04003942087972 0.573610506644999
0.469187390018859 1.06349141737608 0.52227047945733
0.465781422885848 1.08682332006698 0.471636149197888
0.462517809257721 1.11004274221853 0.422160026260118
0.459469781015966 1.13335879317272 0.373182086200213
0.456706929369628 1.15699088773639 0.324224397887564
0.454135879474569 1.18075328663388 0.277029971195377
0.451904596590069 1.20507892424018 0.230419156440526
0.450153814598792 1.23042042657003 0.183903271257207
0.449017566871345 1.25724918723977 0.137919409315789
0.448851419656383 1.28670740301497 0.0924061440141342
0.450744741503386 1.3221845750766 0.0467217777323308
0.471247920084334 1.413743760253 5.75503305150519e-06
0.638227135130333 3.08819581511841e-06 2.72733847044515
0.581947036360936 0.0375449700878023 2.42649068761011
0.589632263544613 0.0760815823928531 2.39979764696771
0.594300049494342 0.115025816031163 2.36242195848654
0.586977942233846 0.151478178640993 2.27732995401322
0.575821519095825 0.185748877127685 2.1792964775771
0.563883449410422 0.218277464287905 2.08093977303436
0.552395927574539 0.24946912858205 1.98462675928172
0.541352738256202 0.279407864906427 1.89431488648187
0.531271010588807 0.30847994163221 1.80719978682033
0.52201430842331 0.336783424789232 1.72464630358604
0.513508275353007 0.364425227669876 1.64730136625273
0.505968580086301 0.391717610389394 1.57318208620021
0.499245107799183 0.418721703315443 1.50376720695261
0.493457865241754 0.445703878282874 1.43851661758709
0.488845902042698 0.47307667939616 1.37679435255969
0.485524741004731 0.501186829424239 1.32011934973146
0.484284894212176 0.531151174297226 1.2683748231154
0.486313674483879 0.564751363916762 1.22573722746853
0.49601532154445 0.608018781248036 1.20130582269635
0.514282242999506 0.663589990967104 1.19593350340454
0.521987017026551 0.707208216616617 1.1645928551447
0.523418320251232 0.742916325517879 1.11761857460576
0.522163117206635 0.774822690048555 1.06480381573226
0.519459463764372 0.804324330989996 1.01046785271376
0.516168268367375 0.83252946510867 0.954175455309485
0.512407570099453 0.859522375650695 0.898248735759688
0.508482065835066 0.885742953390115 0.841981954815325
0.504392314953432 0.911160310883619 0.786881937118249
0.500326783973529 0.936095273240795 0.731858385583703
0.496278451604713 0.960538938589766 0.67772952054267
0.492241224200015 0.98448244840003 0.625190861748301
0.488388793830611 1.00828654210191 0.572412005213273
0.484620576379932 1.0317728400347 0.521083137859778
0.48092904723026 1.05494113585993 0.471636149197888
0.477564626482218 1.07837173721791 0.421026712123928
0.47434149779779 1.10169638198196 0.372091739106476
0.471334452718168 1.12512095164982 0.324224397887564
0.468614587735644 1.14886156993255 0.277029971195377
0.466330851974044 1.17334859528953 0.229527629875784
0.464464399122688 1.19861780418758 0.183106248061808
0.463156104023471 1.2251225977395 0.137919409315789
0.463010019686295 1.25460779527899 0.0918616706149697
0.46483385401736 1.28953907888687 0.0467217777323308
0.485927637348698 1.37940748666727 5.75503305150519e-06
0.655809885470569 3.074108838123e-06 2.65230275323694
0.609871131427462 0.0381169457142164 2.40486428632695
0.620890036319741 0.0776112545399676 2.39067368383697
0.616757271372021 0.115641988382254 2.31863457796794
0.604922467520644 0.151230616880161 2.21848245220064
0.591638916085336 0.184887161276668 2.11417400961088
0.5784722064383 0.216927077414363 2.01365060243074
0.566123240702579 0.247678917807378 1.91784697437247
0.554689625381531 0.277344812690765 1.82758799478673
0.544236673874836 0.306133129054595 1.74250902589505
0.534894800082624 0.33430925005164 1.66117008473802
0.52630529720391 0.361834891827688 1.58634939756926
0.518943620577618 0.389207715433213 1.5139289556375
0.512516236672051 0.416419442296042 1.44674524447899
0.507260809115925 0.443853207976434 1.38390327125721
0.503408089707801 0.471945084101064 1.32590072275168
0.501648639462482 0.501648639462482 1.27302925388562
0.503207682210946 0.53465816234913 1.22883452631462
0.512301638840805 0.576339343695905 1.20205313559223
0.531306309226592 0.630926242206579 1.19696059327736
0.539930261958001 0.674912827447501 1.16668338241291
0.541396388438546 0.710582759825591 1.12014462229254
0.539987304754478 0.742482544037408 1.06749713172216
0.537200252265962 0.77222536263232 1.01208496043201
0.533609639166441 0.800414458749661 0.956012067683467
0.52965165656329 0.827580713380141 0.8992546298672
0.52543503919359 0.853831938689583 0.843056624693713
0.52116063207704 0.879458566630004 0.786881937118249
0.516726982485726 0.904272219350021 0.733021949789838
0.512420569494824 0.928762282209367 0.678916862140224
0.508229531306307 0.952930371199325 0.625190861748301
0.504143271050954 0.976777587661222 0.572412005213273
0.500152295856301 1.0003045917126 0.521083137859778
0.496337797117602 1.02369670655505 0.470470669481819
0.492688299871879 1.04696263722774 0.421026712123928
0.48928055286554 1.07030120939337 0.372091739106476
0.486101408556475 1.09372816925207 0.324224397887564
0.483308544315924 1.11765100873058 0.276059997096104
0.480800288690339 1.14190068563955 0.229527629875784
0.478811403899141 1.16710279700415 0.183106248061808
0.477483419766468 1.19370854941617 0.137235801790238
0.477193307386639 1.22280785017826 0.0918616706149697
0.479097626025189 1.25763126831612 0.0463609310373883
0.500700539397294 1.34563269963023 5.75503305150519e-06
0.674523309391195 3.06601504274617e-06 2.58310624806181
0.643073320352907 0.038974140627449 2.40000270795752
0.648466012426806 0.0786019409002191 2.36210521192048
0.636834607998775 0.115788110545232 2.26412581153131
0.621821412032486 0.150744584735148 2.15417545530949
0.606723023576621 0.183855461689885 2.0473437045143
0.592480606485508 0.215447493267458 1.94693246440232
0.579568780429347 0.245877664424571 1.85152160130498
0.567745083082105 0.275270343312536 1.76282938859792
0.557201413063169 0.303928043489002 1.67864200606746
0.547773589019644 0.331983993345239 1.59966428632695
0.539365208015156 0.359576805343437 1.52629915880154
0.532181988557004 0.387041446223276 1.4569772748991
0.526181698748585 0.414567399014036 1.39278753016694
0.521838576527064 0.442772125538115 1.33250286827784
0.519481767308695 0.472256152098813 1.27836206324123
0.52038069731995 0.504611585279951 1.23273394401216
0.528781279982124 0.544804955133097 1.2031651137118
0.54840780450787 0.59826305946313 1.19794686440777
0.558098857920256 0.642659290938476 1.16925475552101
0.559806969966801 0.678553902990061 1.12262419876203
0.558326407824507 0.7105972463221 1.06949746285423
0.555217799761383 0.740290399681843 1.01449734594632
0.551405941190317 0.768626463477412 0.957842276202769
0.54722963681105 0.795970380816073 0.900259133796381
0.542696488435387 0.822267406720283 0.844130139270473
0.53811917863069 0.847945372387753 0.788008174303164
0.533491329719468 0.872985812268221 0.733021949789838
0.528906042254751 0.897537526250486 0.678916862140224
0.524451295609264 0.921762883192038 0.625190861748301
0.520019710439858 0.945490382617924 0.573610506644999
0.515886420017348 0.969241152759865 0.521083137859778
0.511848353277527 0.992675594235204 0.470470669481819
0.507988159125804 1.01597631825161 0.421026712123928
0.504384224732957 1.03933719035882 0.372091739106476
0.50102230572938 1.06277458791081 0.324224397887564
0.498064278826128 1.08668569925701 0.276059997096104
0.495404758534601 1.11090764035032 0.229527629875784
0.493285085360901 1.13605049961904 0.183106248061808
0.491850481913309 1.16255568452237 0.137235801790238
0.491488645284373 1.19148762493181 0.0918616706149697
0.493389982617452 1.2259993507464 0.0463609310373883
0.51557775018743 1.31237972774982 5.75503305150519e-06
0.695109257100144 3.0666584871638e-06 2.52075420176688
0.678186754717321 0.0398933385127836 2.39677076766963
0.672108198406611 0.0790715527537188 2.31761857460576
0.65512867102906 0.115610941946305 2.20310372746969
0.637626282645213 0.15002971356358 2.08811422293928
0.621207069704427 0.182707961677773 1.98010573572535
0.606201238642042 0.21395337834425 1.88010381569622
0.592875428697174 0.244125176522366 1.78560170534645
0.580804119531054 0.273319585661673 1.69860395969913
0.570168724675581 0.301854030710602 1.61650217095571
0.560792290844611 0.329877818143889 1.53990892865323
0.552702817422158 0.357631234802573 1.46835399562498
0.54596057581499 0.385383935869405 1.40188435435256
0.540774111670281 0.41353314421845 1.340672492381
0.537730340140632 0.442836750704051 1.28495406123895
0.538126064383437 0.474817115632444 1.23694952641781
0.545492061823756 0.513404293481183 1.2047802509338
0.565488495136956 0.565488495136956 1.19883101490858
0.576524296413934 0.610437490320637 1.1722227251009
0.578467502181713 0.646522502438384 1.12601778083855
0.57689406284458 0.678698897464211 1.07279385598587
0.57365502238629 0.708632674712475 1.01689375193819
0.569594752669619 0.737122621101861 0.959666055987835
0.565067398165004 0.764502950458535 0.902263955164345
0.560191135716549 0.790858073952775 0.846273683836966
0.555286969806468 0.81659848500951 0.790257919237601
0.55044958734142 0.841864074757466 0.734184864359901
0.545565666587731 0.866486646933456 0.680103815696221
0.540829311454036 0.890777689453706 0.626389493355001
0.536226750923929 0.914739751576114 0.573610506644999
0.53174570868804 0.938374780037719 0.52227047945733
0.527470567929963 0.961858094460521 0.471636149197888
0.523481318613872 0.985376599743758 0.421026712123928
0.51966859517941 1.00876844946591 0.372091739106476
0.516203660344169 1.03240732068834 0.323188957250726
0.512978452611665 1.05613210831813 0.276059997096104
0.510157831836536 1.08033423212443 0.229527629875784
0.507898341782497 1.10542580270308 0.183106248061808
0.506348853732449 1.13183861422547 0.137235801790238
0.505907808358766 1.1606120309407 0.0918616706149697
0.507799656014764 1.19482272003474 0.0463609310373883
0.530570664337731 1.27961160222629 5.75503305150519e-06
0.718104726690425 3.07759168579369e-06 2.4683748231154
0.709671900631995 0.0405526800361141 2.37667549015845
0.692954865352736 0.0791948417545984 2.26276419820976
0.672104597664177 0.115217931028145 2.13830931238989
0.652638624422767 0.149174542725204 2.02135001761795
0.635234182432486 0.181495480694996 1.91315756547488
0.619784127355158 0.212497415093197 1.81319868643409
0.60604038114998 0.242416152459992 1.72108313785978
0.593869897901217 0.271483381897699 1.63582544192315
0.583285821189593 0.299975565183219 1.55586986072953
0.574099659750609 0.328056948428919 1.481901999914
0.566468632076209 0.356065997305045 1.41290510524258
0.560437806753963 0.384300210345575 1.34982551343397
0.556726694357613 0.413568401522798 1.29186167061497
0.556272959256163 0.44501836740493 1.24216482868469
0.56247992853344 0.482125653028664 1.20707351715242
0.582439758814826 0.532516350916413 1.19951488648187
0.595244202259204 0.578237225051798 1.17548801743376
0.597531312399178 0.614603635610583 1.12978544207144
0.595836617025001 0.646908327055716 1.07668757783909
0.59244173522706 0.677076268830926 1.0200640115336
0.58810360495282 0.705724325943384 0.962389617989538
0.583192088959704 0.733155768977913 0.905260661519564
0.578052941671452 0.759726723339623 0.848412551265282
0.572901449636693 0.785693416644608 0.791381416626564
0.567727020238351 0.811038600340502 0.735347123738155
0.562520860168224 0.835745277964218 0.681290375417667
0.557481485847803 0.860114292450896 0.627587994786728
0.552593156933934 0.884149051094295 0.574809138251699
0.547941619775185 0.908017541341736 0.52227047945733
0.543411660033489 0.931562845771695 0.471636149197888
0.539185868608955 0.955129252964436 0.421026712123928
0.535150604696684 0.978561105731081 0.372091739106476
0.531387293955403 1.00204461145876 0.324224397887564
0.528066054159067 1.02595690522333 0.276059997096104
0.52507366830405 1.0501473366081 0.229527629875784
0.522664592274573 1.07519573267912 0.183106248061808
0.520991295303003 1.10152445292635 0.137235801790238
0.520462979415387 1.13014818387341 0.0918616706149697
0.522338352412498 1.16406832823357 0.0463609310373883
0.545691010575842 1.24729373845907 5.75503305150519e-06
0.745541054112029 3.10642105874056e-06 2.4280392459227
0.736643819446593 0.0409246566359219 2.3378342848315
0.711853382335702 0.0790948202595225 2.20144799330472
0.688076918366458 0.11467948639441 2.07162093623038
0.667179190716738 0.148262042381497 1.95384965991965
0.648956411224509 0.180265669784586 1.84674149842124
0.633065006626701 0.211021668875567 1.74847839869502
0.619216184548379 0.240806293991037 1.65769338932009
0.607095654625287 0.269820290944572 1.57427351715242
0.596561027137849 0.298280513568924 1.49773604483566
0.587851376655503 0.326584098141946 1.42597804151346
0.580958406876049 0.355030137535364 1.36003200821002
0.576319515918535 0.384213010612357 1.30022608655443
0.574893292199156 0.415200711032724 1.24855200669528
0.579931111501221 0.451057531167616 1.21012389336603
0.599400086716414 0.499500072263678 1.19989097410495
0.614176931750836 0.545935050445188 1.17915718956664
0.616925362039322 0.582651730814915 1.13432990654489
0.615321629640979 0.615321629640978 1.08051362036293
0.611617857663273 0.645596627533455 1.02398657014187
0.606967564883974 0.674408405426637 0.965998305720581
0.601749990457655 0.70204165553393 0.908244642634479
0.596319360083279 0.728834773435118 0.850546704490541
0.590783682145932 0.754890260519802 0.793625635414496
0.585245050039361 0.780326733385814 0.73766965472866
0.579800005000678 0.805277784723163 0.682476535515453
0.574433852627582 0.829737787128729 0.628786360136512
0.569342566787057 0.854013850180586 0.574809138251699
0.564299815942712 0.877799713688662 0.523458203299616
0.559599771777484 0.901577410085946 0.471636149197888
0.555021371109265 0.925035618515442 0.422160026260118
0.550848190990982 0.94868299559558 0.372091739106476
0.546864084626034 0.972202817112951 0.324224397887564
0.543342849628504 0.996128557652256 0.276059997096104
0.540167116062215 1.02031566367307 0.229527629875784
0.537597866339561 1.04532918454915 0.183106248061808
0.535791108777982 1.07158221755597 0.137235801790238
0.535166823649092 1.10006513750091 0.0918616706149697
0.53701820904401 1.1337051079818 0.0463609310373883
0.560950918188699 1.21539365607551 5.75503305150519e-06
0.779328496314601 3.15943984992194e-06 2.40503525603221
0.760141121649787 0.041088709278367 2.28550959609446
0.729316596325126 0.0788450374405543 2.13641315218976
0.703380677538073 0.11406173149266 2.00367779949958
0.681408885468797 0.147331650912172 1.88603256023529
0.66253394175561 0.179063227501516 1.78080404207929
0.646360920822541 0.209630568915419 1.68449659895625
0.63240537057954 0.239288518597664 1.59632220050042
0.620489367275289 0.268319726389314 1.51495255257643
0.610297754178608 0.296901610140944 1.44124502876785
0.602353784277063 0.325596640149763 1.37213582305992
0.5966227678355 0.354748672767054 1.31021783818851
0.594213702149356 0.38543591490769 1.25590624806181
0.597928782010343 0.420166171142404 1.21409044615371
0.616001884704796 0.466163588425251 1.19999901308826
0.633363956032629 0.513538342729158 1.18303279304739
0.636825922116432 0.550768365073671 1.13911854254541
0.635161141400573 0.583661589395121 1.08550959609446
0.631353262968903 0.614289661267041 1.02786417694008
0.626348315347684 0.643276648194918 0.969580843559475
0.620787120932751 0.67112121181919 0.911215793341044
0.615031888996513 0.698144306428474 0.852676106633971
0.609075852612932 0.724306419323486 0.795866118544365
0.603140592078228 0.749850465826986 0.73998949844575
0.597434054993516 0.775049584856453 0.683662290204418
0.591714671672911 0.799614421179609 0.629984583498728
0.586295286304681 0.823982564536307 0.576007894125122
0.581046708988759 0.848014115821432 0.523458203299616
0.575952913554381 0.871712517812036 0.472802256263504
0.571204773531863 0.895402077428327 0.422160026260118
0.566679396586358 0.918939562031932 0.373182086200213
0.56256047582491 0.942668905436336 0.324224397887564
0.558825504365288 0.966617088631849 0.276059997096104
0.555453820175158 0.990809517069202 0.229527629875784
0.552712901351541 1.01579668356499 0.183106248061808
0.550762226463174 1.04198259060601 0.137235801790238
0.550032568750456 1.07033364729818 0.0918616706149697
0.551851867680667 1.10370373536133 0.0463609310373883
0.576362987508044 1.1838807310976 5.75503305150519e-06
0.820511418943832 3.23886086418576e-06 2.4000007194654
0.780871877465349 0.0410985198665974 2.22554301945343
0.745890146705697 0.0785147522848102 2.06849150971951
0.718180960370722 0.113396993742745 1.93534712373815
0.695318024741236 0.146382742050786 1.81919595792071
0.676134490889864 0.177930129181543 1.7151523662966
0.659838807056732 0.208370149596863 1.62102671212393
0.645928263372055 0.23797357071602 1.5356987372501
0.634212610275035 0.267036888536857 1.45791685954815
0.62481360441498 0.295964338933411 1.386305009713
0.61792764578114 0.325225076726916 1.32139093539937
0.614362139718553 0.355683344047583 1.26434233539053
0.616574384775581 0.389415400910893 1.21914859730635
0.632659532965083 0.432872312028741 1.2000323243811
0.652721918924348 0.480952992891624 1.18706152955485
0.657170185099379 0.518818567183721 1.14449672874279
0.655665348391933 0.552139240751101 1.09038498923325
0.651457381368742 0.582882920172033 1.03321689725222
0.646178323810275 0.612168938346576 0.97402195848654
0.640232015588474 0.640232015588474 0.915157189566639
0.633995168886757 0.667363335670269 0.856920511099546
0.627700802851073 0.693774571572238 0.799219749066202
0.621450961298364 0.719574797292842 0.742306610679911
0.615342493247981 0.744888281300187 0.68603256023529
0.609354796024267 0.76971132129381 0.631182658969156
0.60358076417583 0.794185216020829 0.577206768355788
0.597999630382311 0.818315283681058 0.524646303586036
0.592593050926738 0.842105914474838 0.473968985091415
0.587555793815536 0.865871696149211 0.423294201419629
0.582863847087415 0.889634292922896 0.373182086200213
0.578495443868195 0.913413858739256 0.324224397887564
0.574430784966273 0.937229175471288 0.277029971195377
0.570950342819777 0.961600577380678 0.229527629875784
0.568025249809522 0.986570170721801 0.183106248061808
0.565919307112737 1.0126977074649 0.137235801790238
0.565074091936706 1.04092595883077 0.0918616706149697
0.5668525539909 1.07403641808802 0.0463609310373883
0.591940365548801 1.15272597501609 5.75503305150519e-06
0.86402468273774 3.3231718566902e-06 2.39593350340454
0.799819697805057 0.0410163947592337 2.16057552739954
0.761744874604985 0.078127679446665 1.9992197490662
0.732651538692659 0.112715621337332 1.86702694198918
0.709077824924546 0.145451861522984 1.75325850157876
0.689586986507295 0.176817176027512 1.65191284811967
0.673339502796516 0.207181385475851 1.56017083209578
0.659636649162943 0.236792643289262 1.47800142741221
0.648589597319335 0.266088039925881 1.40272177773233
0.640288889425654 0.295517948965686 1.33452004940599
0.635351701576195 0.32582138542369 1.27446146987938
0.635993454959479 0.358765538695091 1.22548913555985
0.649571504108962 0.3997363102209 1.20044926351896
0.672162628804349 0.4481084192029 1.19105662469371
0.678028216231774 0.486789488576659 1.1503289767198
0.676649610829695 0.520499700638227 1.09630959609446
0.672244655854031 0.551585358649462 1.03848053190758
0.666511482387242 0.581061292337596 0.979296477577101
0.660258399095585 0.609469291472847 0.919075347966103
0.653612305346676 0.636853015465992 0.860091071346768
0.64693838015833 0.663526543752133 0.80145071366786
0.64021757032514 0.689465075734765 0.744620947329467
0.633670386519783 0.714910179663346 0.688401139310026
0.627272223694146 0.739859545895659 0.633578342625107
0.62111584173567 0.764450266751593 0.579604848245155
0.615289376016975 0.788832533355097 0.525834774512279
0.609656130035042 0.812874840046723 0.473968985091415
0.604306239690913 0.836731716495111 0.423294201419629
0.599218408857995 0.860416176821736 0.374273517152425
0.594584038361832 0.884253185256057 0.325261133174637
0.59037664331694 0.908271758949139 0.277029971195377
0.586674297644765 0.932661703948089 0.229527629875784
0.583551398502077 0.957622807798281 0.183106248061808
0.581277842261183 0.983700963826618 0.137235801790238
0.580306015470349 1.01181561671753 0.0918616706149697
0.582034164116783 1.04467670482499 0.0463609310373883
0.607696828037757 1.1219018363774 5.75503305150519e-06
0.90230684193456 3.38365065733495e-06 2.37248314045185
0.817582757883437 0.0408791378941718 2.09218440266171
0.776858092025377 0.0776858092025377 1.93069417730365
0.746782632973544 0.112017394946032 1.8
0.722866779656755 0.144573355931351 1.68801618651692
0.703237189199842 0.175809297299961 1.58966462032561
0.687201076243527 0.206160322873058 1.5007453701328
0.674187766176885 0.23596571816191 1.4207035224229
0.664116293873618 0.265646517549447 1.34911030859943
0.657524830875118 0.295886173893803 1.28599618426774
0.656343953879731 0.328171976939866 1.23331661758709
0.666975716515681 0.366836644083625 1.20186753559768
0.691595309880667 0.4149571859284 1.19470096601376
0.699343338578113 0.454573170075773 1.15680923765188
0.698186616187261 0.488730631331083 1.10317044973363
0.693664870575393 0.520248652931544 1.04438637205055
0.687544588968202 0.550035671174561 0.98451063325816
0.680801439094857 0.578681223230628 0.923940002903896
0.673696160001748 0.606326544001573 0.864301262749898
0.666473443338499 0.633149771171574 0.805900966013757
0.659362976052516 0.659362976052516 0.748087151880333
0.65245910773553 0.685082063122307 0.690767981295122
0.645613407127516 0.710174747840267 0.635973363900819
0.639158858000857 0.735032686700985 0.580804042079291
0.632831351981057 0.759397622377269 0.528212805048749
0.626839368064904 0.783549210081129 0.476304285654512
0.621267733731363 0.807648053850772 0.424429232330369
0.615977521178593 0.8315696535911 0.374273517152425
0.611055746887471 0.855478045642459 0.325261133174637
0.606585148728223 0.879548465655923 0.277029971195377
0.602539462120092 0.903809193180138 0.230419156440526
0.599308902093791 0.928928798245375 0.183106248061808
0.596854274708085 0.954966839532937 0.137235801790238
0.595743812465906 0.982977290568746 0.0918616706149697
0.597411360017369 1.01559931202953 0.0463609310373883
0.623646869229534 1.09138202115169 5.75503305150519e-06
0.934261153579355 3.41802861069774e-06 2.32885456654188
0.834345362394055 0.0406997737753197 2.02244573539555
0.791823005607662 0.0772510249373328 1.86106924665097
0.760951143209052 0.111358703884251 1.73297305801082
0.736686263377607 0.14374366114685 1.62442923233037
0.717268141781316 0.174943449214955 1.52837906376962
0.701605282691078 0.205347887616901 1.44307202601414
0.689444896396025 0.235420208525472 1.36678310274778
0.680991260932171 0.265752687193042 1.29965529180912
0.677828584119316 0.297583280832871 1.24284708228153
0.685311605487462 0.334298344140226 1.20486428632695
0.710779680415297 0.381393974856989 1.19764622428106
0.721206984739323 0.422169942286433 1.16367237012422
0.72050970224012 0.456908591664466 1.11029746285423
0.715664489867768 0.488746480885305 1.05160304578754
0.709226757316034 0.518946407792221 0.990516758333547
0.701924802555877 0.547843748336294 0.929728519575569
0.694301402581738 0.575762138726319 0.869535921945339
0.686731439755058 0.602983703199563 0.809228278747969
0.679055417119204 0.629368435378775 0.75154686440777
0.671629816152553 0.655248601124443 0.694314886481874
0.664419677257459 0.680625035239348 0.638367675618899
0.657515851037834 0.705626766967431 0.583202707957515
0.650886574616606 0.730262986155217 0.529402353032292
0.644504144367815 0.754541437308662 0.477472846184738
0.638573707523362 0.778748423808979 0.425565113711795
0.632950065215824 0.80276593637129 0.375366027112884
0.627720640135221 0.826754013836632 0.326299158801545
0.62296862301236 0.85088397289493 0.278001427412208
0.618773276670728 0.875337806022006 0.230419156440526
0.615210213285015 0.900307629197583 0.183903271257207
0.612561298869752 0.926312208046941 0.137919409315789
0.611403925089131 0.954386614773277 0.0918616706149697
0.612999675373199 0.986779965234905 0.0463609310373883
0.639805801113147 1.06114132867546 5.75503305150519e-06
0.961232113524034 3.43297183401492e-06 2.27213832938503
0.850525059193058 0.0405011932949075 1.95154686440777
0.806428364339384 0.0768027013656558 1.79280021317967
0.774963242051611 0.110709034578802 1.6681416144163
0.750723111891634 0.142994878455549 1.56232818384844
0.731691261744435 0.174212205177246 1.46931198256624
0.716740420186528 0.204782977196151 1.38791503956799
0.706094967081718 0.235364989027239 1.31572809675443
0.700713655429251 0.266938535401619 1.254305009713
0.704788143356336 0.30205206143843 1.2099879982549
0.729304747605373 0.347287975050178 1.19947718436332
0.743583364909479 0.389496048285918 1.17089724676306
0.743445208615476 0.424825833494558 1.11863457796794
0.738480632803754 0.457154677449943 1.059327507619
0.731646776209258 0.487764517472839 0.997278222267669
0.723843197078176 0.51703085505584 0.935462772531474
0.715628685060997 0.545240902903617 0.874738866825362
0.707522980663588 0.572756698632428 0.813650602430736
0.699353517192242 0.599445871879065 0.754999937486517
0.691352178584795 0.625509113957672 0.697857624417143
0.683737259856333 0.651178342720318 0.640761230629969
0.676342048342756 0.676342048342756 0.585601705346452
0.669258341678391 0.70112778652022 0.531782485337045
0.66257390621862 0.725676183001345 0.478642006067454
0.656136824424948 0.749870656485655 0.427839406722643
0.650270767453293 0.774131866015825 0.376459611220718
0.644709484150231 0.798211742281238 0.32733847044515
0.639654230307464 0.822412581823883 0.278974362080473
0.635184499151371 0.846912665535161 0.231312329064862
0.631485325484338 0.872051163764085 0.183903271257207
0.628624593619883 0.898035133742691 0.137919409315789
0.627303897639497 0.92602003937259 0.0918616706149697
0.62881563415806 0.958195252050378 0.0463609310373883
0.656189863874911 1.03115550037486 5.75503305150519e-06
0.985217659065251 3.43680578732771e-06 2.20639422651499
0.866105607934713 0.0402839817644053 1.88129037541767
0.820872734562928 0.0763602543779467 1.72583477451228
0.789207750018206 0.110122011630447 1.60413388145564
0.765357982368574 0.142392182766246 1.5007453701328
0.74687723267488 0.173692379691833 1.41204708228153
0.733322056973166 0.204648015899488 1.33452004940599
0.725191007529605 0.236108700125918 1.2683748231154
0.72584163295634 0.270080607611661 1.2175453701328
0.74705018744011 0.312718683114465 1.19999595792071
0.766291018319875 0.356414427125523 1.178498000086
0.767270592481211 0.392557047315968 1.12744446311042
0.762240889966235 0.425436775795108 1.06749713172216
0.75476386416347 0.456368848098842 1.00557422843967
0.746515257779854 0.486102958554324 0.942083140451848
0.737766337491562 0.514720700575509 0.879909553846286
0.728912573345665 0.542446566210727 0.81915540846173
0.720188889357269 0.56945167995691 0.759593453190354
0.711684848578474 0.595829175554072 0.701396040300869
0.703488054733958 0.621687118136986 0.644350041255624
0.695683664380774 0.647147594772813 0.588000986911737
0.688103212333456 0.672100812046632 0.534163960595028
0.680962681173434 0.696799022596072 0.480982101414992
0.674223304606302 0.721262139811392 0.428977807749224
0.667970164712421 0.745641114097586 0.37755426460445
0.662050101812246 0.76982569978168 0.328379063769625
0.656667432995399 0.794109453854901 0.27994877151946
0.652015251989223 0.818809851335303 0.231312329064862
0.647940437764694 0.843829407321462 0.18470207390853
0.644962197778997 0.869949010957717 0.137919409315789
0.643353701507483 0.897702839312767 0.0924061440141342
0.644769539443435 0.92966770803472 0.0467217777323308
0.672816349815114 1.00140107879459 5.75503305150519e-06
1.00694886777059 3.43278023109662e-06 2.13546277253147
0.881524374179641 0.0400692897354384 1.8107992805346
0.835571211803 0.0759610192548183 1.6588516012429
0.803888415139121 0.109621147518971 1.54096455939224
0.780417545792028 0.141894099234914 1.44215772379723
0.763028600922854 0.173415591118831 1.35781455792856
0.751919450791152 0.205068941124859 1.28495406123895
0.748857264641161 0.238272766022188 1.2277772748991
0.764584953143771 0.278030892052281 1.2001922484024
0.78931179036973 0.322900277878526 1.18590955384629
0.792000977415528 0.360000444279785 1.13696907360804
0.786946494856455 0.393473247428227 1.07668757783909
0.77899791815305 0.424907955356209 1.013694990287
0.770048870371131 0.455028877946577 0.949556073060928
0.76052681034033 0.48397160658021 0.887093304256917
0.751118705649884 0.51212639021583 0.824633972887116
0.741765683467159 0.539465951612479 0.764174558076847
0.732694831245423 0.566173278689645 0.704929979716899
0.723853567884657 0.592243828269264 0.64793688438654
0.715461315138402 0.61789840852862 0.591600338519245
0.707467391210468 0.643152173827698 0.536546732163624
0.699828339184927 0.668017960131066 0.483324526688112
0.69275570498369 0.69275570498369 0.430117038040921
0.685959469628215 0.717139445520406 0.37974675966099
0.679773007171017 0.741570553277472 0.32942093442649
0.674154545360378 0.766084710636794 0.27994877151946
0.669066617249876 0.79071509311349 0.232207144855296
0.664820187377149 0.815915684508319 0.18470207390853
0.661482658889447 0.841887020404751 0.138604882990436
0.659788431540411 0.869721114303269 0.0924061440141342
0.6610922875383 0.901489483006772 0.0467217777323308
0.689703743333636 0.971855274697396 5.75503305150519e-06
1.02719114538871 3.42397048454947e-06 2.06114547340916
0.896776327575191 0.0398567256700084 1.74131597740813
0.850317621032082 0.0755837885361849 1.59409903398624
0.819015482580827 0.10920206434411 1.47994877151946
0.796484267566564 0.141597203122945 1.38550265405368
0.781088396750507 0.173575199277891 1.30603762975016
0.774190709535485 0.206450855876129 1.24115417617991
0.783310732254808 0.243696672257052 1.20235377571894
0.812153517259059 0.288765695025443 1.19270826089352
0.817513573306253 0.327005429322501 1.14765664979086
0.812616540086715 0.361162906705207 1.08735200351421
0.804208615819091 0.393168656622667 1.02320564744031
0.794421357995875 0.423691390931133 0.95875497123215
0.784305545253612 0.45315431503542 0.894211337871521
0.774098354367739 0.48166119827326 0.831172750682386
0.764029254598128 0.509352836398752 0.76988296195908
0.754318534448438 0.536404291163334 0.709634669398203
0.744900857414888 0.562813981157916 0.651521601304981
0.735857866395781 0.588686293116624 0.59520006316497
0.727402942332105 0.614251373524889 0.538930753349034
0.719217084177385 0.639304074824342 0.485669236785817
0.711647565606764 0.664204394566314 0.432397965123591
0.704517487608855 0.688861543439768 0.380844591538271
0.697911837595054 0.713420989541611 0.330464078054662
0.691912198500541 0.738039678400576 0.280924652033898
0.686477155647608 0.762752395164009 0.233103600902115
0.681923197138492 0.788000138915591 0.185502654053675
0.678433125008212 0.814119750009855 0.138604882990436
0.676409402006648 0.841753922497163 0.092952494549873
0.677699577223282 0.873479455087785 0.0467217777323308
0.706871880126501 0.942495840168668 5.75503305150519e-06
1.04618523612107 3.41147359593247e-06 1.98575479704355
0.912086018850761 0.0396559138630767 1.6728022562635
0.865538007922305 0.0752641746019396 1.53046407805466
0.835001684611801 0.108913263210235 1.4207035224229
0.813968431915404 0.141559727289636 1.33183421810247
0.802222524589275 0.174396200997668 1.25877707158352
0.804572602611308 0.209888505029037 1.20857083209578
0.833954270726385 0.253812169351508 1.19784965991965
0.844050671111699 0.293582842125808 1.15884582382009
0.839634784785037 0.328552741872405 1.09862667510076
0.830580162212837 0.361121809657756 1.03397431174856
0.820097222002477 0.392220410522924 0.967792855144704
0.80909391807463 0.422135957256329 0.902263955164345
0.797960834082487 0.451021341003145 0.838751060275128
0.78721908025226 0.479176831457897 0.775570767669632
0.776632841744685 0.506499679398707 0.715503401043754
0.766565146371691 0.533262710519438 0.656297642449704
0.756940425828207 0.559477706046935 0.59880000098696
0.747832448340358 0.585260176962019 0.542509025895047
0.73918099631137 0.610627779561567 0.488016186516916
0.731066286511887 0.635709814358163 0.434682145297504
0.723437368023647 0.6605297708042 0.383043399423904
0.716503871373038 0.685351529139428 0.331508490280492
0.709964618311991 0.70996461831199 0.282880811435486
0.704277401993304 0.734898158601708 0.234001694279419
0.699389309986914 0.760205771724906 0.186305009712998
0.695609834911317 0.786341552508445 0.139292221970586
0.693466294195457 0.81406912796858 0.092952494549873
0.694497785807299 0.845475565330626 0.0470843543525644
0.724342129401306 0.913300945766864 5.75503305150519e-06
1.06445892830126 3.39720934559036e-06 1.9096346693982
0.927684178529038 0.0394759224905972 1.60525365349256
0.881456364993343 0.0750175629781569 1.46835399562498
0.852069675912418 0.108774852244138 1.36451631989447
0.834072116047735 0.141969721880465 1.28136542203206
0.829524371172698 0.17649454705802 1.21977315818183
0.853626161276245 0.217947105006701 1.19993688438654
0.871416420678377 0.259570848712708 1.17062744764123
0.867961007454396 0.29547608764405 1.11136578189753
0.858519683715146 0.328794772486652 1.04511633800096
0.8469657397664 0.360410953092085 0.978421567162509
0.835055303186694 0.390876950427814 0.911215793341044
0.822995696977991 0.420253121861102 0.846273683836966
0.811305897487316 0.44880751775894 0.782368011551571
0.80002824643294 0.476612572343028 0.720188240314714
0.789069791797487 0.503661569232439 0.661069246650966
0.778786333785442 0.530237503853918 0.602399992104334
0.768952099990802 0.556263221269941 0.546089846939276
0.759779187187512 0.581958526356392 0.490365330601796
0.751063981239856 0.607243218874777 0.436969535761083
0.743020485942588 0.632357860376671 0.384144365574427
0.735460275374234 0.657219820547189 0.333601102967969
0.728595552215267 0.682089453137697 0.283861082859649
0.722501046037497 0.707128683355847 0.234901422045145
0.717249112834437 0.732509732256446 0.187109138889329
0.713153933895575 0.758674397761251 0.139981425394241
0.710753050696968 0.786365077366858 0.0935007227516844
0.711739227083624 0.817742941755652 0.0470843543525644
0.742137603765364 0.88424905980554 5.75503305150519e-06
1.08227520382476 3.38211001204018e-06 1.83357834262511
0.943575000140955 0.0393156250058732 1.53990892865323
0.898302835679273 0.0748585696399393 1.40863204592723
0.871268338138381 0.108908542267298 1.3108225505271
0.858830667753166 0.143138444625528 1.23694952641781
0.872156292034344 0.181699227507155 1.20033770979558
0.899294466949264 0.224823616737316 1.1824546298672
0.897791668506185 0.261855903314304 1.12553853012062
0.887833962175113 0.295944654058371 1.05863457796794
0.875439134631413 0.32828967548678 0.989663852027891
0.862394476527467 0.359331031886445 0.921025637919527
0.849220713241336 0.389226160235612 0.854800721004371
0.836423740150489 0.418211870075244 0.790257919237601
0.824180083027953 0.446430878306808 0.727197743736497
0.812519770478863 0.47396986611267 0.665836039404973
0.801338010260432 0.500836256412771 0.607199786820333
0.790839318733253 0.527226212488835 0.549673058298895
0.780937639482128 0.553164161299841 0.493893061880558
0.771699813384172 0.578774860038129 0.439260093586012
0.763057219188806 0.604086965191138 0.386349397569263
0.754951002034108 0.629125835028423 0.335698737250103
0.747724936943215 0.654259319825313 0.284842810433362
0.741185451686528 0.679419997379317 0.235802781241102
0.735536365845835 0.704889017268925 0.187915039567995
0.731221300819654 0.731221300819654 0.139981425394241
0.72853543805415 0.758891081306406 0.0935007227516844
0.729337121675244 0.79011521514818 0.0470843543525644
0.760283402520896 0.855318827836008 5.75503305150519e-06
1.09990368762567 3.36705210509045e-06 1.75804229035569
0.960230526120533 0.0391930826987973 1.4760599970961
0.916749611535376 0.0748367029824797 1.35126146987937
0.893890278720243 0.109455952496356 1.26173582305992
0.893955016608273 0.145951839446249 1.20575852940806
0.926703036592799 0.189123068692408 1.19303397288712
0.929456282693976 0.227621946782198 1.14080564744031
0.91909258262288 0.262597880749394 1.07344750545013
0.905678436661869 0.295731734420202 1.00227673225122
0.89120118931114 0.327380028726541 0.93260247686617
0.876842312004096 0.357894821226162 0.864301262749898
0.862900904603256 0.387424895944319 0.79810282493968
0.849526889629974 0.416094803084069 0.734184864359901
0.836884379111066 0.444061099120158 0.67178719495125
0.82483977443893 0.471337013965103 0.611999013088263
0.813584153320415 0.498112746930866 0.553258501578763
0.802867797378809 0.524321826859631 0.497425474894323
0.792898668981278 0.55017458664007 0.442701774912951
0.783735984204238 0.575806029211276 0.388558529408064
0.775165749528161 0.601148948613676 0.336749426422787
0.767264376263084 0.626338266337211 0.286810618945107
0.760372284450396 0.651747672386054 0.236705768892996
0.754288523099405 0.677320306456608 0.188722709716841
0.749598583480836 0.703704792655478 0.140672492380998
0.746600831401816 0.731364079740553 0.0940508291305354
0.747195547385232 0.76244443610738 0.0474486632413619
0.778806895491253 0.826488950317249 5.75503305150519e-06
1.11762000528804 3.35286001582315e-06 1.68332452668811
0.978134937371482 0.0391253974948593 1.41376482868469
0.937489533001726 0.074999162640138 1.29795420176688
0.923370136237932 0.110804416348552 1.22106108285965
0.950957376784713 0.152153180285554 1.19939604030087
0.962728890273611 0.192545778054722 1.15783517131531
0.952681662047609 0.228643598891426 1.08978216181149
0.93775057495469 0.262570160987313 1.01768899373313
0.921798681245087 0.294975577998428 0.945832131682645
0.906124193201281 0.326204709552461 0.874738866825362
0.890792409091946 0.356316963636779 0.807011066897915
0.876085603272282 0.385477665439804 0.742306610679911
0.862298991306491 0.413903515827116 0.678916862140224
0.849259937309451 0.441615167400915 0.617996669378346
0.837139275810151 0.468797994453685 0.558042290355693
0.825659823789497 0.495395894273698 0.500962415760145
0.814873294185659 0.521518908278822 0.446150340080347
0.804980612304555 0.547386816367098 0.391879827182459
0.795892588806886 0.573042663940958 0.33885452659084
0.78753295843754 0.598525048412531 0.287796692305181
0.779972112367754 0.623977689894203 0.23851661758709
0.773547361894865 0.649779783991686 0.189532147286245
0.768445488079085 0.676232029509595 0.141365422032063
0.765103566968047 0.703895281610603 0.0946028141788559
0.765591670072403 0.734968003269508 0.0474486632413619
0.797738056303224 0.797738056303224 5.75503305150519e-06
1.13570538986563 3.34030997013361e-06 1.6097420807624
0.997785168423882 0.0391288301342698 1.35415553688958
0.963011587118368 0.0755303205583033 1.24929627253031
0.970731334323685 0.114203686391022 1.2003523662966
0.997455765042273 0.156463649418396 1.17572851957557
0.988836226574878 0.193889456191153 1.10868092619565
0.972603481811055 0.228847878073189 1.03397431174856
0.954810325358198 0.262104795196368 0.959666055987835
0.937231664448751 0.294033463356471 0.887093304256917
0.920189485250472 0.324772759500166 0.818056526899505
0.904234463204152 0.354601750276138 0.750394357346896
0.889095883327416 0.383531557513787 0.68603256023529
0.874895587913375 0.411715570782765 0.623992105874878
0.861774242321871 0.439335888242523 0.562829388597922
0.849265398060389 0.46626335579786 0.505685113518125
0.837713972813047 0.492772925184145 0.449605642653106
0.827153082793831 0.518998012733384 0.394099033986244
0.817188212601623 0.544792141734415 0.342021414310973
0.808316575070056 0.570576405931805 0.289773158181827
0.800306431594363 0.596306752952663 0.23942447260046
0.793359750066906 0.622242941228946 0.190343350209143
0.787803965459068 0.64877973626041 0.142060213430258
0.784214200804503 0.676576957556825 0.0946028141788559
0.784308048300085 0.707415102388312 0.0478147067249001
0.817109856404943 0.769044570734065 5.75503305150519e-06
1.15444650714113 3.33013415532297e-06 1.53780135768983
1.02017012495788 0.0392373124983801 1.29851934973146
0.998592181277568 0.0768147831751976 1.21154942642279
1.03194729878088 0.119070842167025 1.19225871405464
1.02816620334869 0.158179415899798 1.1302481257658
1.0103325596761 0.194294723014635 1.05373199516686
0.990489315402749 0.228574457400634 0.975786802276007
0.97060805925093 0.261317554413712 0.90126224355494
0.951781727350015 0.292855916107697 0.828997519289259
0.933906198612766 0.323275222596727 0.76073990641399
0.917329577006832 0.352819068079551 0.694314886481874
0.901929303603377 0.381585474601429 0.629984583498728
0.887476976134719 0.409604758216024 0.568817341030845
0.873955431455413 0.436977715727706 0.510415219680537
0.861526781925431 0.463899036421386 0.453067535597683
0.850052120493158 0.490414684899899 0.397435256032207
0.839416997830759 0.51656430635739 0.344138778639674
0.82981826045905 0.542573477992456 0.29175535736552
0.821159029797035 0.568494712936409 0.24124502876785
0.813778590417437 0.59468435453582 0.191156316401048
0.807721087679238 0.621323913599414 0.142756865640029
0.803712790588584 0.649152638552317 0.0951566783705339
0.803507341323105 0.679890827273397 0.0481824871122343
0.836958734205895 0.740386572566754 5.75503305150519e-06
1.17413546791439 3.32302490926518e-06 1.46835399562498
1.04775591848295 0.039537959188036 1.24855200669528
1.05888385826609 0.0799157628880073 1.19998265896916
1.07122016298254 0.121270207130099 1.15471125318439
1.0522259255683 0.158826554802762 1.07604332162947
1.02931756370451 0.194210861076322 0.99559818809261
1.00687579250848 0.22797187754909 0.917119188564514
0.985679955727749 0.260368290192236 0.841981954815325
0.965794935309768 0.291560735187854 0.771022192250778
0.947444724645088 0.321773680068143 0.702574525105679
0.930243808938878 0.351035399599576 0.638367675618899
0.91458349710826 0.379638432761919 0.574809138251699
0.899880617458766 0.407493109792648 0.515152366296601
0.88643774369696 0.434856251624924 0.45653587129514
0.873927924425545 0.461697771394627 0.400780250933797
0.862528799050188 0.488223848518974 0.346260985423366
0.852116453024781 0.514485405599868 0.293743258976376
0.842734254117356 0.540621974339436 0.243072026014139
0.834719487919484 0.566979274813234 0.192787530166937
0.828108074394671 0.593737864660331 0.144155748660272
0.823776213937755 0.621717897311513 0.0957124221609113
0.823369377003499 0.652481393097112 0.0481824871122343
0.857325157867972 0.711741640494165 5.75503305150519e-06
1.19593183474342 3.32203287438899e-06 1.4002147067249
1.08748569889331 0.0402772481071597 1.21012389336603
1.11737210889073 0.0827683043622764 1.18146316809061
1.09944144428584 0.122160160476204 1.10260906460063
1.07284046602242 0.158939328299617 1.01768899373313
1.0467480342675 0.193842228568055 0.935462772531474
1.02231772468814 0.227181716597364 0.857978585689029
1.00001200328937 0.259262371223171 0.783497829044286
0.979444420581841 0.290205754246471 0.713157565474885
0.96044689458868 0.320148964862893 0.646741498421236
0.943147818607525 0.349314006891676 0.582003330621655
0.927056170731316 0.377689551038685 0.521083137859778
0.912269023715959 0.405452899429316 0.462330345271341
0.898745756044037 0.432729438095277 0.405253653492557
0.886473083275828 0.459652709846726 0.349453295509461
0.875148165225338 0.486193425125188 0.296735735340134
0.865110756101741 0.512658225838069 0.244905439586548
0.856388149338749 0.539207353287361 0.194425771560328
0.849305506370956 0.566203670913971 0.14485797750785
0.844457963508264 0.594248196542853 0.096270045986779
0.843671119638414 0.62494157010253 0.0485520066952788
0.878254305862001 0.683086682337112 5.75503305150519e-06
1.22044241812064 3.32847932224778e-06 1.33587418846869
1.15654895074894 0.0420563254817795 1.19984481274232
1.15377579866914 0.0839109671759378 1.13565766460947
1.12231045721344 0.122433868059648 1.04511633800096
1.09120715719185 0.158721041046088 0.957842276202769
1.06299998503265 0.193272724551392 0.874738866825362
1.03718963080839 0.226295919449103 0.79810282493968
1.01397035494802 0.258101544895858 0.724863669911761
0.992724181246964 0.288792489090026 0.656297642449704
0.973440168404566 0.318580418750585 0.590400505307785
0.955868362573016 0.347588495481097 0.527023610270373
0.939684650297428 0.375873860118972 0.466978050210163
0.924974730655775 0.40362533701343 0.408618583373435
0.911525416633845 0.430902924226909 0.352656295485704
0.899324854294958 0.45783810764107 0.298737756445062
0.888380061834723 0.48457094281894 0.246745244478995
0.879015757231569 0.511427349662004 0.195247522221587
0.871244113889965 0.538587270404705 0.145562063241233
0.865818836724638 0.566717784037945 0.0968295502663735
0.864600514504364 0.597360355475743 0.0489232677487828
0.899796897027917 0.65439774329303 5.75503305150519e-06
1.25032496412758 3.3490847254755e-06 1.27591030859943
1.21791693686391 0.0434970334594253 1.17644099605477
1.18107778065672 0.0843626986183371 1.07924579823312
1.14260993473253 0.122422493007057 0.983645823820095
1.10834710823064 0.158335301175806 0.896232793047395
1.0782565842485 0.192545818615804 0.814753633392272
1.05167869420458 0.225359720186696 0.73766965472866
1.02754897085187 0.256887242712967 0.667026941989175
1.0059984861981 0.287428138913742 0.59880000098696
0.986425327504659 0.317065283840783 0.534163960595028
0.968578257093388 0.345920806104781 0.472802256263504
0.95247294465218 0.374185799684785 0.413118062881751
0.937671213504888 0.401859091502095 0.356943375306287
0.924460709741104 0.429213900951227 0.301751264240312
0.912649724348326 0.456324862174163 0.248591415433077
0.902393782784887 0.483425240777619 0.196896272530307
0.893850343879948 0.510771625074256 0.146975801237965
0.887778021044953 0.539008084205864 0.0979542017668817
0.886219042838288 0.569712241824613 0.0492962725303063
0.922010212422592 0.625649787001044 5.75503305150519e-06
1.29095440922846 3.39724844541805e-06 1.22548913555985
1.25572417153218 0.0440604972467432 1.12649518576648
1.20380536128507 0.084477569212987 1.01848245220064
1.16074007507373 0.122183165797235 0.921998572587793
1.12445267286908 0.157817918999169 0.834427312169251
1.0931172862673 0.191774962503035 0.753849659919654
1.06558068009842 0.224332774757562 0.678916862140224
1.04112549826625 0.255715034661887 0.608399661480755
1.01908195518117 0.286058092682434 0.542509025895047
0.999403072468962 0.315600970253356 0.478642006067454
0.981454418794906 0.344369971506985 0.418762687967338
0.965253024375049 0.372553798881598 0.361248939724874
0.950862589939674 0.400363195764073 0.304777247504363
0.937883431014602 0.427806477304907 0.251372552358775
0.926778503835217 0.455259615919053 0.198552006695279
0.917362105858342 0.482822160978075 0.148396954212458
0.91071271760834 0.511277315148542 0.0985193497314553
0.908597088700547 0.541970193259976 0.0496710232802017
0.944959366042053 0.59681644171077 5.75503305150519e-06
1.36365938665912 3.5267053103217e-06 1.20015518725768
1.28412883331117 0.0442803045969368 1.06682660931269
1.22401148572208 0.0844145852222126 0.955094560413452
1.17801323456558 0.121863438058509 0.857978585689029
1.13993661485525 0.157232636531759 0.772160593277358
1.10757588968133 0.190961360289885 0.693133040125657
1.07928484377771 0.223300312505732 0.620395151754846
1.05450771898218 0.254536345961216 0.550867965895542
1.03234615436917 0.284785146032875 0.485669236785817
1.01237402858677 0.314185043354515 0.424429232330369
0.994500502225865 0.342931207664091 0.36557268783075
0.978543925314993 0.37117183374017 0.308831109762464
0.964389556803259 0.399057747642728 0.254167868317354
0.952133108015376 0.426818289799996 0.201048663241362
0.942049532233937 0.45478253280259 0.149110308599433
0.934569717440278 0.483398129710489 0.0990863796370662
0.93181586121778 0.514105302740844 0.0500475222215868
0.968566305795191 0.567780248224767 6.76835578810328e-06
1.45449572653325 3.69787049128191e-06 1.18522251762085
1.30806912831825 0.0443413263836696 1.00227673225122
1.24260876712761 0.0842446621781427 0.890152020063952
1.1941903384767 0.121443085268817 0.794746346507445
1.15478957018072 0.156581636634674 0.710809512901486
1.12162653207467 0.190106191877062 0.633578342625107
1.09298859989457 0.222302766080252 0.5616323243811
1.0678867836893 0.253396863926274 0.493893061880558
1.04541861893618 0.283503354287779 0.43125709227575
1.0257043627455 0.312926754735915 0.369914315841791
1.00807617035322 0.341720735712957 0.311885777060717
0.992354910689874 0.370030644664021 0.256977274899098
0.978937403345247 0.398211825089592 0.20272177773233
0.967556663015946 0.42638090234601 0.151261469879375
0.95929618663396 0.455259207216117 0.100226086554429
0.955969874820579 0.486086377027413 0.0504257715603275
0.993218350614793 0.538694698638531 6.76835578810328e-06
1.50632486597275 3.76581216508513e-06 1.13298575746703
1.32927241350021 0.0443090804500068 0.935462772531474
1.26005199897225 0.0840034665981501 0.824633972887116
1.20970899736072 0.120970899736072 0.731858385583703
1.16943575270594 0.155924767027458 0.649132034104458
1.13567994485603 0.189279990809339 0.573610506644999
1.10669226791578 0.221338453583156 0.503322815636677
1.08126309992345 0.252294723315472 0.438114421441302
1.05905253109252 0.282414008291338 0.375366027112884
1.03921647596764 0.311764942790292 0.317003740851771
1.02201131802647 0.340670439342158 0.259800682442674
1.00704430454472 0.369249578333062 0.20524441796494
0.994523460862349 0.39780938434494 0.152704814233517
0.985176307393356 0.426909733203788 0.101373324899237
0.981170198310886 0.457879425878413 0.0508057734850132
1.01886672816625 0.509433364083123 6.76835578810328e-06
1.54261073722684 3.79330509162453e-06 1.06615421536514
1.34873162578015 0.0442207090419722 0.86744583328219
1.27656563502725 0.0837092219689998 0.759593453190354
1.22501517341876 0.120493295746107 0.668217514662956
1.1838723357037 0.155261945666058 0.588000986911737
1.14952724262466 0.188447088954861 0.515152366296601
1.12039610725271 0.220405791590697 0.446150340080347
1.09502801665606 0.251317905462048 0.381943473100496
1.07287696651208 0.281410351872021 0.32112197710543
1.05346749131352 0.310859259731857 0.263586847810243
1.03685167540137 0.339951368984057 0.207782563233643
1.02297754898175 0.368942722583581 0.154155536889577
1.01253803416971 0.398375620001198 0.101949769019468
1.00754878433962 0.429447022833281 0.0511875301669367
1.0456290428009 0.479960872105329 6.76835578810328e-06
1.57200378231478 3.80323495706006e-06 0.993065203952018
1.36694187833106 0.0440948993010017 0.799219749066202
1.29261963960596 0.0833948154584488 0.694314886481874
1.23987765764398 0.119988160417159 0.605999876631468
1.19831487401607 0.15462127406659 0.527023610270373
1.163585744307 0.187675120049516 0.45653587129514
1.13430306117247 0.219542527968864 0.389664620325606
1.10899079985543 0.250417277386709 0.32733847044515
1.08727626072478 0.280587422122524 0.267397523133831
1.06846848884946 0.310200529020812 0.211190762348116
1.05297279698351 0.339668644188229 0.156345433458116
1.04105680263883 0.36940725254926 0.103690403905539
1.03509164340426 0.400680636156488 0.0519563164010483
1.07364500017704 0.450238225880695 6.76835578810328e-06
1.59719017236584 3.80283374389873e-06 0.918098000086004
1.3844071192046 0.0439494323557018 0.730694177303647
1.30844985288999 0.0830761811358723 0.628786360136512
1.25474919258131 0.119499923102982 0.543702357550296
1.21254420438413 0.153973867223382 0.468141614416297
1.17806895529958 0.186995072269775 0.397435256032207
1.14861950071778 0.218784666803386 0.333601102967969
1.12374604128718 0.249721342508263 0.272194994684323
1.10264169651452 0.280035986416385 0.21376482868469
1.08497610314219 0.30999317232634 0.158551874234198
1.07148433231564 0.34015375629068 0.104860247840612
1.06433294034211 0.371671820436927 0.0523433502091432
1.10308262740037 0.420221953295379 6.76835578810328e-06
1.62028646455523 3.79754640115175e-06 0.84090613432011
1.40137886241417 0.0437930894504429 0.662261410525462
1.32405327035647 0.0827533293972797 0.564026636099181
1.26962955691694 0.119027770960963 0.482153025627531
1.22721756677559 0.153402195846949 0.408618583373435
1.19277029637481 0.186370358808564 0.339908928653233
1.1637595175755 0.218204909545406 0.277029971195377
1.13930407379032 0.249222766141633 0.218088862807232
1.11937118856664 0.27984279714166 0.160774823115403
1.10394817098531 0.310485423089619 0.106037629750158
1.0951619996007 0.342238124875219 0.05312270971684
1.1341469128927 0.389863001306866 6.76835578810328e-06
1.64189160164038 3.78898061930664e-06 0.763030464238918
1.41785157702188 0.0436262023699038 0.59520006316497
1.33967014742573 0.0824412398415836 0.499782941892514
1.28474913924958 0.118592228238423 0.421026712123928
1.24233972991739 0.152903351374448 0.349453295509461
1.20811699672426 0.185864153342193 0.282880811435486
1.17973300798732 0.217796863013043 0.221578432837491
1.15647083613169 0.249086026243749 0.16376436908719
1.138642624387 0.280281261387569 0.107817838188507
1.12805442230954 0.312384301562641 0.0539091388893284
1.16709212058321 0.359105267871756 6.76835578810328e-06
1.66230266704746 3.77796060703015e-06 0.68603256023529
1.43460399579891 0.0434728483575428 0.527023610270373
1.35529995903322 0.0821393914565591 0.436969535761083
1.30034136061229 0.118212850964754 0.36017083209578
1.25813672361921 0.152501421044753 0.290763543034996
1.22432930771194 0.185504440562415 0.226862955230216
1.19716784299079 0.217666880543781 0.16678310274778
1.17626522695012 0.249510805716691 0.109615010766747
1.16340260002844 0.282036993946288 0.0547026540536758
1.20223988022956 0.327883603698971 6.76835578810328e-06
1.68243996170404 3.76665663076769e-06 0.608399661480755
1.45137532525422 0.0433246365747527 0.460010501554252
1.37167588891944 0.0818910978459364 0.373182086200213
1.31664248550866 0.117908282284358 0.29974086620362
1.27505974775448 0.152245940030386 0.232207144855296
1.24227257826872 0.185413817652048 0.170597415725496
1.21732223208987 0.218027862463857 0.112037629750158
1.20172979219616 0.251107717772331 0.055503271257207
1.2400067392882 0.29612101236733 6.76835578810328e-06
1.70229981700025 3.75507312577027e-06 0.531782485337045
1.46842724923586 0.0431890367422315 0.394099033986244
1.38855835726792 0.0816799033687013 0.310866203744698
1.33412438596357 0.11771685758502 0.23942447260046
1.2935657582473 0.152184206852623 0.174456980546569
1.26303926626835 0.185741068568876 0.114490403905538
1.24355175922622 0.219450310451686 0.0567175477993569
1.28094800283177 0.263724588818306 6.76835578810328e-06
1.7225001972192 3.74456564615018e-06 0.455379052670532
1.48628720435866 0.043080788532135 0.328379063769625
1.40668857439463 0.0815471637330217 0.248591415433077
1.35326437710655 0.117675163226657 0.179935988466399
1.31501275582187 0.152465247051811 0.116973324899237
1.29010985317864 0.186972442489658 0.0579478913667921
1.3258313872632 0.230579371697949 6.76835578810328e-06
1.74366269410766 3.73642005876614e-06 0.378649982382052
1.50548740770294 0.0430139259343699 0.262638000043109
1.4265689291483 0.08151822452276 0.187109138889329
1.37548257418574 0.117898506358778 0.120754201766882
1.34279833359001 0.153462666696001 0.0596134298581248
1.37576966473781 0.196538523533974 6.76835578810328e-06
1.76610049930436 3.73119823796568e-06 0.302758544520145
1.52656455557267 0.0430018184668356 0.197723267748783
1.44994344427971 0.0816869546073078 0.125250829130535
1.40456729965929 0.118695828140221 0.0613077377208565
1.43225695685449 0.16138106556107 7.89412512139809e-06
1.79075199130926 3.73073331523405e-06 0.227749526417805
1.55138523991366 0.0430940344420459 0.132502868277837
1.48055897807969 0.0822532765599831 0.0634662488110654
1.49865006356842 0.124887505297368 7.89412512139809e-06
1.81980953203968 3.73933465478885e-06 0.152704814233517
1.58422440977438 0.0434034084869692 0.0670142425329656
1.58045908683454 0.0866004979087421 7.89412512139809e-06
1.85860508843091 3.76744274667059e-06 0.0773758012379652
1.69258482581875 0.0457455358329394 7.89412512139809e-06
1.99058556370518 3.98117112759352e-06 9.13825169827041e-06
