8.74448693351941e-07 1.74889738670388e-06 5.99340197027043
1.91502286796936e-06 0.102134552958523 5.63624958456066
1.78235037508701e-06 0.142588030006437 5.17082217618703
1.69968068883715e-06 0.18129927347533 4.85594419483747
1.70250212169112e-06 0.227000282890369 4.78457436628662
1.8848689565602e-06 0.603158066098126 4.77569988293987
1.80953044310656e-06 0.627303886943537 4.51421673578444
1.74242196995402e-06 0.650504202133241 4.27747281791747
1.6843351224016e-06 0.673734048955293 4.06453072556977
1.63519370620584e-06 0.69768264798049 3.878991494938
1.60059681878151e-06 0.725603891203857 3.71554791968547
1.58003934019738e-06 0.758418883295598 3.60587855165035
1.90560842724493e-06 1.47367051715734 3.50965707010694
1.86104692400291e-06 1.48883753921269 3.35320247388202
1.81883703908326e-06 1.50357195232265 3.20883485365871
1.77990494393799e-06 1.5188522189093 3.06832113493364
1.74339742830147e-06 1.53418973695096 2.93796102199667
1.71019447032899e-06 1.55057631970828 2.81177917150693
1.68055920065286e-06 1.5685219207023 2.69056013067565
1.65369276227903e-06 1.58754505181834 2.58297356356987
1.63193322158105e-06 1.61017411196105 2.48484408051097
1.62193175529112e-06 1.64355751206197 2.40254202568618
2.06063157076399e-06 2.58265823521692 2.31954503133586
2.02645452514151e-06 2.59386179211374 2.20163518230539
1.99413126869184e-06 2.60566485785861 2.08266575816992
1.96311045939259e-06 2.61748061255547 1.96944356079046
1.93331543541134e-06 2.62930899220624 1.86242532318676
1.90467542954813e-06 2.64114992909136 1.762045322978
1.87796120650471e-06 2.65418517180123 1.65978301462202
1.85265786049589e-06 2.66782731903233 1.56254253938567
1.82909389124153e-06 2.68267104040645 1.46867056193645
1.80757667064542e-06 2.6993144947226 1.3788930090369
1.78917697045204e-06 2.71954899502302 1.29272596413687
1.77836965612179e-06 2.75054506790112 1.2116593045286
2.2776067515531e-06 3.82637934279515 1.12857893631206
2.24755558181403e-06 3.83582819274957 1.02077042832025
2.21842907883458e-06 3.8452770702121 0.917222494558489
2.19018520242289e-06 3.854725956158 0.818169413825455
2.16313538023574e-06 3.86480187888103 0.717720377747771
2.13688118146065e-06 3.87487787607069 0.62290186990997
2.11172884369052e-06 3.88558107197048 0.528602732278734
2.08729519681163e-06 3.89628436741928 0.441217550092295
2.0642124444076e-06 3.90824222807973 0.352052619876714
2.04275113288094e-06 3.92208217512466 0.260440726574027
2.02252250734737e-06 3.93717714772809 0.175254544919486
2.00474837357926e-06 3.95603679068613 0.0911838095932034
1.99435013606275e-06 3.98870027238563 0.00659799787988624
0.0229013813325515 0.045802762665103 5.04499500369306
0.0220158665435 0.0880634661740001 4.77298841538715
0.0235625283649814 0.377000453839703 4.6953685884643
0.0224665729476653 0.404398313057976 4.40438072317364
0.0215150450098651 0.430300900197302 4.15358026185868
0.0207208050672631 0.455857711479787 3.93772062641256
0.0201483815472072 0.483561157132972 3.74800992344477
0.0197581893831467 0.513712923961813 3.61867607952325
0.0231686152926959 1.1120935340494 3.48398226137528
0.0225970726718162 1.1298536335908 3.32862362855219
0.0220592203536346 1.147079458389 3.18554006967609
0.0215654484704849 1.16453421740619 3.04657403540766
0.0211047237946283 1.18186453249919 2.91797354913919
0.0206804950539751 1.19946871313056 2.79743405809306
0.0203023789350956 1.21814273610574 2.68128355004942
0.0199602731018702 1.23753693231595 2.57792251759115
0.0196819959568469 1.2596477412382 2.48304049160984
0.0195292549405378 1.2889308260755 2.40463472424275
0.0247425687375424 2.07837577395357 2.3833701729951
0.0243270497498058 2.0921262784833 2.26934598490067
0.0239291250753409 2.10576300662999 2.15937158386235
0.0235423851358317 2.11881466222485 2.05954661711776
0.0231765404188313 2.13224171853247 1.9584552110271
0.0228303684335398 2.14605463275274 1.85724515566004
0.0224977155232011 2.1597806902273 1.762045322978
0.0221827437806894 2.17390889050755 1.66871352797154
0.0218796257111279 2.18796257111278 1.58281383023935
0.0215972570719209 2.20292022133592 1.49733242929034
0.0213392643125685 2.21928348850713 1.41218019924788
0.021104431908685 2.23706978232063 1.33261168409874
0.0209098622264045 2.25826512045166 1.25760636544625
0.0209245838380661 2.30170422218728 1.19281670366434
0.0266168721250274 3.19402465500329 1.15063066512026
0.0262752209071779 3.20557695067569 1.05624502844083
0.0259438886927381 3.21704219789954 0.964999545958073
0.0256224107249651 3.2284237513456 0.877049068353857
0.0253144641765454 3.24025141459781 0.786189733914699
0.0250113514360712 3.25147568668924 0.705554944861469
0.0247248598244828 3.2636814968317 0.617168379221217
0.0244424580115232 3.27528937354408 0.539343115566314
0.0241756489515416 3.28788825740967 0.456124334062681
0.0239161176357173 3.30042423372898 0.379221054954777
0.023671151704209 3.31396123858925 0.300506884935313
0.0234364347817986 3.32797373901541 0.226663780251305
0.0232189574992257 3.34352987988851 0.153382700798777
0.0230326591365878 3.36276823394179 0.0774263254172316
0.0229124136654392 3.39103722248499 0.00659799787988624
0.0510672764792612 3.83004573595016e-06 5.63624958456066
0.044031733087 0.044031733087 4.77298841538715
0.0470546523842506 0.282327914305503 4.75744186667751
0.0445650710531941 0.311955497372359 4.43599112448898
0.0424559399561501 0.3396475196492 4.16308205095184
0.0407284824090306 0.366556341681275 3.93244103604761
0.0394984921591725 0.394984921591724 3.73499214263042
0.0387409841136898 0.426150825250587 3.60587855165035
0.0457383060094698 0.960504426198865 3.57189376135729
0.0445255815683122 0.979562794502867 3.41296691939104
0.0434058905516569 0.998335482688107 3.26088078435475
0.0423689570971127 1.0168549703307 3.11708730378534
0.0413926184432308 1.03481546108077 2.98713508151653
0.0405093823589564 1.05324394133287 2.85984746359408
0.0396978886343451 1.07184299312732 2.74221392515901
0.0389638444620443 1.09098764493724 2.63404534448732
0.0383366595341591 1.11176312649062 2.53309758704806
0.0378550641004308 1.13565192301292 2.44482273548937
0.0379944243219304 1.17782715397984 2.39404890903985
0.0472896535951547 1.89158614380618 2.35131153136378
0.0464987517467081 1.90644882161503 2.23837587191101
0.0457313707771813 1.92071757264162 2.13551887229951
0.0449960911658461 1.93483192013138 2.0366611541402
0.044300877293779 1.94923860092628 1.93666646303666
0.0436335854638714 1.96351134587421 1.84180478366134
0.0430021586907261 1.9780992997734 1.74758654622093
0.042395130017444 1.99257111081987 1.65978301462202
0.0418203844056257 2.00737845147003 1.57464658639767
0.0412761724723364 2.02253245114448 1.49367799395996
0.040778836247715 2.03894181238574 1.41218019924788
0.0403260308299826 2.05662757232911 1.33515840987196
0.0399504242773805 2.07742206242378 1.26114320422656
0.0398117108114455 2.11002067300662 1.19556034080873
0.0508814993505848 2.95112696233392 1.1802795563171
0.0502349356517156 2.96386120345123 1.08495963026508
0.0495998538832543 2.97599123299527 0.999712368582228
0.0489916856168885 2.98849282263021 0.910476576634439
0.0484013750503407 3.00088525312112 0.824628551182934
0.0478281369295234 3.01317262655997 0.742314728652602
0.0472712317444957 3.02535883164772 0.663675993758345
0.0467375180492175 3.03793867319916 0.583252942893469
0.0462185819204595 3.05042640675033 0.507409552090246
0.0457211681461263 3.06331826579047 0.431403752586192
0.0452371496844923 3.07612617854548 0.361006250102359
0.0447803264106117 3.0898425223322 0.288209032608066
0.0443496458057772 3.10447520640441 0.215890637771741
0.0439511018872778 3.12052823399672 0.144426168551396
0.043597303197627 3.13900583022916 0.0752336569944192
0.0433753019959019 3.16639704570084 0.00659799787988624
0.0712940150032196 3.56470075015808e-06 5.17082217618703
0.0687808206000962 0.229269402000321 4.63706683988914
0.0649201385777869 0.259680554311148 4.31123395923595
0.0618009213699099 0.288404299726247 4.03800018787915
0.0593565834906306 0.316568445283363 3.81588746456243
0.0578004021815154 0.346802413089092 3.64458931639476
0.0581248464239836 0.38749897615989 3.60475883303181
0.0674879501242594 0.85484736824062 3.58234673991735
0.0656384730262394 0.87517964034986 3.41799476788387
0.0639173523082923 0.894842932316092 3.26566499299197
0.0623293776041854 0.914164204861385 3.12158197050644
0.0608596609992667 0.933181468655424 2.98713508151653
0.0594954865594509 0.951927784951215 2.863635061065
0.058281632032841 0.971360533880683 2.74221392515901
0.0571681148485177 0.990913990707637 2.63404534448732
0.0562162221258606 1.01189199826549 2.53309758704806
0.0554991270689167 1.03598370528645 2.44344352456522
0.0556606679103928 1.07610624626759 2.39404890903985
0.0690846290773083 1.75014393662515 2.35770014233867
0.0679025539580194 1.7654664029085 2.25072591471805
0.0667720011746627 1.780586697991 2.14741778431445
0.0656896284353613 1.79551651056654 2.04807444446336
0.064666917488745 1.81067368968486 1.94752936424733
0.0636717293019134 1.82525623998818 1.85724515566004
0.0627443467538036 1.84050083811158 1.762045322978
0.0618396126439637 1.85518837931891 1.67771838519527
0.0609967369178679 1.87056659881462 1.59105898071302
0.0601857454518555 1.88582002415814 1.51215349935623
0.0594441646115066 1.90221326756821 1.43142464748131
0.0587555774220769 1.9193488624545 1.35632569362393
0.0581681400366607 1.93893800122202 1.28223104176045
0.057752283549068 1.96357764066832 1.21566409200438
0.0732347403057037 2.78292013161674 1.12857893631206
0.072308705212627 2.79593660155491 1.04199893916237
0.0714105243158983 2.80881395642532 0.958115201903963
0.0705389387263441 2.82155754905376 0.877049068353857
0.069704095664335 2.83463322368296 0.792543319540798
0.0688820658485033 2.8471253884048 0.717720377747771
0.0680943157216681 2.85996126031007 0.640239891170885
0.0673394178516571 2.87314849500405 0.561109264570843
0.0665945503085996 2.88576384670598 0.491768017424522
0.0658910658290452 2.89920689647799 0.416870158064928
0.0652064057092753 2.91255278834763 0.347614411548965
0.0645604780295834 2.92674167067445 0.276148964283469
0.0639517985303753 2.94178273239726 0.205362146603395
0.0633789591397593 2.95768475985542 0.138594836788079
0.0628804556531347 2.97634156758171 0.0709344681060402
0.0625519874434963 3.00249539728781 0.00659799787988624
0.0906496367376662 3.39936137765405e-06 4.85594419483747
0.090993470936408 0.181986941872816 4.60075154179469
0.0854898254593036 0.213724563648259 4.25410667811003
0.0811357653982881 0.243407296194864 3.97556051734711
0.0780456259927885 0.273159690974759 3.74800992344477
0.0762086438944223 0.30483457557769 3.60314785597073
0.0871134375094948 0.784020937585453 3.46865403247161
0.0847227851195937 0.804866458636139 3.30910352688406
0.0825012941078419 0.825012941078418 3.16248002667815
0.080454168127156 0.844768765335138 3.02509677332798
0.0785868015428158 0.864454816970973 2.8943885796562
0.0769047022540036 0.88440407592104 2.76938725478001
0.0753656833221151 0.904388199865381 2.65718977980632
0.0740023516714732 0.925029395893414 2.5559725181253
0.0729128321838504 0.947866818390055 2.46431057757533
0.0724766783671495 0.978435157956517 2.39334477925373
0.0906016055896729 1.63082890061411 2.38981625851254
0.0890441510641961 1.64731679468763 2.27557776220495
0.0875167608149512 1.66281845548408 2.1774041479948
0.0860947783396845 1.67884817762385 2.07107720981395
0.0847144930385278 1.69428986077055 1.97496103536295
0.0833917952496476 1.70953180261777 1.88331147003678
0.0821414717152825 1.72497090602093 1.79143742612794
0.080941211472985 1.74023604666918 1.70517528824487
0.0797880264488751 1.75533658187525 1.62481173862463
0.078714050532725 1.77106613698631 1.54276344100521
0.0777150281710078 1.78744564793318 1.4617110876637
0.0767701433700567 1.80409836919633 1.38771353512845
0.0759430484256235 1.82263316221496 1.31303704451524
0.0752608685093165 1.84389127847826 1.24437956327401
0.0752180995448759 1.8804524886219 1.19296602948186
0.0957258527490545 2.632460950599 1.1802795563171
0.0944927366373248 2.64579662584509 1.09942699150609
0.0933124220535063 2.65940402852493 1.01373204177478
0.092167506907958 2.67285770033079 0.930774203952544
0.0910563912581152 2.6861635421144 0.850673596140712
0.0899775713641194 2.69932714092357 0.773546539258332
0.0889440542562681 2.71279365481617 0.69347800074073
0.0879397019430875 2.72613076023571 0.617168379221217
0.0869632743586619 2.73934314229785 0.544749063254682
0.086013601584647 2.7524352507087 0.476345250564207
0.0851169480841353 2.76630081273439 0.402562286778526
0.0842442117262485 2.78005898696621 0.334454767699754
0.083407776228857 2.79416050366671 0.268241584703756
0.0826194226298118 2.8090603694136 0.201907191183259
0.0818903668176537 2.82521765520905 0.135721172887554
0.0812570267817925 2.84399593736274 0.0688279958296629
0.0808303950227657 2.86947902330819 0.00659799787988624
0.113500141445187 3.4050042433569e-06 4.78457436628662
0.11463470100016 0.137561641200192 4.63706683988914
0.106862281824129 0.170979650918607 4.25410667811003
0.100932106167167 0.201864212334333 3.95644954711167
0.0968631874603697 0.232471649904887 3.722474064403
0.0948634750114637 0.265617730032099 3.58902977560539
0.109447716119 0.700465383161602 3.5510549122013
0.106257302729357 0.722549658559628 3.38295114135579
0.103313191023604 0.74385497536995 3.22763576700841
0.100582901145112 0.764430048702848 3.08590939118707
0.0981026565408667 0.784821252326934 2.95009666459795
0.0958442017230234 0.805091294473397 2.82267680189223
0.0938133975909944 0.825557898800751 2.70313145535147
0.0919873858653092 0.846283949960844 2.59587427889313
0.0904314188054722 0.868141620532532 2.49987308867568
0.0893990083496893 0.893990083496892 2.41650211998779
0.110175085298826 1.54245119418356 2.31954503133586
0.108242753029204 1.55869564362054 2.21994704710635
0.106421043071354 1.57503143745604 2.11777446240057
0.104679170330218 1.59112338901931 2.01965262908209
0.103011894041309 1.60698554704443 1.92586694769589
0.101437150103097 1.62299440164955 1.83159516849437
0.0999047150768506 1.63843732726035 1.74758654622093
0.0984775678538456 1.65442313994461 1.65978301462202
0.0971066741263308 1.67023479497289 1.5787204486457
0.0958099179947865 1.68625455670824 1.50100723627732
0.0946040625855585 1.70287312654006 1.42492518530162
0.0935048645772569 1.72048950822153 1.35090202803191
0.0925271860647598 1.73951109801748 1.28223104176045
0.0918643745145035 1.76379599067847 1.21566409200438
0.116442809415727 2.5151646833797 1.15063066512026
0.114955506319164 2.5290211390216 1.07056545024328
0.113532013724627 2.54311710743165 0.98576929769942
0.112151189389741 2.5570471180861 0.903750707260162
0.110811100772726 2.57081753792723 0.824628551182934
0.109509931990562 2.58443439497725 0.748517845267676
0.108245975052745 2.59790340126588 0.675529574478578
0.107017621880238 2.61122997387782 0.605770523940474
0.105840443096813 2.62484298880095 0.533960986836816
0.104712351285537 2.63875125239554 0.461142680510518
0.10361472047165 2.65253684407422 0.393149767055487
0.102562754028002 2.66663160472806 0.32581127946025
0.101554669641801 2.68104327854355 0.260440726574027
0.100604824220594 2.69620928911193 0.195079313829333
0.0997110390379328 2.71214026183178 0.132875551923222
0.0989339069107383 2.73057583073637 0.0688279958296629
0.098424084442891 2.75587436440094 0.00659799787988624
0.141163957152752 0.0941093047685011 4.75744186667751
0.129840277155574 0.129840277155574 4.31123395923595
0.121703648097432 0.162271530796576 3.97556051734711
0.116235824952444 0.19372637492074 3.722474064403
0.113775386634701 0.227550773269402 3.5863102634215
0.128919032278996 0.644595161394978 3.48910458159999
0.125091326225896 0.667153739871444 3.32373154247116
0.121608781629401 0.689116429233272 3.16707297699291
0.118387637179858 0.710325823079147 3.02509677332798
0.115430949823132 0.731062682213167 2.8943885796562
0.112815020290713 0.752100135271423 2.76594244140831
0.110399050796015 0.772793355572103 2.65424447801605
0.10833126229592 0.794429256836749 2.54894162049736
0.106679520588859 0.817876324514587 2.45647385995386
0.106190216663697 0.849521733309575 2.39030068788601
0.131510943824423 1.44662038206865 2.37693545475375
0.129170559796186 1.46393301102344 2.26934598490067
0.126938574203477 1.4809500323739 2.16536891670979
0.124807440961372 1.49768929153646 2.06530463993569
0.122770312496821 1.5141671874608 1.96944356079046
0.120793857218542 1.53005552476819 1.88331147003678
0.118953701962977 1.5463981255187 1.79143742612794
0.117189483065938 1.56252644087918 1.70517528824487
0.115496502967575 1.57845220722353 1.62481173862463
0.113920939802255 1.59489315723158 1.54276344100521
0.112406661863392 1.61116215337529 1.46867056193645
0.111023389450264 1.62834304527054 1.39370162535919
0.109764374717426 1.64646562076139 1.32264640915837
0.10871813743638 1.66701144069116 1.25416142460738
0.108435541665937 1.69882348609969 1.19322923698947
0.136511462614849 2.41170250619567 1.12857893631206
0.134800199607452 2.42640359293414 1.04199893916237
0.133119408364821 2.44052248668838 0.964999545958073
0.131510435089399 2.45486145500212 0.88369406744898
0.129927846857592 2.46862909029426 0.811731256954399
0.128412064307453 2.48263324327742 0.736133360963575
0.126939664796793 2.49648007433692 0.663675993758345
0.125529063896447 2.51058127792894 0.588847427683903
0.124157667929664 2.52453924790317 0.517958065396556
0.122823827161793 2.53835909467705 0.451130662531367
0.121545513631852 2.55245578626888 0.383838552168556
0.120301242502904 2.56642650672862 0.321528553349733
0.119127742953019 2.58110109731542 0.256580345882212
0.118022335804819 2.59649138770602 0.191706464648778
0.116982479465583 2.61260870806468 0.130058004766437
0.116079270140061 2.63113012317472 0.0667503033235153
0.11547132410845 2.65584045449434 0.00659799787988624
0.155977748686179 0.0891301421063883 4.43599112448898
0.144202149863123 0.12360184273982 4.03800018787915
0.13657984548738 0.156091251985577 3.74800992344477
0.132808865016049 0.189726950022928 3.58902977560539
0.148385796034313 0.593543184137251 3.43817639313453
0.143870585972419 0.61658822559608 3.27525912343249
0.139775477147385 0.638973609816618 3.12158197050644
0.136043105698223 0.660780799105656 2.978823441958
0.132626404067281 0.682078649488873 2.84856107147742
0.129610080851711 0.703597581766431 2.72241813841042
0.126870740075694 0.724975657575397 2.61186609780089
0.124534346629977 0.747206079779865 2.51184066739871
0.122868018459665 0.772313258889325 2.42482905633115
0.15043962718482 1.37544801997549 2.33221606720439
0.147759357761773 1.39315965889672 2.22607707481875
0.145204385619575 1.41055688887587 2.12367532531951
0.142765880319405 1.42765880319405 2.02530720632559
0.140435840624046 1.44448293213305 1.93125875470349
0.138206997801765 1.46104540533294 1.84180478366134
0.136072732320914 1.47736109376993 1.7572080387279
0.134056863081917 1.49377647434136 1.67320668677227
0.132152305496299 1.51031206281485 1.59105898071302
0.130323711516924 1.5266491920554 1.5159094041854
0.128651650204029 1.54381980244835 1.43800838736017
0.127071990835004 1.56117017311576 1.36743530416977
0.125689643297204 1.58009837287914 1.29708213437154
0.124603299548901 1.60204242277159 1.2312690890079
0.124333855126525 1.63410209594861 1.19333623498515
0.158112705301793 2.30392799154042 1.18773531899669
0.156075480696372 2.31883571320324 1.10668793404011
0.154126748731529 2.33391933793459 1.02077042832025
0.152212789043126 2.34842588809394 0.944405289393999
0.150356355782506 2.3627427337251 0.870424454913128
0.148578974157142 2.37726358651427 0.792543319540798
0.146853374996291 2.39161210708246 0.717720377747771
0.145177267765015 2.40579472296311 0.646064884786382
0.143548497422874 2.41981752798558 0.577681827298974
0.141965034420722 2.43368630435524 0.51267176236537
0.140470190266102 2.44819474463778 0.441217550092295
0.13899347257726 2.46217008565432 0.379221054954777
0.137600208163748 2.47680374694747 0.313041360841239
0.136265409089679 2.49171033763985 0.248939884655548
0.134986825362707 2.50689818530741 0.18836105652676
0.13380485816417 2.5231773253815 0.127268562015917
0.132779042651528 2.54177024504354 0.0647014139800806
0.132070042721333 2.5659322585859 0.00659799787988624
0.188500226919851 0.0471250567299629 4.6953685884643
0.1698237598246 0.0849118799123001 4.16308205095184
0.158284222641682 0.118713166981261 3.81588746456243
0.152417287788845 0.152417287788845 3.60314785597073
0.167893524838313 0.545653955724516 3.4079461935711
0.162681328625503 0.569384650189259 3.24183077499391
0.15797301538473 0.592398807692739 3.08590939118707
0.153647397826965 0.614589591307859 2.94603961691936
0.149746812029841 0.636423951126825 2.81539855903944
0.146311551923621 0.658401983656292 2.69056013067565
0.143244665937475 0.680412163203004 2.58044020998004
0.140682055616513 0.703410278082563 2.48304049160984
0.139177319971476 0.730680929850251 2.40254202568618
0.169060427611563 1.31021831398961 2.29434748552332
0.166037710281671 1.32830168225336 2.18949306459874
0.163157862442753 1.34605236515272 2.08848162003359
0.160410673282724 1.36349072290315 1.99160598761597
0.157786906256474 1.38063542974415 1.89914834116365
0.15527818349351 1.39750365144159 1.81137932951355
0.152876886505984 1.41411120018035 1.72855724331517
0.150609585421565 1.43079106150487 1.6465274458564
0.148468186802848 1.44756482132776 1.56655758958626
0.14644527316506 1.4644527316506 1.49004396877867
0.144565877605828 1.48180024545973 1.41533461801281
0.142853536825124 1.4999621366638 1.34293111872327
0.141330461154617 1.51930245741214 1.27620623056523
0.140291339044719 1.54320472949191 1.21262524153727
0.177513203560983 2.21891504451229 1.16542013041057
0.17523090427961 2.23419402956502 1.08495963026508
0.173019809716883 2.24925752631947 1.00671266502935
0.170876536430146 2.26411410769943 0.930774203952544
0.168825398176008 2.27914287537611 0.850673596140712
0.166808086244185 2.29361118585754 0.77985745244047
0.164876423623178 2.30826993072449 0.705554944861469
0.163000341034618 2.3227548597433 0.63443768473812
0.161177405171961 2.33707237499343 0.566609931471066
0.15940532541126 2.35122854981609 0.502171488648018
0.157707326528003 2.36560989792004 0.436298211533045
0.156080421412246 2.38022642653675 0.370062520696413
0.154497029349317 2.39470395491441 0.308836983170807
0.153004294932433 2.40981764518583 0.245159884712218
0.151574623238419 2.4251939718147 0.185043125177468
0.15025337291765 2.44161730991181 0.124507253997424
0.149083795465488 2.45988262518055 0.0647014139800806
0.148293774688494 2.48392072603228 0.00659799787988624
0.202199156528988 0.0449331458953306 4.40438072317364
0.183278170840638 0.0814569648180613 3.93244103604761
0.173401206544546 0.115600804363031 3.64458931639476
0.194372066906477 0.475131719104722 3.56667558390664
0.187734741030985 0.500625976082625 3.38295114135579
0.181691324991986 0.524886049976848 3.21821718668729
0.176313193266879 0.548529934608067 3.05959026650561
0.171393647109433 0.571312157031444 2.91797354913919
0.16697253055404 0.593680108636586 2.78681532605678
0.16303733563423 0.615918823507089 2.66611456317648
0.159630974614286 0.638523898457146 2.5559725181253
0.156892749558081 0.662436053689676 2.45955751680296
0.155811296935584 0.692494653047041 2.39073443544902
0.191039315743754 1.2311422570153 2.3641003756581
0.187493520028271 1.24995680018847 2.2569199991542
0.184122103615725 1.26839671379722 2.15338785306682
0.180871254276177 1.28619558596393 2.05954661711776
0.177811661806674 1.30395218658228 1.96394160078615
0.174891110458884 1.3213995012449 1.87283540728584
0.172100026223561 1.33855575951658 1.786495135784
0.169467503875519 1.35574003100415 1.700553335924
0.166946495896175 1.37267118847966 1.62052553896371
0.164566333788754 1.38967126310504 1.54276344100521
0.162354485714342 1.4070722095243 1.46518046926076
0.160266224949503 1.42458866621781 1.39370162535919
0.158363950772907 1.44287155148648 1.32510442874871
0.156774642493965 1.46322999661034 1.25760636544625
0.155988569456922 1.49055744147726 1.19729626709529
0.196546404002028 2.14017195468874 1.15063066512026
0.194021311787985 2.15579235319983 1.07056545024328
0.191575397376368 2.17118783693217 0.992731222756519
0.189235718352493 2.1867238565177 0.910476576634439
0.186936604758066 2.20169778937277 0.837609505877912
0.184706021493766 2.21647225792519 0.767257058309256
0.182570454052977 2.2314166606475 0.69347800074073
0.180467378451974 2.24581626518012 0.628658324664112
0.178452879342098 2.26040313833324 0.561109264570843
0.176523257365321 2.27518865048636 0.491768017424522
0.174618822279174 2.28944678099361 0.431403752586192
0.172821634415584 2.30428845887446 0.365521578805517
0.171072685035808 2.31898528604095 0.304658809956743
0.169424156566969 2.33428837936713 0.241406758512813
0.167845489147209 2.34983684806093 0.18175270604935
0.166386895622999 2.36639140441597 0.121774110763363
0.165096262683975 2.38472379432408 0.0626813509104858
0.164200091247396 2.40826800496181 0.00659799787988624
0.215150450098651 0.0430300900197302 4.15358026185868
0.197492460795862 0.078996984318345 3.73499214263042
0.193749488079945 0.116249692847967 3.60475883303181
0.215591860135476 0.431183720270952 3.56146301584901
0.207942120698043 0.457472665535694 3.37300471362453
0.201026493792197 0.482463585101274 3.20415739752997
0.19484090268691 0.506586346985966 3.04657403540766
0.189271010360317 0.529958829008887 2.90220126365441
0.184343774037355 0.553031322112064 2.76594244140831
0.179861114012926 0.575555564841364 2.64839850236791
0.176096114339338 0.598726788753749 2.53754391834475
0.173134158772054 0.623282971579395 2.44344352456522
0.173744122918407 0.660227667089948 2.40251973894633
0.209691817023909 1.17427417533389 2.33221606720439
0.205721145698721 1.19318264505258 2.23222003688429
0.201993926082196 1.21196355649318 2.12959014841274
0.19844762833888 1.23037529570105 2.03097673374128
0.195068893129106 1.24844091602628 1.93666646303666
0.191802691820653 1.26589776601631 1.85208164152694
0.188767120169317 1.28361641715136 1.762045322978
0.185864754091247 1.30105327863872 1.67771838519527
0.18308673417162 1.31822448603567 1.59938169448731
0.180464948867964 1.33544062162293 1.52348170310838
0.178029268538242 1.35302244089064 1.44804140376685
0.175769125045114 1.37099917535189 1.37599605638049
0.173712839345676 1.38970271476541 1.3083663605867
0.172074350029119 1.41100967023878 1.24130376975136
0.171831011119072 1.44338049340021 1.19296602948186
0.215336120391174 2.06722675575527 1.12857893631206
0.212568288389108 2.08316922621326 1.04911265644801
0.209853501875086 2.09853501875086 0.978826663381515
0.207256554722404 2.11401685816852 0.903750707260162
0.204772058612427 2.12962940956924 0.824628551182934
0.202329245531483 2.14469000263372 0.754742647874036
0.199958437260479 2.15955112241317 0.687472865582562
0.19768837681605 2.17457214497655 0.617168379221217
0.195483193626146 2.18941176861283 0.550178774464039
0.193340054779141 2.20407662448221 0.486602716650116
0.191287066881472 2.21892997582507 0.421689675625264
0.189290176905136 2.2336240874806 0.361006250102359
0.187377061805504 2.24852474166605 0.300506884935313
0.185574075244611 2.26400371798425 0.237680545706809
0.183847733271702 2.2797118925691 0.178489834324752
0.182224059243415 2.29602314646703 0.121774110763363
0.18081373270246 2.31441577859149 0.0626813509104858
0.179835518113003 2.33786173546904 0.00659799787988624
0.227928855739894 0.0414416101345261 3.93772062641256
0.213075412625294 0.0774819682273796 3.60587855165035
0.237565859552361 0.388744133812954 3.56667558390664
0.228736332767847 0.415884241396085 3.37300471362453
0.220821836736531 0.441643673473062 3.19948914425423
0.21378859620821 0.466447846272458 3.03795044300772
0.207423864318121 0.490274588388285 2.8943885796562
0.201877929482394 0.513871093227911 2.75569025348409
0.196916264683897 0.537044358228809 2.63404534448732
0.192702927733957 0.560590335226055 2.52439929529478
0.189506614277815 0.5857477168587 2.43180687021296
0.228198967417415 1.12024947641276 2.31322748481797
0.223885789530591 1.13978220124664 2.20772603974203
0.219791399358357 1.1589001057077 2.10601485398814
0.215898852085813 1.17763010228625 2.00838855319462
0.212145310517676 1.1957281138269 1.9204910966914
0.208660088885787 1.21402233533549 1.82651570715601
0.205287914729284 1.23172748837571 1.74280243664931
0.202110307184584 1.24940917168652 1.65978301462202
0.199070549630679 1.26681258855886 1.58281383023935
0.196246390111472 1.28452182618418 1.50470237623513
0.193582423362325 1.30228175716474 1.43142464748131
0.191153075110998 1.32069397349417 1.35907035611277
0.188945568726602 1.33979585097045 1.29272596413687
0.187232902636314 1.36169383735501 1.22861134263404
0.186673761770305 1.39156804228773 1.19333623498515
0.233867080364359 1.9985005049318 1.11396695429471
0.230818652456333 2.014417330528 1.04199893916237
0.227904122440483 2.03041854537885 0.964999545958073
0.225080536021143 2.0461866911013 0.890359385152436
0.222343541742016 2.06173102342597 0.818169413825455
0.219689068374667 2.07706028281504 0.748517845267676
0.217148495068868 2.09252186157273 0.675529574478578
0.214647394436883 2.10744714538031 0.611457911127212
0.212252355196039 2.12252355196039 0.544749063254682
0.209925066326943 2.13741885714705 0.481461776721166
0.207696002033942 2.15248583926085 0.416870158064928
0.205528159170517 2.16738786034364 0.356516581552656
0.203451552864173 2.18248029436113 0.29638125159087
0.201462572960161 2.19777352320175 0.237680545706809
0.199589612607646 2.21363024892117 0.178489834324752
0.197859748156052 2.23041897921368 0.11906916209246
0.196298819277642 2.24851374808935 0.0626813509104858
0.195238614149622 2.27186751010469 0.00659799787988624
0.301579033049064 3.7697379131204e-06 4.77569988293987
0.241780578566486 0.0402967630944144 3.74800992344477
0.250312988041313 0.375469482061969 3.38295114135579
0.241231792550637 0.402052987584395 3.20415739752997
0.233223923136229 0.42757719241642 3.03795044300772
0.226027179238207 0.452054358476414 2.89050074350343
0.219784215294164 0.476199133137355 2.74892436292568
0.214224317574757 0.499856741007766 2.62561418574853
0.209514633281524 0.52378658320381 2.51596144997787
0.206065840653927 0.549508908410472 2.42372702585909
0.246709570254942 1.06907480443808 2.29434748552332
0.241991546167655 1.08896195775445 2.18949306459874
0.237517114661718 1.10841320175468 2.08848162003359
0.233267012057594 1.12745722494504 1.99160598761597
0.229224024080088 1.14612012040044 1.89914834116365
0.225372713547335 1.16442568666123 1.81137932951355
0.22174867659114 1.18265960848608 1.72384471987992
0.218288053154021 1.20058429234712 1.64214649288141
0.214979613921565 1.2182178122222 1.56655758958626
0.211906864611122 1.23612337689822 1.49004396877867
0.20900965603151 1.25405793618906 1.41851027793113
0.206413265457918 1.27288180365716 1.34556610446852
0.204056879809235 1.29236023879182 1.28020004672104
0.202366561096233 1.31538264712552 1.21672401214272
0.201354711305258 1.34236474203505 1.19355711687529
0.255539059353751 1.91654294515313 1.18773531899669
0.252174859537163 1.93334058978492 1.10668793404011
0.248920305327196 1.94987572506304 1.02782775399307
0.245769901876617 1.96615921501294 0.95125042669044
0.242718525560341 1.98220129207612 0.877049068353857
0.239761392520109 1.99801160433424 0.805314145695836
0.236894030402783 2.01359925842365 0.736133360963575
0.234112252915741 2.02897285860309 0.669591540068047
0.231412136873273 2.04414054238058 0.605770523940474
0.228826947320971 2.05944252588874 0.539343115566314
0.22631533229146 2.07455721267172 0.476345250564207
0.223910090321786 2.08982750967001 0.412075721023373
0.221571290419645 2.10492725898662 0.352052619876714
0.219331244831018 2.12020203336651 0.292281953155403
0.21718602496207 2.13566257879369 0.233981285684337
0.215166201409987 2.15166201409986 0.175254544919486
0.2132670474876 2.1682149827906 0.11906916209246
0.211618030530476 2.18671964881492 0.0606901369441999
0.210442005323966 2.20964105590165 0.00659799787988624
0.313651943471769 3.61906088621313e-06 4.51421673578444
0.256856461980907 0.0395163787662933 3.61867607952325
0.272826977862258 0.335787049676625 3.4079461935711
0.262443024988424 0.363382649983972 3.21821718668729
0.253293173492983 0.38968180537382 3.04657403540766
0.245137294194142 0.414847728636241 2.8943885796562
0.238099566568677 0.439568430588328 2.74892436292568
0.231791516245234 0.463583032490468 2.62561418574853
0.226598403277387 0.488058099366681 2.51184066739871
0.222800980029979 0.514156107761491 2.41949352361277
0.270717975783764 0.99957406443236 2.3833701729951
0.265281063471978 1.02031178258453 2.27557776220495
0.260139405133924 1.0405576205357 2.17137979149763
0.255268341172697 1.0603454171789 2.07107720981395
0.250645987980767 1.07970579437869 1.97496103536295
0.246252847357428 1.09866654974853 1.88331147003678
0.242071481403929 1.11725299109506 1.79639704147091
0.238139356811608 1.13574154787075 1.70981545064469
0.2343872757364 1.15390658824074 1.62911697856774
0.23085381486381 1.17202706007781 1.55061568389193
0.227524838502017 1.19012992447209 1.47571273260439
0.224436895186529 1.20850635869669 1.40284472613208
0.221575780802895 1.22718893983142 1.33515840987196
0.219119720652864 1.24729687140861 1.2684919211101
0.217518765840957 1.27164816953175 1.20635818247004
0.273998563530067 1.85475950697276 1.17284113534826
0.270378011264956 1.87184777029585 1.09218419940032
0.266832873955834 1.88835572337974 1.02077042832025
0.263444963300387 1.90490973463357 0.944405289393999
0.260164406871266 1.92121408151089 0.870424454913128
0.256985964852567 1.93727881196551 0.798918144980048
0.253904742667139 1.95311340513184 0.729973804932125
0.250916162413669 1.96872681278418 0.663675993758345
0.24801593713798 1.98412749710384 0.600106275756101
0.245239637215938 1.9996462726838 0.533960986836816
0.242542882189941 2.01497163665489 0.471253190874004
0.239960754897752 2.03043715682713 0.407306414130979
0.237450411824147 2.0457266249465 0.347614411548965
0.235046424624809 2.06117633901756 0.288209032608066
0.23274453667942 2.07679740421636 0.230309017575781
0.2305774602858 2.09293387028649 0.17204687248245
0.22854009125587 2.10960084236188 0.116392437489396
0.226735230498417 2.12782293236975 0.0606901369441999
0.225473786851964 2.15067304381873 0.00659799787988624
0.325252101066607 3.4848439399805e-06 4.27747281791747
0.296771592068625 0.296771592068625 3.43817639313453
0.284692325094629 0.325362657251005 3.24183077499391
0.274264967304033 0.352626386533757 3.05959026650561
0.264979414504443 0.378542020720634 2.90220126365441
0.256935546613955 0.403755858964787 2.75569025348409
0.249928370503883 0.428448635149514 2.62561418574853
0.24402904968334 0.453196806554775 2.51184066739871
0.239834148326721 0.479668296653443 2.41748173109178
0.289818010515194 0.952259177407066 2.37051216770257
0.283903868157248 0.973384690824851 2.26312670986452
0.278380898055683 0.99421749305601 2.15338785306682
0.273032110048276 1.0141192658936 2.05954661711776
0.268021526158335 1.03379731518215 1.96394160078615
0.263323156843407 1.05329262737363 1.86762209136131
0.258798039495217 1.07216330648018 1.78157022099773
0.254545584550225 1.09090964807239 1.69594964127209
0.250491070842036 1.1093175994433 1.61625842403843
0.24667503239883 1.12765729096608 1.53886714126928
0.243081773718271 1.14595693324328 1.46518046926076
0.239749797149293 1.16449901472514 1.39370162535919
0.236715334254091 1.18357667127046 1.32510442874871
0.234165720751423 1.20428084957875 1.25760636544625
0.232729690295333 1.2301426487039 1.19830663091012
0.292353531419108 1.79588597871738 1.15801661566659
0.288425614209394 1.81296100360191 1.08495963026508
0.284674365957567 1.83004949544151 1.00671266502935
0.281045266606833 1.8468688948449 0.930774203952544
0.277486989394257 1.86312692879001 0.863820293983973
0.274084809668551 1.87943869487007 0.792543319540798
0.27078755001449 1.89551285010143 0.723836123085847
0.267590218453547 1.91135870323962 0.657782995790616
0.264488144038444 1.92698504942295 0.594465224451127
0.261519161914001 1.94271377421829 0.528602732278734
0.258635868640799 1.95824300542319 0.466185650112948
0.255875593890312 1.97389743858241 0.402562286778526
0.253192590596013 1.98937035468296 0.343202002797401
0.250583531566305 2.00466825253044 0.288209032608066
0.248124554674407 2.02044280234874 0.230309017575781
0.245809857455442 2.03671024748794 0.17204687248245
0.243633949512167 2.05348614588827 0.116392437489396
0.241706375290991 2.07176893106564 0.0606901369441999
0.240358523896272 2.09455285109608 0.00659799787988624
0.336867024477651 3.36867024480321e-06 4.06453072556977
0.322297580697489 0.257838064557991 3.48910458159999
0.30829411279804 0.287741171944837 3.27525912343249
0.29619940384637 0.31594603076946 3.08590939118707
0.285656078515722 0.342787294218866 2.91797354913919
0.276515661056032 0.368687548074709 2.76594244140831
0.268522179114405 0.393832529367793 2.63404534448732
0.261893291601905 0.419029266563048 2.51596144997787
0.257078053880746 0.445601960059959 2.41949352361277
0.309107996371918 0.906716789357628 2.35770014233867
0.302687622523278 0.928242042404717 2.25072591471805
0.29669904154381 0.949436932940192 2.1414614374757
0.290908925792989 0.969696419309963 2.04807444446336
0.285490250704032 0.989699535773975 1.95298444704934
0.280413779135008 1.00948960488603 1.85724515566004
0.275530286903546 1.0286464044399 1.7717727195304
0.27094450642618 1.04765209151456 1.6867972144849
0.266575974067229 1.06630389626892 1.60778162531303
0.262525142304047 1.08510392152339 1.52729801772011
0.258657276802245 1.10360438102291 1.45483460444209
0.255128027368594 1.12256332042181 1.38181159406
0.251917360846875 1.1420253691725 1.31303704451524
0.249169823270346 1.16279250859495 1.24916666914723
0.248358107948386 1.19211891815225 1.19254574219107
0.310585189625905 1.73927706190507 1.15063066512026
0.306390229573484 1.75663731622131 1.07775335647638
0.302385069963567 1.77399241045292 0.999712368582228
0.298511601265386 1.79106960759231 0.923988393052613
0.294715139047351 1.80758618615709 0.857236652234043
0.291086080257226 1.82413943627862 0.786189733914699
0.287569930927694 1.84044755793724 0.717720377747771
0.284161259505564 1.85652022876968 0.651912606194294
0.280854988110017 1.87236658740011 0.588847427683903
0.277691177802974 1.88830000906022 0.523268406878634
0.274619401129131 1.90402784782864 0.461142680510518
0.271635526970107 1.91955772392209 0.402562286778526
0.26877879951669 1.93520735652017 0.343202002797401
0.26604397194981 1.95098912763194 0.284162532674668
0.26342609678261 1.96691485597682 0.226663780251305
0.260962072789299 1.98331175319867 0.16886685139521
0.25864601182681 2.00019582479399 0.113743966184473
0.256594132754646 2.01854051100322 0.0587277946287648
0.255117986758846 2.04094389407076 0.00659799787988624
0.348841323990246 3.27038741241168e-06 3.878991494938
0.350232691580801 0.218895432238001 3.5510549122013
0.333576869935722 0.250182652451791 3.32373154247116
0.319486804908309 0.279550954294771 3.12158197050644
0.307294795653929 0.307294795653929 2.94603961691936
0.296840054318293 0.33394506110808 2.78681532605678
0.287777782420682 0.359722228025852 2.64839850236791
0.280295167613028 0.385405855467913 2.52439929529478
0.274754454205236 0.412131681307854 2.42372702585909
0.328571624315477 0.862500513828128 2.35131153136378
0.321686078277797 0.884636715263942 2.23837587191101
0.315131216039624 0.906002246113918 2.13551887229951
0.308945051072425 0.926835153217273 2.0366611541402
0.303095385437717 0.947173079492866 1.94209001787329
0.297620527637547 0.967266714822029 1.84693483338069
0.292360583116128 0.98671696801693 1.762045322978
0.287425351242511 1.00598872934879 1.67771838519527
0.282791155792961 1.02511793974948 1.59521066375995
0.278375108151685 1.04390665556882 1.51968548531802
0.274282436280844 1.06284444058827 1.44467612460886
0.27043303272074 1.08173213088296 1.37599605638049
0.267044936096661 1.10156036139873 1.30606460924964
0.264207304015805 1.12288104206717 1.24130376975136
0.263590696247476 1.15320929608271 1.19296602948186
0.328768015039084 1.68493607707531 1.14326235261623
0.324353571721137 1.70285625153597 1.06339598360714
0.320036418631375 1.72019575014364 0.992731222756519
0.31591399162627 1.73752695394448 0.917222494558489
0.311875163504427 1.75429779471241 0.850673596140712
0.308015393639288 1.77108851342591 0.77985745244047
0.304276850764102 1.7876264982391 0.711626631035681
0.300653634981899 1.8039218098914 0.646064884786382
0.297140235616198 1.81998394314921 0.583252942893469
0.293778901932702 1.83611813707939 0.517958065396556
0.290516175141299 1.85204061652578 0.456124334062681
0.287347582635575 1.86775928713124 0.397843388116693
0.284314536551238 1.88358380465195 0.338815439603112
0.281411397364944 1.89952693221337 0.280142495827226
0.278632850656302 1.91560084826207 0.223045612320432
0.275973882982737 1.93181718087916 0.16886685139521
0.273516637569806 1.94880604268486 0.113743966184473
0.271339452026717 1.96721102719369 0.0587277946287648
0.269771704571554 1.98956632121521 0.00659799787988624
0.362801945601911 3.20119363764381e-06 3.71554791968547
0.361274829279814 0.212514605458714 3.38295114135579
0.344558214616636 0.243217563258802 3.16707297699291
0.330390399552828 0.272086211396447 2.978823441958
0.318211975563412 0.299493624059682 2.81539855903944
0.307959411753544 0.326074671268459 2.66611456317648
0.299363394376875 0.352192228678676 2.53754391834475
0.29287385842935 0.37901322855563 2.43180687021296
0.348335056432037 0.819611897487147 2.34493460625339
0.340877051325381 0.842166832686234 2.23222003688429
0.333790793142977 0.863929111664177 2.12959014841274
0.327113384417749 0.885130334306851 2.03097673374128
0.320880167620975 0.906014590929813 1.93125875470349
0.31491313274828 0.926215096318471 1.84180478366134
0.309326628802955 0.946175570456099 1.75238843000064
0.304023540515373 0.965721834578244 1.66871352797154
0.298981605759322 0.984880583677768 1.59105898071302
0.294311198705272 1.00412056028857 1.51215349935623
0.289923353563203 1.02325889492895 1.43800838736017
0.285861711645117 1.04255447776455 1.36743530416977
0.282229141945825 1.06250971085487 1.29929402334772
0.279304411878078 1.08435830493842 1.23401997110925
0.278366823301112 1.11346729320445 1.19313920618185
0.34692954060826 1.6326096028624 1.13591175183896
0.34223908133299 1.65080027466501 1.05624502844083
0.33765421949357 1.66840908455646 0.98576929769942
0.333277469581424 1.68599190494132 0.910476576634439
0.328991364468518 1.70301412195468 0.84413119199041
0.324896370262362 1.72003960727133 0.773546539258332
0.320931289533907 1.73680462571291 0.705554944861469
0.317089721698359 1.75331963762622 0.640239891170885
0.313365694241107 1.76959450865567 0.577681827298974
0.309753626626787 1.78563855349559 0.517958065396556
0.306297627806919 1.8017507518054 0.456124334062681
0.302990910249099 1.81794546149459 0.393149767055487
0.299730929889213 1.83364804167519 0.338815439603112
0.29665773041515 1.84974820141211 0.280142495827226
0.293716916847203 1.86596629526458 0.223045612320432
0.290903118157951 1.88231429396322 0.16886685139521
0.288302839604261 1.89940694327513 0.113743966184473
0.285998570360921 1.9178727659497 0.0587277946287648
0.284337391425555 1.94018455325673 0.00659799787988624
0.379209441647798 3.16007868039476e-06 3.60587855165035
0.392010468792726 0.17422687501899 3.46865403247161
0.371927487684975 0.206626382047208 3.22763576700841
0.355162911539573 0.236775274359716 3.02509677332798
0.341039324744437 0.265252808134562 2.84856107147742
0.329200991828146 0.292623103847241 2.69056013067565
0.319261949228573 0.319261949228573 2.5559725181253
0.311641485789698 0.346268317544108 2.44344352456522
0.368461845366625 0.777863895773985 2.33856943042728
0.360304923410587 0.800677607579081 2.23222003688429
0.352729974220463 0.823036606514412 2.12367532531951
0.345527289517704 0.844622263265499 2.02530720632559
0.338812562693062 0.86585432688227 1.92586694769589
0.332395125025557 0.886387000068153 1.83669154465521
0.326393417787447 0.90664838274291 1.74758654622093
0.32070303407283 0.926475431765954 1.66423895518275
0.315368890655048 0.946106671965145 1.58281383023935
0.310364618205051 0.965578812193492 1.50470237623513
0.305666595238043 0.984925695767027 1.43142464748131
0.30131976269027 1.00439920896757 1.36183686540576
0.297496589981228 1.02471047660201 1.29272596413687
0.294358689759095 1.04660867469901 1.22992856574538
0.293192590249547 1.07503949758167 1.19333623498515
0.365095771676807 1.58208167726617 1.12857893631206
0.360063101843814 1.60028045263917 1.05624502844083
0.355262724721449 1.6184190792866 0.978826663381515
0.350625504016406 1.63625235207656 0.903750707260162
0.346086476654063 1.65352427734719 0.837609505877912
0.341751062243427 1.67078297096786 0.767257058309256
0.337554660040422 1.68777330020211 0.699505380930451
0.333436343881837 1.70423020206272 0.640239891170885
0.329551612687957 1.72099175514822 0.572134137899013
0.325732464135389 1.73723980872208 0.51267176236537
0.322079107984551 1.75354181013811 0.451130662531367
0.318533064845397 1.76962813802998 0.393149767055487
0.315139990143782 1.78579327748143 0.334454767699754
0.311893402530759 1.80205077017772 0.276148964283469
0.308737899776963 1.81812318757545 0.223045612320432
0.305815644913601 1.8348938694816 0.165714515771616
0.303069558958439 1.85209174919046 0.111123777133247
0.30058798877114 1.87032526346487 0.0587277946287648
0.298831280727224 1.89259811127242 0.00659799787988624
0.42742368412031 0.134975900248519 3.58234673991735
0.40243322931807 0.169445570239187 3.30910352688406
0.382215024351424 0.201165802290223 3.08590939118707
0.365531341106583 0.230861899646263 2.8943885796562
0.351798790883216 0.259220161703422 2.72241813841042
0.340206081601502 0.286489331874949 2.58044020998004
0.331218026844838 0.313785499116162 2.45955751680296
0.330113833544974 0.347488245836814 2.40251973894633
0.388931947886993 0.736923690733249 2.33856943042728
0.380103520495866 0.760207040991732 2.23222003688429
0.371919778037418 0.782989006394563 2.12367532531951
0.364236711817677 0.805154836649603 2.01965262908209
0.356926104186699 0.826565714958672 1.92586694769589
0.350108354497393 0.847630752993689 1.83159516849437
0.343664908498136 0.868206084626871 1.74280243664931
0.337563689600465 0.888325498948591 1.65978301462202
0.33185001480608 0.90822109315348 1.5787204486457
0.326494445847907 0.927931582936155 1.50100723627732
0.321470697141696 0.947492581049209 1.42816436428409
0.316894352980527 0.967361709098452 1.35632569362393
0.312805218075852 0.98780595181848 1.28846009931489
0.309577370881649 1.01019984182433 1.2247996324067
0.308025709733093 1.03756028541674 1.19333623498515
0.383291589759328 1.53316635903731 1.12126397939747
0.377964438686264 1.55164348513308 1.04911265644801
0.372885009612069 1.57004214573503 0.97190338959603
0.367920401485079 1.58786699588297 0.903750707260162
0.363182024796911 1.60564684647056 0.831108603705626
0.358542055270403 1.62287456596077 0.767257058309256
0.354109720271215 1.64008712546668 0.699505380930451
0.349818414147532 1.65703459333041 0.63443768473812
0.345661140481012 1.67372762759227 0.572134137899013
0.341686491213544 1.69044895653017 0.507409552090246
0.337777418008932 1.70666484888724 0.451130662531367
0.334091462297847 1.72320859500995 0.388481472263739
0.330513180767927 1.7395430566733 0.330120032573035
0.327037688676728 1.75567601289612 0.276148964283469
0.323763790802244 1.77218074965439 0.219454552131602
0.32063234356753 1.78879096937675 0.165714515771616
0.31773846918478 1.80609235115559 0.111123777133247
0.315122991244457 1.82439626509949 0.0587277946287648
0.313268392204991 1.84663473299784 0.00659799787988624
0.43758982017493 0.131276946052479 3.41799476788387
0.412506470539209 0.165002588215684 3.16248002667815
0.392410626163467 0.196205313081733 2.95009666459795
0.376050067635712 0.225630040581427 2.76594244140831
0.362487828787698 0.253741480151389 2.61186609780089
0.351705139041281 0.281364111233025 2.48304049160984
0.34624732652352 0.311622593871168 2.39073443544902
0.409805948743573 0.696670112864075 2.34493460625339
0.400338803789541 0.720609846821174 2.23222003688429
0.391494503197281 0.743839556074835 2.12367532531951
0.383208425335886 0.766416850671773 2.01965262908209
0.375425103084657 0.78839271647778 1.9204910966914
0.368014161120747 0.809631154465643 1.83159516849437
0.361100555230539 0.83053127703024 1.74280243664931
0.354642428583657 0.851141828600776 1.6553457523315
0.348525540757216 0.87131385189304 1.57464658639767
0.342797592550244 0.891273740630634 1.49733242929034
0.337429274563634 0.911059041321809 1.42492518530162
0.332613392950404 0.931317500261132 1.35090202803191
0.328243048422131 0.951904840424181 1.28428473098668
0.324854233885126 0.974562701655379 1.2211981834564
0.323019144706333 1.00135934858963 1.19355711687529
0.401541094216376 1.48570204860059 1.11396695429471
0.395910234618693 1.50445889155103 1.04199893916237
0.390479546203279 1.52287023019279 0.97190338959603
0.38530065682795 1.5412026273118 0.897044954230045
0.380298620722257 1.55922434496125 0.824628551182934
0.375403009471896 1.57669263978197 0.760989073334315
0.370727872398867 1.59412985131513 0.69347800074073
0.366203205497537 1.61129410418916 0.628658324664112
0.361821440940441 1.62819648423198 0.566609931471066
0.357575529714747 1.64484743668784 0.507409552090246
0.353515813308739 1.66152432255107 0.446161717443868
0.349577753204816 1.67797321538312 0.388481472263739
0.345811126835338 1.69447452149316 0.330120032573035
0.342208519325487 1.71104259662743 0.272181980006391
0.338708883330676 1.72741530498645 0.219454552131602
0.335414487213188 1.74415533350858 0.165714515771616
0.332369955102753 1.76156076204459 0.111123777133247
0.329670016424708 1.78021808869342 0.0567943462295013
0.327662748654688 1.80214511760078 0.00659799787988624
0.480252213099433 0.0914766120189395 3.57189376135729
0.447421466158046 0.127834704616585 3.26566499299197
0.422384382667569 0.160908336254312 3.02509677332798
0.402545647236698 0.191688403446047 2.82267680189223
0.386396677786051 0.220798101592029 2.65424447801605
0.373603039889932 0.249068693259955 2.51184066739871
0.365340464925125 0.278354639942953 2.40254202568618
0.431250256914064 0.657143248630955 2.35131153136378
0.421083416343117 0.681754102650761 2.23222003688429
0.411518303257206 0.705459948440925 2.12367532531951
0.402577418324801 0.728473423635355 2.01965262908209
0.39419635823889 0.750850206169314 1.9204910966914
0.386233294212472 0.772466588424944 1.83159516849437
0.378899927777792 0.793885562962993 1.73803615038166
0.371895080233817 0.814627318607408 1.6553457523315
0.365430964212684 0.835270775343279 1.57059228595327
0.359306849774385 0.855492499462822 1.49367799395996
0.353650678899387 0.875706442988957 1.41851027793113
0.348428904872268 0.895960041100118 1.34822308388862
0.34376167856727 0.916697809512719 1.28223104176045
0.340278473963735 0.939816737614126 1.21780739511332
0.338061009865964 0.965888599617041 1.19355711687529
0.425970402498398 1.41990134166133 1.18773531899669
0.419799153790491 1.43931138442454 1.11396695429471
0.413923066363954 1.45858604337774 1.03490394794689
0.40819256984477 1.47726834800964 0.964999545958073
0.402729877158376 1.4958538294454 0.890359385152436
0.397391568302605 1.51387264115278 0.824628551182934
0.392297614505264 1.53182878044913 0.754742647874036
0.387310095292148 1.54924038116859 0.69347800074073
0.382546679775911 1.56661973622516 0.628658324664112
0.377935475819918 1.58372961295966 0.566609931471066
0.373529112869237 1.60083905515387 0.502171488648018
0.369199210365332 1.61744415969574 0.446161717443868
0.365117546053757 1.63433568233587 0.383838552168556
0.361099676259371 1.6507413771857 0.330120032573035
0.357313672713783 1.66746380599765 0.272181980006391
0.353693433997629 1.68425444760776 0.215890637771741
0.350231970163818 1.70112671222426 0.16258989945742
0.346977800414063 1.71836624966965 0.111123777133247
0.34414052125252 1.73709025013177 0.0567943462295013
0.34202755464541 1.75899885246211 0.00659799787988624
0.489781397251433 0.0890511631366243 3.41296691939104
0.457082102430693 0.124658755208371 3.12158197050644
0.432227408485486 0.157173603085632 2.8943885796562
0.412778949400375 0.187626795181989 2.70313145535147
0.397214628418374 0.216662524591841 2.54894162049736
0.386156629444663 0.245736036919331 2.42482905633115
0.453358394678814 0.618215992743837 2.35770014233867
0.442318357631971 0.643372156555594 2.23837587191101
0.431964555832088 0.667581586285954 2.12959014841274
0.422311131632749 0.691054579035408 2.02530720632559
0.413282857479336 0.713852208373399 1.92586694769589
0.404815577232821 0.736028322241493 1.83159516849437
0.396942781481497 0.757799855555584 1.73803615038166
0.389437569296366 0.778875138592733 1.6553457523315
0.382518785677561 0.799812006416719 1.57059228595327
0.375973368849866 0.820305532036071 1.49367799395996
0.369932792108114 0.84075634570026 1.41851027793113
0.364439794101853 0.861403149695288 1.34556610446852
0.359535301011447 0.88249573884628 1.27819176876426
0.355798734281316 0.90566950544335 1.21566409200438
0.353317586823514 0.931473637989264 1.19380185259836
0.444663561665273 1.37441464514721 1.18773531899669
0.438223650196336 1.39434797789743 1.10668793404011
0.431954609530803 1.41366963119172 1.03490394794689
0.425984489292817 1.43285691853038 0.958115201903963
0.420159961530301 1.45146168528649 0.890359385152436
0.414606886577975 1.46996987059464 0.818169413825455
0.409178151114868 1.48792054950861 0.754742647874036
0.403997307137257 1.50580814478432 0.687472865582562
0.398987375953679 1.52340634455041 0.62290186990997
0.394139506368552 1.54072716125888 0.561109264570843
0.389445473810893 1.55778189524357 0.502171488648018
0.384959593566671 1.57483470095456 0.441217550092295
0.380611131405879 1.59164654951549 0.383838552168556
0.376453863298328 1.60848468863831 0.32581127946025
0.372419733336921 1.62510429092475 0.272181980006391
0.368620740331355 1.64203784329422 0.215890637771741
0.364989069842429 1.6590412265565 0.16258989945742
0.361632545296886 1.67665998274011 0.108531899016213
0.358597174062019 1.69518664102045 0.0567943462295013
0.356375346104893 1.71708121305085 0.00659799787988624
0.499167741344053 0.0868117811033137 3.26088078435475
0.466590734327712 0.121719321998534 2.98713508151653
0.44220203796052 0.153809404508007 2.76938725478001
0.423141974980422 0.183974771730618 2.59587427889313
0.408938162257293 0.213359041177718 2.45647385995386
0.476129588703533 0.579636021030388 2.37051216770257
0.464121021202359 0.605375245046555 2.25072591471805
0.45300112305696 0.630262432079247 2.13551887229951
0.442565167153425 0.654226768835498 2.03097673374128
0.432927163441135 0.677625125386124 1.92586694769589
0.423815376496844 0.700216708994786 1.83159516849437
0.41526563851512 0.722201110461079 1.74280243664931
0.407313659303704 0.743790160467634 1.6553457523315
0.399906003208359 0.765037571355122 1.57059228595327
0.392909108010959 0.785818216021919 1.49367799395996
0.386457483627556 0.806519965831422 1.41851027793113
0.380593212748488 0.827376549453235 1.34556610446852
0.375356799962387 0.848632765132353 1.27819176876426
0.37151213336452 0.872245878334092 1.21361469363689
0.368665091006218 0.897619352015141 1.19380185259836
0.463564396862169 1.33022826925666 1.1802795563171
0.456697471119626 1.35023600157107 1.10668793404011
0.450165361003819 1.37006849001162 1.02782775399307
0.443804031579507 1.38929957711846 0.958115201903963
0.437745145253282 1.40839742385839 0.88369406744898
0.431831736976306 1.42692226131301 0.818169413825455
0.426193212086416 1.44535089316263 0.748517845267676
0.420678879618773 1.46323088563051 0.687472865582562
0.415415772860094 1.48104753802295 0.62290186990997
0.410325114725138 1.49857867986572 0.561109264570843
0.405463403105166 1.51608055074106 0.496957625886623
0.400690732406806 1.53307758486082 0.441217550092295
0.396129352755413 1.55007138034727 0.383838552168556
0.391769608109726 1.56707843243891 0.32581127946025
0.387602463341004 1.58411441539367 0.268241584703756
0.383558220661959 1.60093866015427 0.215890637771741
0.379752161091007 1.6180744255182 0.16258989945742
0.376234276778383 1.63580120338427 0.108531899016213
0.373052250839361 1.65440563415717 0.0567943462295013
0.370718117415045 1.67629061787672 0.00659799787988624
0.5560467670247 0.0463372305853917 3.48398226137528
0.508427485165352 0.0847379141942254 3.11708730378534
0.475963892475607 0.118990973118902 2.863635061065
0.45219409993269 0.15073136664423 2.65718977980632
0.434070810266266 0.180862837610944 2.49987308867568
0.424760866654788 0.212380433327394 2.39030068788601
0.49978703221618 0.541435951567528 2.3833701729951
0.486692345412426 0.567807736314497 2.26312670986452
0.474718466470096 0.59339808308762 2.1414614374757
0.463417576608637 0.617890102144849 2.0366611541402
0.453007295464907 0.64176033524195 1.93125875470349
0.443193500034077 0.664790250051115 1.83669154465521
0.434103042313435 0.687329816996273 1.74280243664931
0.425570914300388 0.709284857167313 1.6553457523315
0.417635387671639 0.730861928425369 1.57059228595327
0.410152766018036 0.751946737699732 1.49367799395996
0.403259982915711 0.772914967255113 1.41851027793113
0.396997885627908 0.793995771255816 1.34556610446852
0.391491540764943 0.815607376593631 1.27620623056523
0.387362518838029 0.839285457482397 1.21262524153727
0.482549012840826 1.28679736757554 1.1802795563171
0.475390801749181 1.30732470481025 1.09942699150609
0.468433482104787 1.32722819929689 1.02782775399307
0.461814351112899 1.34695852407929 0.95125042669044
0.455365795335754 1.36609738600726 0.88369406744898
0.44914993331881 1.38487896106633 0.818169413825455
0.443225446020191 1.4035472457306 0.748517845267676
0.437506016640899 1.42189455408292 0.681490036537656
0.431980442074804 1.43993480691601 0.617168379221217
0.426638358654046 1.45768105873466 0.555632193531697
0.421470162348365 1.47514556821928 0.496957625886623
0.416533979735747 1.49258009405309 0.436298211533045
0.411752691466239 1.50975986870954 0.379221054954777
0.407118659582976 1.52669497343616 0.32581127946025
0.402753637096271 1.54388894220237 0.268241584703756
0.398518826496128 1.5608654037765 0.215890637771741
0.394533798928883 1.57813519571553 0.16258989945742
0.390850281490513 1.59597198275293 0.108531899016213
0.387517605625614 1.61465669010672 0.0567943462295013
0.385067431034602 1.63653658189706 0.00659799787988624
0.564926816795403 0.0451941453436322 3.32862362855219
0.517407730540385 0.0827852368864616 2.98713508151653
0.485680266940341 0.116563264065682 2.74221392515901
0.462514697946707 0.148004703342946 2.5559725181253
0.446995041748446 0.178798016699379 2.41650211998779
0.510155891292265 0.530562126943956 2.27557776220495
0.497108746528005 0.556761796111365 2.15338785306682
0.484848209654981 0.581817851585977 2.04807444446336
0.473586539746433 0.606190770875434 1.94209001787329
0.463107548159235 0.62982626549656 1.84180478366134
0.453324191371455 0.652786835574895 1.74758654622093
0.444162749474296 0.675127379200929 1.65978301462202
0.43565692594652 0.697051081514432 1.57464658639767
0.427746249731411 0.71861369954877 1.49367799395996
0.42037817285013 0.739865584216229 1.41851027793113
0.413688274726618 0.761186425496976 1.34556610446852
0.407803688296816 0.782983081529887 1.27620623056523
0.4033688612558 0.8067377225116 1.21262524153727
0.501715986356884 1.24425564616507 1.1802795563171
0.494175158053721 1.26508840461753 1.09942699150609
0.486852283152048 1.28529002752141 1.02782775399307
0.479889127721967 1.30529842740375 0.95125042669044
0.47311067060354 1.32470987768991 0.88369406744898
0.466656631708463 1.34397109932037 0.811731256954399
0.460359628288742 1.36266449973468 0.748517845267676
0.454357080432233 1.38124552451399 0.681490036537656
0.448560945317762 1.39951014939142 0.617168379221217
0.442959999905505 1.41747199969762 0.555632193531697
0.437543859047497 1.43514385767579 0.496957625886623
0.432372486891059 1.45277155595396 0.436298211533045
0.427365482905301 1.47013726119424 0.379221054954777
0.422582367709699 1.48748993433814 0.321528553349733
0.417945969283429 1.50460548942035 0.268241584703756
0.413581245258821 1.52197898255246 0.212353907065818
0.409411427814414 1.5393869685822 0.159493036029855
0.40549243863348 1.55709096435256 0.108531899016213
0.402004768899524 1.57585869408614 0.0567943462295013
0.399434513510717 1.59773805404287 0.00659799787988624
0.5735397291945 0.0441184407072693 3.18554006967609
0.526621970666433 0.0810187647179128 2.85984746359408
0.495456995353819 0.114336229697035 2.63404534448732
0.473933409195028 0.145825664367701 2.46431057757533
0.534537402219042 0.493419140509885 2.29434748552332
0.520278810267849 0.520278810267849 2.17137979149763
0.507059632946799 0.546064220096553 2.05954661711776
0.494849767886988 0.570980501408063 1.95298444704934
0.483633357411015 0.595241055275095 1.84693483338069
0.473087785228049 0.618653257605911 1.75238843000064
0.463237715882977 0.641406068145661 1.66423895518275
0.45411054657674 0.663700029612159 1.5787204486457
0.445636870315317 0.685595185100488 1.49733242929034
0.437853221494479 0.707301357798773 1.41851027793113
0.430701574847644 0.728879588203705 1.34556610446852
0.424316382566176 0.750713599924774 1.27819176876426
0.419642728741198 0.774725037676059 1.21262524153727
0.521177280332593 1.20271680076752 1.17284113534826
0.513150115586619 1.22366566024502 1.09942699150609
0.505527644719605 1.24437574084826 1.02077042832025
0.498122679139395 1.26446526243077 0.95125042669044
0.491080411081386 1.28436415205901 0.877049068353857
0.484222432981506 1.30367578110405 0.811731256954399
0.477691824007744 1.32283889725221 0.742314728652602
0.471317860261692 1.34144314074482 0.681490036537656
0.465241259411325 1.35993598904849 0.617168379221217
0.459372305540139 1.37811691662042 0.555632193531697
0.453772922314545 1.39622437635245 0.491768017424522
0.448285375144219 1.41382310622407 0.436298211533045
0.443045396345735 1.43137743434776 0.379221054954777
0.438041183398267 1.44890545277889 0.321528553349733
0.433192422300567 1.46618973701731 0.268241584703756
0.428628341692974 1.48371349047568 0.212353907065818
0.424269101803806 1.50125989869039 0.159493036029855
0.420172407783178 1.51908485890841 0.108531899016213
0.416525035415946 1.53793859230503 0.0567943462295013
0.413830340903869 1.55982205417612 0.00659799787988624
0.582267108703096 0.0431308969409701 3.04657403540766
0.535921496563659 0.0793957772686903 2.74221392515901
0.505945999132746 0.112432444251721 2.53309758704806
0.489217578978259 0.144953356734299 2.39334477925373
0.560124738206381 0.456397934834829 2.31322748481797
0.544480978877224 0.483983092335311 2.18949306459874
0.530172708589449 0.510536682345395 2.07107720981395
0.516898657591074 0.536043052316669 1.96394160078615
0.504744802443014 0.560827558270016 1.85724515566004
0.493358484008465 0.584721166232255 1.762045322978
0.482860917289122 0.608047081030746 1.66871352797154
0.473053335982572 0.630737781310097 1.58281383023935
0.463965791468077 0.652988891695813 1.50100723627732
0.455529520660905 0.674858549127267 1.42492518530162
0.447980020550059 0.696857809744537 1.34822308388862
0.44124786942314 0.719070602022895 1.27819176876426
0.436122939167046 0.743024266729041 1.21361469363689
0.540792841974491 1.16170314201928 1.17284113534826
0.532341417688928 1.18298092819762 1.09942699150609
0.524321458335375 1.20399742284419 1.02077042832025
0.516537545080111 1.22438529204175 0.95125042669044
0.509139159447355 1.2445623897602 0.877049068353857
0.50194035282624 1.26414607378461 0.811731256954399
0.495088604878717 1.28356304968556 0.742314728652602
0.488485375375531 1.30262766766808 0.675529574478578
0.482038325994676 1.32114207865207 0.617168379221217
0.475891387435559 1.33954612759639 0.555632193531697
0.470029003052247 1.35786156437316 0.491768017424522
0.464287304388524 1.37566608707711 0.436298211533045
0.458806454536919 1.39341219526027 0.379221054954777
0.453573824391467 1.41111856477346 0.321528553349733
0.448505894080484 1.42857432929339 0.268241584703756
0.443736138350979 1.44625111758837 0.212353907065818
0.439181591327504 1.46393863775835 0.159493036029855
0.434901711570464 1.48188731349936 0.108531899016213
0.431089543962312 1.50083026416509 0.0567943462295013
0.428265716037711 1.52272254591186 0.00659799787988624
0.590932266249593 0.0422094475892566 2.91797354913919
0.545493822468619 0.0779276889240886 2.63404534448732
0.517991852643224 0.110998254137833 2.44344352456522
0.587137087666946 0.419383634047819 2.33221606720439
0.569891100623322 0.447771579061182 2.20772603974203
0.554206600877342 0.475034229323435 2.08848162003359
0.539852897189345 0.501291975961535 1.97496103536295
0.526646313686813 0.526646313686813 1.86762209136131
0.514323202219952 0.551060573807092 1.7717727195304
0.502994364674394 0.574850702485022 1.67771838519527
0.492440291838884 0.597963211518645 1.59105898071302
0.482789406096746 0.620729236410103 1.50470237623513
0.473746290524604 0.642941394283392 1.42816436428409
0.465658750130566 0.665226785900808 1.35090202803191
0.458348904756359 0.687523357134539 1.28223104176045
0.452834752721675 0.711597468562633 1.21566409200438
0.44880967600757 0.737330182012437 1.19380185259836
0.560674008605205 1.12134801721041 1.17284113534826
0.551776005206015 1.14296458221246 1.09942699150609
0.543338364992628 1.16429649641277 1.02077042832025
0.535157115998918 1.18499075685475 0.95125042669044
0.527385887836178 1.20545345791127 0.877049068353857
0.51983094483471 1.22531579853896 0.811731256954399
0.512644068685651 1.24499273823658 0.742314728652602
0.505722338133497 1.26430584533374 0.675529574478578
0.499050152016043 1.28327181946983 0.611457911127212
0.492613175901795 1.3019062505976 0.550178774464039
0.486398211145795 1.32022371596716 0.491768017424522
0.480470400420124 1.3384532583132 0.431403752586192
0.474739034108741 1.35639724031069 0.37462902856448
0.469193788278832 1.37406752281658 0.321528553349733
0.463973527500822 1.39192058250247 0.264327819827658
0.458917029959365 1.40953087773234 0.212353907065818
0.454160805378882 1.42736253119077 0.159493036029855
0.449691812449245 1.44543796858686 0.108531899016213
0.445779859584724 1.46470525292124 0.0548898137292417
0.442751339534291 1.48637949700798 0.00659799787988624
0.736835258578622 3.81121685465384e-06 3.50965707010694
0.59973435656528 0.0413609901079503 2.79743405809306
0.555881563245308 0.0766733190683184 2.53309758704806
0.538053123133795 0.111321335820785 2.39404890903985
0.615571128507651 0.382078631487507 2.3641003756581
0.596591322526292 0.411442291397442 2.23222003688429
0.579450052853849 0.439582798716713 2.10601485398814
0.56372861247252 0.466534024115189 1.99160598761597
0.549333274874264 0.492505694714857 1.88331147003678
0.536081653240091 0.517596078990433 1.78157022099773
0.523826045757281 0.54188901285236 1.6867972144849
0.512558969874741 0.565582311585921 1.59521066375995
0.502060280144288 0.588622397410544 1.51215349935623
0.492462847883514 0.611333190476086 1.43142464748131
0.483680854549226 0.633788705961055 1.35632569362393
0.47595242021209 0.656486096844263 1.28428473098668
0.469908368807063 0.68055694792747 1.21780739511332
0.465736818994632 0.706635173647029 1.19380185259836
0.580851571009638 1.08158568394898 1.17284113534826
0.57148229110623 1.10355201041203 1.09942699150609
0.562604682793177 1.12520936558635 1.02077042832025
0.55400584845876 1.14621899681123 0.95125042669044
0.545843399240774 1.16697554320441 0.877049068353857
0.53800301178327 1.1873169915217 0.805314145695836
0.530378211551987 1.20706765387694 0.742314728652602
0.523123949369806 1.22663546748782 0.675529574478578
0.516135743976635 1.24584489925395 0.611457911127212
0.509398006401759 1.26471229175609 0.550178774464039
0.50289640955246 1.28325290713386 0.491768017424522
0.496697689556086 1.30169049676767 0.431403752586192
0.490707511682288 1.31983399693857 0.37462902856448
0.48491472295637 1.33769578746585 0.321528553349733
0.479462389748337 1.35572123997806 0.264327819827658
0.474183484323313 1.37349698907442 0.212353907065818
0.469218693903335 1.39147612674782 0.159493036029855
0.46462794098933 1.40990547610555 0.105968360238435
0.46046833196951 1.42903965093986 0.0548898137292417
0.457297876262533 1.45073809021217 0.00659799787988624
0.74441876960634 3.72209384800583e-06 3.35320247388202
0.609071368052869 0.0406047578701914 2.68128355004942
0.567825961506461 0.0757101282008615 2.44482273548937
0.624978400094237 0.374987040056542 2.2569199991542
0.605981778246588 0.403987852164392 2.12959014841274
0.588815051143127 0.431797704171627 2.00838855319462
0.573060060200219 0.458448048160175 1.89914834116365
0.558626495547528 0.484142962807858 1.79639704147091
0.545454824036197 0.50909116910045 1.69594964127209
0.533151948134458 0.533151948134458 1.60778162531303
0.52195332778441 0.556750216303369 1.51968548531802
0.511629447464475 0.579846707126405 1.43800838736017
0.502199604483784 0.60263952538054 1.36183686540576
0.49390297590924 0.625610436151704 1.28846009931489
0.487281350827689 0.649708467770253 1.2211981834564
0.482944299808521 0.676122019731928 1.19355711687529
0.601358400383761 1.04235456066519 1.17284113534826
0.591490464098808 1.06468283537786 1.09942699150609
0.582148248206387 1.08667672998525 1.02077042832025
0.573109498405614 1.10801169691752 0.95125042669044
0.564535609227131 1.12907121845426 0.877049068353857
0.55630684140968 1.14970080558001 0.805314145695836
0.548311843779212 1.16973193339565 0.742314728652602
0.540709706989378 1.18956135537663 0.675529574478578
0.533391419408054 1.20902055065826 0.611457911127212
0.526340002716809 1.22812667300589 0.550178774464039
0.519539883797948 1.24689572111508 0.491768017424522
0.513059310925755 1.26554630028353 0.431403752586192
0.50680020889406 1.28389386253162 0.37462902856448
0.500830797061302 1.30216007235939 0.317271898980405
0.495057465423551 1.32015324112947 0.264327819827658
0.489548120930279 1.33809819720943 0.212353907065818
0.484367321792992 1.35622850102038 0.159493036029855
0.47957651595512 1.37478601240468 0.105968360238435
0.47523425549427 1.39402048278319 0.0548898137292417
0.471916018584113 1.41574805575234 0.00659799787988624
0.751785976161318 3.63767407816652e-06 3.20883485365871
0.618768466157975 0.0399205462037403 2.57792251759115
0.588913576989921 0.0759888486438607 2.39404890903985
0.655109156994805 0.338120855223125 2.29434748552332
0.634198356898608 0.36824420723145 2.15338785306682
0.615187647850527 0.39689525667776 2.03097673374128
0.597864056913452 0.424290621035353 1.9204910966914
0.582212843330615 0.450745427094669 1.81137932951355
0.567870773935374 0.476278713623217 1.70981545064469
0.554658799721651 0.500982141684072 1.61625842403843
0.542551960761697 0.525050284608094 1.52729801772011
0.531422220294134 0.548564872561688 1.44467612460886
0.521277238882272 0.571723423290234 1.36743530416977
0.512355238301004 0.594993179962456 1.29272596413687
0.505099920912165 0.619154741763299 1.2247996324067
0.500679674294816 0.646038289412666 1.19355711687529
0.622127823082536 1.00343197271377 1.1802795563171
0.611832830122508 1.02630023117324 1.09942699150609
0.601998711422097 1.04864291667075 1.02077042832025
0.592495378427373 1.07031423199784 0.95125042669044
0.583487771602207 1.09168679848155 0.877049068353857
0.574850402790003 1.11261368281936 0.805314145695836
0.566466766896216 1.13293353379243 0.742314728652602
0.558499962058268 1.1530321797332 0.675529574478578
0.550836228984256 1.1727481004181 0.611457911127212
0.5434570457049 1.19209932606236 0.550178774464039
0.53634545899482 1.21110264934314 0.491768017424522
0.529571136481113 1.2299716718271 0.431403752586192
0.523032132282817 1.24852831577189 0.37462902856448
0.516798227353755 1.26698920254469 0.317271898980405
0.510772258209934 1.28516890775403 0.264327819827658
0.505023789115453 1.3032871977173 0.212353907065818
0.49961894195156 1.32157268516219 0.159493036029855
0.49462064336857 1.34026238848258 0.105968360238435
0.490088846751 1.3596013167931 0.0548898137292417
0.486616547605227 1.38136310287935 0.00659799787988624
0.759426109454606 3.55980988804497e-06 3.06832113493364
0.6298238706191 0.0393639919136938 2.48304049160984
0.687724009987747 0.300879254369639 2.33221606720439
0.664150841126682 0.332075420563341 2.18949306459874
0.643097792981965 0.361742508552355 2.05954661711776
0.624220458013138 0.390137786258211 1.93666646303666
0.607011167667745 0.417320177771575 1.82651570715601
0.591329804243039 0.443497353182279 1.72384471987992
0.576953294120368 0.468774551472799 1.62911697856774
0.56382864548304 0.493350064797661 1.53886714126928
0.551802190511457 0.517314553604491 1.45483460444209
0.54086606544148 0.54086606544148 1.37599605638049
0.531254855427436 0.56445828389165 1.29929402334772
0.523304337349503 0.58871737951819 1.22992856574538
0.518780142708368 0.616051419466188 1.19333623498515
0.643398683787768 0.965098025681652 1.1802795563171
0.632544202308763 0.988350316107442 1.09942699150609
0.622187870424129 1.01105528943921 1.02077042832025
0.612192646020873 1.03307509016022 0.95125042669044
0.602726728955633 1.05477177567236 0.877049068353857
0.59365849576085 1.07600602356654 0.805314145695836
0.584865966697826 1.09662368755842 0.742314728652602
0.576516089866599 1.11699992411654 0.675529574478578
0.568490109572474 1.13698021914495 0.611457911127212
0.560767782907062 1.15658355224581 0.550178774464039
0.553330623087931 1.17582757406185 0.491768017424522
0.546249610548661 1.1949210230752 0.431403752586192
0.53941878162469 1.21369225865555 0.37462902856448
0.532909400472913 1.23235298859361 0.317271898980405
0.526620634604766 1.25072400718632 0.264327819827658
0.520706747571103 1.26922269720456 0.20884439757644
0.514986068742112 1.28746517185528 0.159493036029855
0.509772252597629 1.30629139728142 0.105968360238435
0.505043504423559 1.32573919911184 0.0548898137292417
0.501410393520682 1.34754043258683 0.00659799787988624
0.767094868475458 3.48679485677363e-06 2.93796102199667
0.644465413037748 0.0390585098810757 2.40463472424275
0.723310191034325 0.263021887648846 2.37693545475375
0.696579829448358 0.295518715523546 2.22607707481875
0.673026182576357 0.326315724885507 2.08848162003359
0.651976093291138 0.355623323613348 1.96394160078615
0.632948883008154 0.383605383641305 1.85208164152694
0.615863744187853 0.410575829458569 1.74280243664931
0.600292146173558 0.436576106308042 1.64214649288141
0.586013530038903 0.46170762972762 1.55061568389193
0.572978466621639 0.486163547436542 1.46518046926076
0.561281660210906 0.510256054737187 1.38181159406
0.550780180699364 0.534089872193322 1.30606460924964
0.542179152469211 0.558608823756156 1.23401997110925
0.537519748790836 0.586385180499093 1.19333623498515
0.66511413462833 0.927128793724339 1.1802795563171
0.653662352405124 0.950781603498362 1.09942699150609
0.642645013760703 0.973704566304097 1.02782775399307
0.632232631215387 0.99624535827879 0.95125042669044
0.6222811948801 1.01827831889471 0.877049068353857
0.61265789926948 1.03966188966942 0.811731256954399
0.603533826938468 1.06075642310397 0.742314728652602
0.594780677688316 1.08141941397876 0.675529574478578
0.586374050209047 1.10167245796851 0.611457911127212
0.578291776122907 1.12153556581412 0.550178774464039
0.570513658805104 1.14102731761021 0.491768017424522
0.563111868464108 1.16035172895634 0.431403752586192
0.555976257147456 1.17934357576733 0.37462902856448
0.54917948243991 1.19820977986889 0.317271898980405
0.542616912806681 1.2167773196271 0.264327819827658
0.536446856386307 1.23545336622301 0.20884439757644
0.530481553083733 1.253865489107 0.159493036029855
0.52504356191603 1.27283287737219 0.105968360238435
0.52010987392264 1.29239423217141 0.0548898137292417
0.516308696058465 1.31424031723973 0.00659799787988624
0.775288159854172 3.42038894048546e-06 2.81177917150693
0.731966505511721 0.258341119592372 2.26934598490067
0.705278444437935 0.29040877123915 2.12367532531951
0.681745361451576 0.320821346565448 1.99160598761597
0.660699750622452 0.349782220917769 1.87283540728584
0.641808208575678 0.377534240338634 1.762045322978
0.624704585843258 0.404220614369167 1.65978301462202
0.609108906111101 0.42995922784313 1.56655758958626
0.595064962236044 0.455049677004034 1.47571273260439
0.582249507362568 0.479499594298586 1.39370162535919
0.571012684586251 0.503834721693751 1.31303704451524
0.561440521033585 0.52841460803161 1.24130376975136
0.556733646602224 0.556733646602224 1.19313920618185
0.687207322573604 0.889327123330546 1.18773531899669
0.675118000785534 0.913394942239253 1.10668793404011
0.663614099648448 0.936866964209573 1.02782775399307
0.652649213701875 0.959778255443933 0.95125042669044
0.642182076029505 0.982160822162772 0.877049068353857
0.632073036892302 1.00388070565248 0.811731256954399
0.622496369118291 1.0252881373713 0.742314728652602
0.613317733743911 1.04624789873961 0.675529574478578
0.604510275329128 1.06678283881611 0.611457911127212
0.59604966303118 1.0869140914098 0.550178774464039
0.587913787030927 1.10666124617586 0.491768017424522
0.580175864478171 1.12622373692822 0.431403752586192
0.572721374239513 1.14544274847903 0.37462902856448
0.565624263944546 1.16452054341524 0.317271898980405
0.558775956400017 1.1832902606118 0.264327819827658
0.552338752779641 1.20214905016745 0.20884439757644
0.546205611415707 1.22093019022335 0.15642395879728
0.540447150204519 1.23984934458684 0.105968360238435
0.535299913603184 1.25952920847808 0.0548898137292417
0.531322865991602 1.28142573562681 0.00659799787988624
0.7842609603511 3.36111840148023e-06 2.69056013067565
0.77122559709178 0.220350170597651 2.31954503133586
0.740475016186948 0.253877148406953 2.16536891670979
0.713829401597025 0.28553176063881 2.02530720632559
0.690317714872076 0.315573812512949 1.89914834116365
0.669277879758292 0.344200052447122 1.786495135784
0.650526639319362 0.371729508182493 1.67771838519527
0.633406294279432 0.398141099261357 1.58281383023935
0.618061688449108 0.423813729222245 1.49004396877867
0.604253179348348 0.448873790373058 1.40284472613208
0.591788335635228 0.473430668508182 1.32510442874871
0.581396254297473 0.498339646540692 1.24916666914723
0.576604648041355 0.527181392494953 1.19296602948186
0.709950670830663 0.851940804996796 1.18773531899669
0.697173988948717 0.876447300392673 1.10668793404011
0.685034245005812 0.900330722007638 1.02782775399307
0.673479262039644 0.923628702225799 0.95125042669044
0.662354938844957 0.946221341207081 0.88369406744898
0.651837890552027 0.968444865963012 0.811731256954399
0.641781524842781 0.990177209757434 0.742314728652602
0.632152922666871 1.01144467626699 0.675529574478578
0.622922449626974 1.03227148795327 0.611457911127212
0.614063336502943 1.05268000543362 0.550178774464039
0.605551324671571 1.07269091798964 0.491768017424522
0.597460511537598 1.09249922109732 0.431403752586192
0.589671787883665 1.11195251429491 0.37462902856448
0.582260271707621 1.13124852788909 0.317271898980405
0.575113274515152 1.1502265490303 0.264327819827658
0.568397030015596 1.1692738903178 0.20884439757644
0.562000618537199 1.18822987919293 0.15642395879728
0.55599603201326 1.20730566951451 0.105968360238435
0.550625963618042 1.22710929034878 0.0548898137292417
0.546464648675811 1.24906205411614 0.00659799787988624
0.793772525909153 3.30738552455806e-06 2.58297356356987
0.815414450307057 0.181203211179346 2.38981625851254
0.779347821810271 0.216485506058409 2.21994704710635
0.748844645768231 0.249614881922744 2.06530463993569
0.722241466066525 0.280871681248093 1.93125875470349
0.698751825720793 0.31055636698702 1.81137932951355
0.677870015502074 0.338935007751037 1.700553335924
0.659112243017834 0.366173468343241 1.59938169448731
0.642260913092089 0.392492780222944 1.50470237623513
0.62702896809453 0.41801931206302 1.41851027793113
0.613594469915708 0.44315156160579 1.33515840987196
0.602140424789374 0.468331441502846 1.25760636544625
0.596059459076127 0.496716215896772 1.19254574219107
0.719655692212269 0.839598307580981 1.11396695429471
0.706834815595859 0.863909219061605 1.03490394794689
0.694649788559229 0.887608063159014 0.958115201903963
0.683048693003631 0.910731590671508 0.88369406744898
0.671985549660187 0.933313263416926 0.811731256954399
0.661419448626107 0.955383648015488 0.742314728652602
0.651313833834041 0.976970750751062 0.675529574478578
0.641635909734913 0.998100304032085 0.611457911127212
0.632356145878045 1.01879601280352 0.550178774464039
0.623447860557538 1.0390797675959 0.491768017424522
0.61498583591355 1.05914227296222 0.431403752586192
0.606846129327776 1.07883756324938 0.37462902856448
0.599104889934448 1.09835896487982 0.317271898980405
0.5916451303059 1.11755191280003 0.264327819827658
0.584636945158898 1.13679406003119 0.20884439757644
0.577965384939556 1.15593076987911 0.15642395879728
0.571703737215394 1.17516879316498 0.105968360238435
0.56610081850122 1.19510172794702 0.0548898137292417
0.561746190593985 1.21711674628697 0.00659799787988624
0.805087055980526 3.2638664431621e-06 2.48484408051097
0.823658397343815 0.178088302128392 2.27557776220495
0.787515718728018 0.212842086142707 2.11777446240057
0.757083593730397 0.245540624993642 1.96944356079046
0.730522702666471 0.27641399560353 1.84180478366134
0.707055600090177 0.305753773011968 1.72855724331517
0.686335594239829 0.333892991792349 1.62052553896371
0.667720310811466 0.360929897735927 1.52348170310838
0.651140878582368 0.387164846724651 1.43142464748131
0.636440901828579 0.412826530915834 1.34556610446852
0.623648435704304 0.438239441305727 1.2684919211101
0.61507132435195 0.465459380590665 1.19830663091012
0.742851024300297 0.803082188432753 1.11396695429471
0.729293021688872 0.827846132727908 1.03490394794689
0.716428459265192 0.851968978585634 0.958115201903963
0.704198711929193 0.875490290506564 0.88369406744898
0.692439480533166 0.898299866637621 0.818169413825455
0.681332249867339 0.920719256577485 0.748517845267676
0.670721570372409 0.942635720523384 0.681490036537656
0.660571039326037 0.964076651989351 0.617168379221217
0.6509531252988 0.98522635180359 0.550178774464039
0.641626453566931 1.00579281910492 0.491768017424522
0.632773150141764 1.02611862185151 0.431403752586192
0.624264157885943 1.04606426456564 0.37462902856448
0.616176494296806 1.06581880094583 0.317271898980405
0.608388659813551 1.08523382561336 0.264327819827658
0.601074525083727 1.10467750555928 0.20884439757644
0.594114939596467 1.1240012370744 0.15642395879728
0.587584396582488 1.14340747443079 0.105968360238435
0.581737804648352 1.1634756092967 0.0548898137292417
0.57718010994163 1.18555914474497 0.00659799787988624
0.821778756030969 3.24386351058225e-06 2.40254202568618
0.875071968312574 0.138169258154617 2.35770014233867
0.831409227742038 0.175033521629903 2.1774041479948
0.795561694509657 0.209358340660436 2.01965262908209
0.765027762384098 0.241587714437083 1.88331147003678
0.738680546884964 0.272145464641829 1.7572080387279
0.715395530752434 0.30121917084313 1.6465274458564
0.694835631552519 0.329132667577509 1.54276344100521
0.67651122044532 0.356058537076484 1.44804140376685
0.660346986747085 0.382306150221996 1.35907035611277
0.646180119395911 0.40811375961847 1.28020004672104
0.635824084765874 0.435037531681914 1.20635818247004
0.766583179518657 0.766583179518656 1.12126397939747
0.752229445775517 0.791820469237385 1.04199893916237
0.738634174004822 0.81638513968954 0.964999545958073
0.725730842643247 0.840319923060602 0.890359385152436
0.713461130656506 0.863663473952612 0.818169413825455
0.701773622865302 0.886450892040381 0.748517845267676
0.690622762256995 0.908714160864467 0.681490036537656
0.679967994524245 0.930482518822651 0.617168379221217
0.669773063798195 0.951782774871119 0.555632193531697
0.660111857983578 0.972796422291589 0.491768017424522
0.650845248383837 0.993395379112172 0.431403752586192
0.641946931265809 1.01360041778812 0.37462902856448
0.633494601272345 1.03359645470751 0.317271898980405
0.62536200359316 1.05324126920953 0.264327819827658
0.617726683111505 1.07289371277261 0.20884439757644
0.610465095111673 1.09241122283141 0.15642395879728
0.603652834757254 1.11199206402652 0.105968360238435
0.597550863973509 1.13220163700244 0.0548898137292417
0.592779572372485 1.15436021988326 0.00659799787988624
0.882733201454252 0.135805107916039 2.25072591471805
0.839424088811923 0.172189556679369 2.07107720981395
0.803492773522213 0.206023788082619 1.92586694769589
0.773199062759351 0.237907403925954 1.79143742612794
0.746888237170681 0.268113726163834 1.67320668677227
0.723782410663883 0.296936373605695 1.56655758958626
0.70353610476215 0.324708971428684 1.46518046926076
0.685499587675945 0.351538250090228 1.37599605638049
0.669897925485225 0.377891137453204 1.29272596413687
0.657691323562758 0.404733122192466 1.21672401214272
0.791040838633083 0.730191543353614 1.12857893631206
0.775821742566541 0.755928877372528 1.04911265644801
0.761435115096395 0.780959092406559 0.97190338959603
0.747926914722699 0.805459754316753 0.890359385152436
0.73498493529732 0.829213773155951 0.818169413825455
0.722675446581314 0.852386424172831 0.748517845267676
0.710947277041462 0.875012033281798 0.681490036537656
0.699755074695708 0.897121890635524 0.617168379221217
0.689058458310209 0.918744611080278 0.555632193531697
0.678930782186579 0.940058006104495 0.491768017424522
0.669226629156601 0.960940800840248 0.431403752586192
0.659916998469284 0.981415023364576 0.37462902856448
0.651080036179693 1.0016615941226 0.317271898980405
0.642584453877014 1.02154451641987 0.264327819827658
0.634611348602281 1.04141349514221 0.20884439757644
0.626932744553502 1.06096310616747 0.159493036029855
0.619924672293419 1.08089430040904 0.105968360238435
0.61355464517439 1.10125192723608 0.0548898137292417
0.608558373143483 1.12349238118797 0.00659799787988624
0.945793071903092 0.0945793071903092 2.35131153136378
0.890293348995502 0.133544002349325 2.14741778431445
0.847144930385277 0.169428986077055 1.97496103536295
0.811497200824775 0.202874300206194 1.83159516849437
0.781263220439591 0.234378966131877 1.70517528824487
0.755156031407423 0.264304610992598 1.59105898071302
0.7322263658253 0.29289054633012 1.49004396877867
0.712294333108904 0.320532449899007 1.39370162535919
0.694851357382704 0.347425678691352 1.3083663605867
0.680846918677504 0.374465805272627 1.22861134263404
0.671182371017527 0.402709422610516 1.19355711687529
0.816304801431201 0.693859081216521 1.13591175183896
0.800140226319587 0.720126203687628 1.05624502844083
0.785021072867513 0.745770019224138 0.97190338959603
0.770601313655901 0.770601313655901 0.897044954230045
0.756936320576391 0.79478313660521 0.824628551182934
0.743960274754305 0.818356302229735 0.754742647874036
0.731615442815257 0.841357759237546 0.687472865582562
0.719967403458007 0.863960884149608 0.617168379221217
0.708735999848809 0.885919999811011 0.555632193531697
0.698112188176223 0.90754584462909 0.491768017424522
0.687833043538554 0.928574608777048 0.436298211533045
0.678198620155344 0.949478068217481 0.37462902856448
0.668847893732925 0.969829445912741 0.321528553349733
0.660076620564734 0.990114930847101 0.264327819827658
0.651643598858649 1.01004757823091 0.212353907065818
0.643732585927639 1.02997213748422 0.159493036029855
0.636416438686097 1.05008712383206 0.105968360238435
0.62976460423904 1.07059982720637 0.0548898137292417
0.62453102705807 1.09292929735162 0.00659799787988624
0.953224410807515 0.092997503493416 2.23837587191101
0.897758255283272 0.131379256870723 2.04807444446336
0.854765901308886 0.166783590499295 1.88331147003678
0.819218663630174 0.199809430153701 1.74758654622093
0.789226103611764 0.23099300593515 1.62481173862463
0.763324596027699 0.260647423033849 1.5159094041854
0.740900122729866 0.289131755211655 1.41533461801281
0.721435775743242 0.316727901545814 1.32510442874871
0.705504835119389 0.344148700058239 1.24130376975136
0.695784021143865 0.37334752354061 1.19333623498515
0.842468038537653 0.657536030078168 1.14326235261623
0.825400137332506 0.68447816266598 1.05624502844083
0.809209539643302 0.710525449442899 0.978826663381515
0.793933497941487 0.735840802970159 0.903750707260162
0.779612172480627 0.760597241444515 0.824628551182934
0.765914390224563 0.784595229010528 0.754742647874036
0.75290407239216 0.807994614274513 0.687472865582562
0.740523769011472 0.830831545720188 0.62290186990997
0.728840529367328 0.853276717308092 0.555632193531697
0.717571928837895 0.875087718094995 0.496957625886623
0.706911553112037 0.896570750288438 0.436298211533045
0.696706097630137 0.917612909073839 0.379221054954777
0.68703376140829 0.938387576557664 0.321528553349733
0.677860619989029 0.958924779496675 0.264327819827658
0.669049098604714 0.979096241860558 0.212353907065818
0.660786342581095 0.999237883903118 0.159493036029855
0.653145698640712 1.01954450519526 0.105968360238435
0.646197116085705 1.04021974784528 0.0548898137292417
0.640712867813403 1.0626457319832 0.00659799787988624
1.03918788697678 0.0494851374750848 2.3833701729951
0.960358786320809 0.0914627415543629 2.13551887229951
0.90533684484243 0.12933383497749 1.94752936424733
0.862485453010466 0.164282943430565 1.79143742612794
0.827211569972304 0.196955135707691 1.65978301462202
0.797446578615788 0.227841879604511 1.54276344100521
0.771909901224173 0.257303300408058 1.43800838736017
0.749981068331899 0.285707073650247 1.34293111872327
0.731614998305168 0.313549284987929 1.25760636544625
0.721690246700103 0.343662022238145 1.19296602948186
0.869638530952535 0.62117037925181 1.15063066512026
0.851428125767985 0.648707143442275 1.06339598360714
0.834204542278232 0.67530843898714 0.98576929769942
0.81812617603828 0.701251008032811 0.903750707260162
0.802823423235279 0.726364049593823 0.831108603705626
0.788346319890982 0.750806018943793 0.760989073334315
0.774620190584296 0.774620190584296 0.69347800074073
0.761703172275205 0.797974751907358 0.62290186990997
0.749289339932861 0.820650229450276 0.561109264570843
0.737572784109639 0.842940324696731 0.496957625886623
0.72638577797698 0.864744973782119 0.436298211533045
0.715688717173879 0.88609079269147 0.379221054954777
0.705559282386727 0.907147648782936 0.321528553349733
0.695960291251233 0.927947055001644 0.264327819827658
0.686748494537212 0.948366968646625 0.212353907065818
0.678114250510189 0.968734643585985 0.159493036029855
0.670131194241289 0.989241286737141 0.105968360238435
0.662869599555921 1.01008700884712 0.0548898137292417
0.657120158619865 1.03261739211693 0.00659799787988624
1.04606313924165 0.0486540994996117 2.26934598490067
0.967415960065692 0.0899921823316921 2.0366611541402
0.912628119994091 0.127343458603827 1.85724515566004
0.870118023334588 0.16188242294597 1.70517528824487
0.835117397486443 0.194213348252661 1.5787204486457
0.805581076687643 0.224813323726784 1.46867056193645
0.780585086557881 0.254143981670008 1.36743530416977
0.759651228706068 0.282660922309235 1.27620623056523
0.74527872073863 0.311977138913845 1.19729626709529
0.897942989358689 0.584707062838216 1.15801661566659
0.878318658110653 0.612780459146968 1.07775335647638
0.860097875071819 0.640072837262749 0.992731222756519
0.842995952470662 0.666554939162849 0.910476576634439
0.826762138673595 0.692172953308127 0.837609505877912
0.811437282980385 0.717084110540806 0.767257058309256
0.797064925657565 0.741455744797735 0.69347800074073
0.783309868112579 0.765093359551822 0.628658324664112
0.770363580629442 0.788279012737104 0.561109264570843
0.758040275370528 0.810926806210333 0.496957625886623
0.746290047026546 0.833067959471493 0.436298211533045
0.735068630597118 0.854730965810602 0.379221054954777
0.724452726389442 0.876082366796535 0.321528553349733
0.714287164646696 0.897011788160967 0.268241584703756
0.704765438866168 0.917834059918731 0.212353907065818
0.695738063373911 0.93843738780667 0.159493036029855
0.687393006202338 0.959153031910241 0.105968360238435
0.679800658396548 0.980177693502 0.0548898137292417
0.673770216293416 1.00282078704136 0.00659799787988624
1.052881503315 0.0478582501506818 2.15937158386235
0.974619300463139 0.0886017545875583 1.93666646303666
0.920250419055788 0.125488693507607 1.762045322978
0.877668290937624 0.15957605289775 1.62481173862463
0.843127278354121 0.191619835989573 1.50100723627732
0.814171522635271 0.222046778900528 1.39370162535919
0.790049186439571 0.251379286594409 1.29708213437154
0.771602364745955 0.280582678089438 1.21262524153727
0.927379753486379 0.547997127060133 1.17284113534826
0.906480501800954 0.576851228418789 1.08495963026508
0.886996205226463 0.604770139927134 0.999712368582228
0.868763476972242 0.63182798325254 0.917222494558489
0.851507060977339 0.657982728937035 0.84413119199041
0.835391485483932 0.683502124486853 0.767257058309256
0.820043562733339 0.708219440542429 0.699505380930451
0.805647052094582 0.732406410995075 0.628658324664112
0.791864806479828 0.755870951639836 0.566609931471066
0.778890947621786 0.778890947621785 0.502171488648018
0.766538792430411 0.801381464813611 0.441217550092295
0.754879934354772 0.823505382932479 0.379221054954777
0.74374496716907 0.845164735419399 0.321528553349733
0.733094868508653 0.866384844601135 0.268241584703756
0.723125558794187 0.887472276701957 0.212353907065818
0.713681265595386 0.908321610757764 0.159493036029855
0.704952738052777 0.929255881978661 0.105968360238435
0.697010241391596 0.950468510988539 0.0548898137292417
0.690681551439676 0.973233095210452 0.00659799787988624
1.05940733111242 0.0470847702716631 2.05954661711776
0.981755672937105 0.0872671709277426 1.84180478366134
0.927594189659453 0.123679225287927 1.67771838519527
0.885533068493155 0.15742810106545 1.54276344100521
0.851436563270028 0.189208125171117 1.42492518530162
0.823232810380695 0.219528749434852 1.32264640915837
0.801021211385793 0.249206599097803 1.2312690890079
0.958271472576565 0.511078118707502 1.18773531899669
0.935923885147925 0.540756022529912 1.09218419940032
0.915024747720753 0.569348731915135 1.00671266502935
0.895534803796157 0.597023202530771 0.923988393052613
0.877148897356203 0.623750327008856 0.850673596140712
0.860019803635664 0.649792740524724 0.773546539258332
0.843886650101056 0.675109320080844 0.699505380930451
0.828517296665207 0.699636828295064 0.63443768473812
0.814098242115992 0.723642881880882 0.566609931471066
0.800419527576936 0.747058225738475 0.502171488648018
0.787417350477281 0.769919187133341 0.441217550092295
0.775035690173634 0.792258705510826 0.383838552168556
0.76334748671808 0.814237319165951 0.32581127946025
0.752302744710173 0.835891938566859 0.268241584703756
0.74185674523784 0.857256683385948 0.212353907065818
0.731969318879174 0.878363182655009 0.159493036029855
0.72271898429343 0.899383624898491 0.108531899016213
0.714519825469929 0.920936663939019 0.0548898137292417
0.707874027876169 0.943832037168226 0.00659799787988624
1.06612085926624 0.0463530808376627 1.9584552110271
0.9890496498867 0.0860043173814522 1.74758654622093
0.935283299407309 0.121993473835736 1.59105898071302
0.893722823966588 0.155430056342016 1.4617110876637
0.860244754110764 0.187009729154514 1.35090202803191
0.833505720345581 0.21743627487276 1.25416142460738
0.817051047974305 0.248667710253049 1.19333623498515
0.96667029489246 0.504349719074327 1.10668793404011
0.944177861689872 0.533665747911667 1.02077042832025
0.923434447422452 0.562090533213666 0.930774203952544
0.903793093078544 0.589430278094702 0.857236652234043
0.885544256712953 0.616030787278577 0.77985745244047
0.868402312856454 0.641862579067813 0.705554944861469
0.852115101031362 0.666872687763675 0.640239891170885
0.836863813796134 0.691322280962024 0.572134137899013
0.822423718343919 0.715151059429495 0.507409552090246
0.808722079847871 0.738398420730665 0.446161717443868
0.795823274757747 0.761222262811758 0.383838552168556
0.783539216219453 0.783539216219453 0.32581127946025
0.771944471101186 0.805507274192542 0.268241584703756
0.76098949127623 0.827162490517641 0.212353907065818
0.750629949345196 0.848538203607612 0.159493036029855
0.740943656749679 0.869803423140928 0.108531899016213
0.732352626460618 0.891559719169449 0.0548898137292417
0.725369045106086 0.914595752525065 0.00659799787988624
1.29132911760852 4.12126314124074e-06 2.31954503133586
1.07302731637637 0.0456607368670794 1.85724515566004
0.996285555409935 0.0847902600348881 1.65978301462202
0.942910012079071 0.120371490903711 1.51215349935623
0.902049184598165 0.153540286740113 1.38771353512845
0.869755549008742 0.185054372129519 1.28223104176045
0.849411743049842 0.216871083331875 1.19322923698947
0.999250252465899 0.467734160728719 1.11396695429471
0.974937862531519 0.497840610654393 1.02782775399307
0.952454867316783 0.526889926600773 0.944405289393999
0.931563464395005 0.554973978788514 0.863820293983973
0.912069718139309 0.582172160514453 0.786189733914699
0.893813249119551 0.608553701528204 0.711626631035681
0.876659818813111 0.634179443396718 0.640239891170885
0.860495877574109 0.659103225375913 0.572134137899013
0.845224478265083 0.683372982427088 0.507409552090246
0.830762161275537 0.707031626617479 0.446161717443868
0.817167841167933 0.730235092107515 0.383838552168556
0.804242344319157 0.752907726596657 0.32581127946025
0.792057207696835 0.775204926682008 0.268241584703756
0.780432701888251 0.797037652992256 0.215890637771741
0.769693484291098 0.818822855628829 0.159493036029855
0.759542429454206 0.840344815566356 0.108531899016213
0.750415132082543 0.862179087924622 0.0567943462295013
0.743189748503989 0.885502679068583 0.00659799787988624
1.2969308960569 4.05290905028303e-06 2.20163518230539
1.07989034511365 0.0449954310464021 1.762045322978
1.00368922573501 0.0836407688112512 1.57464658639767
0.951106633784104 0.118888329223013 1.43142464748131
0.911316581107481 0.151886096851247 1.31303704451524
0.881897995339234 0.183728749029007 1.21566409200438
1.03361337787763 0.430672240782347 1.12857893631206
1.007208665264 0.461637304912666 1.04199893916237
0.983079607506469 0.491539803753234 0.95125042669044
0.960607040755446 0.520328813742533 0.870424454913128
0.939719347435033 0.548169619337103 0.792543319540798
0.920223778968621 0.575139861855388 0.717720377747771
0.901960904945698 0.601307269963798 0.646064884786382
0.884797254327833 0.626731388482215 0.577681827298974
0.868619904361038 0.651464928270778 0.51267176236537
0.853332424443618 0.675554836017864 0.451130662531367
0.838986607691559 0.699155506409632 0.388481472263739
0.825370688592848 0.722199352518742 0.330120032573035
0.812552145462374 0.744839466673843 0.272181980006391
0.800469330077133 0.767116441323919 0.215890637771741
0.789067597857767 0.789067597857766 0.16258989945742
0.778545482176281 0.810984877266959 0.108531899016213
0.768969296152516 0.833050070831892 0.0567943462295013
0.761361272955932 0.856531432075422 0.00659799787988624
1.30283242892926 3.98826253767348e-06 2.08266575816992
1.08695444525378 0.0443654875613787 1.66871352797154
1.01126622557224 0.0825523449446728 1.49367799395996
0.959674431227253 0.117511154844154 1.35632569362393
0.921945639239128 0.150521737018633 1.24437956327401
1.07008597734437 0.393092808004055 1.15063066512026
1.04158461310663 0.425136576778217 1.04911265644801
1.01520927268943 0.455808244880967 0.964999545958073
0.991100646038059 0.485437051120682 0.877049068353857
0.968639405982754 0.513971929705135 0.798918144980048
0.947756425050715 0.54157510002898 0.723836123085847
0.928260114384842 0.568322519011127 0.651912606194294
0.909991971574607 0.594280471232397 0.583252942893469
0.892819276747797 0.619507253253573 0.517958065396556
0.876770905069056 0.644158215969102 0.451130662531367
0.861604297504975 0.668182924595695 0.388481472263739
0.847237260746579 0.691622253670677 0.330120032573035
0.833731902998826 0.714627345427567 0.272181980006391
0.82101892164711 0.737241480662711 0.215890637771741
0.809037212759102 0.759504322182014 0.16258989945742
0.797985991376465 0.781700562981026 0.108531899016213
0.787929347043067 0.804009537799048 0.0567943462295013
0.779911027088061 0.827660681807739 0.00659799787988624
1.30874030627772 3.92622091878518e-06 1.96944356079046
1.09398128555639 0.0437592514222557 1.58281383023935
1.01947090619287 0.0815576724954296 1.41218019924788
0.969469000611012 0.116336280073321 1.28223104176045
0.940226244310948 0.150436199089752 1.19296602948186
1.10945752225615 0.355026407121967 1.16542013041057
1.07789617659992 0.38804262357597 1.07056545024328
1.04926750937543 0.419707003750171 0.978826663381515
1.02309334555065 0.450161072042286 0.890359385152436
0.999005802167123 0.479522785040219 0.805314145695836
0.97655670256592 0.507809485334279 0.729973804932125
0.95567935161981 0.535180436907094 0.657782995790616
0.936183293700057 0.561709976220034 0.588847427683903
0.918059068539694 0.587557803865404 0.517958065396556
0.900875375902701 0.612595255613837 0.456124334062681
0.884814069014991 0.637066129690793 0.393149767055487
0.869771528336648 0.661026361535853 0.330120032573035
0.855521298313717 0.684417038650973 0.272181980006391
0.84212722380388 0.707386867995259 0.215890637771741
0.829520613278248 0.729978139684859 0.16258989945742
0.817900601692137 0.752468553556766 0.108531899016213
0.807328345053362 0.775035211251229 0.0567943462295013
0.798869027021434 0.798869027021434 0.00659799787988624
1.3146544961031 3.86663087082268e-06 1.86242532318676
1.10146011066796 0.0431945141438415 1.49733242929034
1.02831378616456 0.0806520616599651 1.33515840987196
0.981788820334158 0.115504567098136 1.21566409200438
1.15196399577021 0.316225410603587 1.18773531899669
1.11709701478251 0.350461808559219 1.08495963026508
1.08559391846609 0.383150794752736 0.992731222756519
1.05700842908426 0.414513109444808 0.903750707260162
1.03086551171298 0.444687083484032 0.818169413825455
1.00679962921183 0.473788060805566 0.736133360963575
0.984363406392088 0.501832324827339 0.663675993758345
0.963492524711474 0.528976288076887 0.594465224451127
0.944150004530111 0.555382355605947 0.523268406878634
0.92602030826289 0.581032350282597 0.456124334062681
0.908972730747297 0.605981820498198 0.393149767055487
0.892896638740714 0.630279980287563 0.334454767699754
0.877838006448059 0.654075377353456 0.276148964283469
0.863707652493224 0.677417766661352 0.219454552131602
0.850563356112128 0.700463940327636 0.16258989945742
0.838329991370055 0.723265090593772 0.108531899016213
0.827202817078585 0.746104501678723 0.0567943462295013
0.818268290948529 0.770134862069204 0.00659799787988624
1.32057496454563 3.80935085938998e-06 1.762045322978
1.10964174425356 0.042678528625137 1.41218019924788
1.03871103121189 0.079900848554761 1.26114320422656
1.15941785660162 0.312150961392743 1.10668793404011
1.12462876315974 0.346039619433765 1.00671266502935
1.09336192825885 0.378471436704986 0.910476576634439
1.06481470478462 0.409544117224855 0.824628551182934
1.03853014140752 0.439378136749335 0.748517845267676
1.01448642930154 0.468224505831482 0.669591540068047
0.992063748551921 0.49603187427596 0.600106275756101
0.971356887109145 0.523038323828001 0.528602732278734
0.952013923914322 0.549238802258263 0.461142680510518
0.93387964356562 0.574695165271151 0.397843388116693
0.916824020837595 0.599461859778428 0.338815439603112
0.901025385088859 0.623786805061518 0.276148964283469
0.886090374827194 0.647527581604488 0.219454552131602
0.872077666754289 0.670828974426376 0.165714515771616
0.859183124834824 0.693955600828126 0.111123777133247
0.847593320510227 0.717194348124038 0.0567943462295013
0.838145308938362 0.74143623483009 0.00659799787988624
1.32709258590064 3.75592241300942e-06 1.65978301462202
1.11853489116031 0.0422088638173703 1.33261168409874
1.05501033650331 0.0796234216228914 1.19556034080873
1.20585125309783 0.273022925229698 1.12857893631206
1.16695966896729 0.308253497463059 1.02077042832025
1.13205705384971 0.341753072860291 0.930774203952544
1.10084889468639 0.373873209516131 0.837609505877912
1.07234500131686 0.404658491062965 0.754742647874036
1.04626093078637 0.434296990137737 0.675529574478578
1.02207027119029 0.462824273746545 0.605770523940474
0.999823136341902 0.490479274431876 0.533960986836816
0.979121502711595 0.517271737281597 0.466185650112948
0.959778861961043 0.543271053940213 0.402562286778526
0.941791902325977 0.568629073102477 0.338815439603112
0.924874100706055 0.593315460830299 0.280142495827226
0.909061593787724 0.617475799553926 0.223045612320432
0.894395484688374 0.641264687135061 0.165714515771616
0.880780381022295 0.664739910205505 0.111123777133247
0.868545125065884 0.68828104250504 0.0567943462295013
0.858540606525425 0.712750692209787 0.00659799787988624
1.3339136595162 3.70531572099177e-06 1.56254253938567
1.12913256022583 0.0418197244528087 1.25760636544625
1.25758234168985 0.232885618831453 1.15063066512026
1.21320179646707 0.269600399214905 1.04199893916237
1.17421294404697 0.304425578086252 0.944405289393999
1.13957143768806 0.337650796352016 0.850673596140712
1.1082361289626 0.369412042987532 0.767257058309256
1.07977556120658 0.399916874520958 0.687472865582562
1.05372357269015 0.429294788873766 0.611457911127212
1.02972126294437 0.457653894641942 0.539343115566314
1.00748581832745 0.485085764379881 0.471253190874004
0.986948719291203 0.511751187780624 0.402562286778526
0.967603678260084 0.53755759903338 0.343202002797401
0.949763466106685 0.562822794729887 0.280142495827226
0.932983147632291 0.587433833694406 0.223045612320432
0.917446934740802 0.611631289827201 0.165714515771616
0.903046175577796 0.635476938369561 0.111123777133247
0.89010904434671 0.659340032849416 0.0567943462295013
0.879499426231053 0.68405510929082 0.00659799787988624
1.34133552020326 3.65818778248307e-06 1.46867056193645
1.15085211109364 0.0418491676761322 1.19281670366434
1.3162304752995 0.191451705498109 1.1802795563171
1.2645105695108 0.229911012638327 1.07056545024328
1.22026124334419 0.266238816729642 0.964999545958073
1.18137136686255 0.300712711565012 0.870424454913128
1.14680559292877 0.33361617248837 0.77985745244047
1.11570833032375 0.365140908105954 0.69347800074073
1.08728607248828 0.3953767536321 0.617168379221217
1.06126177598019 0.424504710392078 0.544749063254682
1.03727860633586 0.452630664582921 0.476345250564207
1.01521857841357 0.479921509795504 0.407306414130979
0.994685177341479 0.506385181192026 0.343202002797401
0.975494563815969 0.53208794389962 0.284162532674668
0.957800424131037 0.557265701312603 0.223045612320432
0.941157146981608 0.581806236315903 0.16886685139521
0.92604587459523 0.606139117916878 0.111123777133247
0.912198132549745 0.630245982488915 0.0587277946287648
0.901072558800391 0.655325497309376 0.00659799787988624
1.34965724736134 3.61515334129083e-06 1.3788930090369
1.32289831292255 0.18898547327465 1.09942699150609
1.27155855371582 0.227064027449254 0.98576929769942
1.22743072750106 0.263020870178798 0.88369406744898
1.18863179325713 0.297157948314284 0.792543319540798
1.15413496536224 0.329752847246355 0.705554944861469
1.12290813259006 0.360934756903947 0.628658324664112
1.09470588430642 0.390966387252292 0.550178774464039
1.06870942857353 0.419850132653885 0.481461776721166
1.044913754835 0.447820180643573 0.412075721023373
1.02286331247325 0.474900823648294 0.347614411548965
1.00233412626522 0.50116706313261 0.288209032608066
0.98345742798841 0.52685219356522 0.226663780251305
0.965908590439579 0.551947765965474 0.16886685139521
0.949703471637566 0.576605679208522 0.113743966184473
0.935162631732436 0.60117597754228 0.0587277946287648
0.923317366498921 0.626536784409982 0.00659799787988624
1.35977449751154 3.57835394090408e-06 1.29272596413687
1.39146006580837 0.146469480611407 1.12857893631206
1.32970201426246 0.186624844107013 1.01373204177478
1.27852355904305 0.224302378779482 0.903750707260162
1.23431454514713 0.259855693715185 0.811731256954399
1.19580605354123 0.293706749992582 0.717720377747771
1.16137742987165 0.326000682069235 0.63443768473812
1.13020156916662 0.356905758684196 0.561109264570843
1.10203831224111 0.386680109558283 0.486602716650116
1.07624291963043 0.415392004067884 0.416870158064928
1.05246362949331 0.443142580839289 0.352052619876714
1.03058816950878 0.470092849249619 0.288209032608066
1.01022140117437 0.496249109348813 0.230309017575781
0.991655876599336 0.521924145578598 0.16886685139521
0.974403021342432 0.547033275139611 0.113743966184473
0.958936382974852 0.571997140721842 0.0587277946287648
0.946299055636209 0.597662561454448 0.00659799787988624
1.37527253395066 3.55673931193772e-06 1.2116593045286
1.47556348116696 0.10176299870117 1.1802795563171
1.39796830077745 0.144617410425254 1.04199893916237
1.33642885016539 0.184335013815916 0.930774203952544
1.28540876896362 0.221622201545451 0.824628551182934
1.24131662163871 0.256824128614906 0.736133360963575
1.20289736148156 0.290354535530031 0.646064884786382
1.16853618749672 0.322354810343922 0.566609931471066
1.13759432524318 0.353046514730642 0.491768017424522
1.10946498791254 0.382574133762944 0.421689675625264
1.08369393017182 0.411056318341035 0.356516581552656
1.06010101668326 0.438662489662037 0.292281953155403
1.03839870210818 0.46548907335884 0.230309017575781
1.01835512374397 0.491619714910883 0.17204687248245
1.000097912397 0.517292023653619 0.113743966184473
0.983605513596847 0.542678904053433 0.0587277946287648
0.970092276628363 0.568674782851109 0.00659799787988624
1.48193060172561 0.100469871303431 1.08495963026508
1.40440697821266 0.142821048631796 0.958115201903963
1.3430817710572 0.182112782516231 0.850673596140712
1.29221719748863 0.219019863981123 0.748517845267676
1.24824003716846 0.253879329593585 0.663675993758345
1.20990876399279 0.287096994845747 0.577681827298974
1.17561427490805 0.318810650822521 0.502171488648018
1.14472339049681 0.349237644558347 0.431403752586192
1.1168120437403 0.378580353810272 0.361006250102359
1.09124014718057 0.406903105728347 0.29638125159087
1.06783128939684 0.43437204992414 0.233981285684337
1.04646693514325 0.461154920571601 0.17204687248245
1.02674307294413 0.487267899024334 0.116392437489396
1.00927025550161 0.513188265509293 0.0587277946287648
0.994783160607605 0.539543409143107 0.00659799787988624
1.59701232750164 0.0532337442500548 1.15063066512026
1.48799561649763 0.0991997077665091 0.999712368582228
1.41077877452688 0.141077877452688 0.877049068353857
1.34966357046179 0.179955142728238 0.773546539258332
1.29895170063294 0.21649195010549 0.675529574478578
1.25529063896447 0.251058127792894 0.588847427683903
1.21684315217762 0.283930068841445 0.51267176236537
1.18280494896002 0.315414653056005 0.436298211533045
1.15214422943723 0.345643268831168 0.365521578805517
1.12426237083303 0.374754123611008 0.300506884935313
1.09888676160088 0.402925145920321 0.237680545706809
1.07583100704993 0.430332402819973 0.175254544919486
1.05480042118094 0.45708018251174 0.116392437489396
1.03588446553282 0.483412750581982 0.0606901369441999
1.02047194703538 0.510235973517691 0.00659799787988624
1.60278847533785 0.0525504418143559 1.05624502844083
1.4942464113151 0.0979833712337774 0.910476576634439
1.41731661184148 0.13940819132867 0.792543319540798
1.35639682740809 0.177888108512536 0.69347800074073
1.30561498693891 0.214035243760477 0.605770523940474
1.26226962395158 0.248315335859328 0.517958065396556
1.22409737231889 0.280940380532204 0.441217550092295
1.19011321326838 0.312160842824492 0.370062520696413
1.15949264302048 0.342145370071616 0.304658809956743
1.13200185899212 0.371148150489221 0.237680545706809
1.10681512446058 0.399179225215292 0.178489834324752
1.0841074913953 0.4265340949752 0.11906916209246
1.06391146618488 0.453470460996833 0.0606901369441999
1.04727642554804 0.480717047792543 0.00659799787988624
1.60852109894977 0.0518877773854763 0.964999545958073
1.50044262656056 0.0968027501006815 0.824628551182934
1.4235626942024 0.137764131697007 0.717720377747771
1.36306538011785 0.175879403886174 0.617168379221217
1.31242149440047 0.211680886193625 0.533960986836816
1.26917954733853 0.245647654323586 0.451130662531367
1.23108504282716 0.277986945154521 0.379221054954777
1.19735197745721 0.308994058698634 0.308836983170807
1.16714418968357 0.338848313133938 0.241406758512813
1.13985594628455 0.367695466543404 0.178489834324752
1.11520948960684 0.395719496312104 0.11906916209246
1.09335982440746 0.423236061060952 0.0606901369441999
1.07533652190937 0.450947573703928 0.00659799787988624
1.9131896713975 4.55521350353168e-06 1.12857893631206
1.6142118756728 0.0512448214499302 0.877049068353857
1.50658631327999 0.0956562738590468 0.742314728652602
1.42998063015503 0.136188631443337 0.640239891170885
1.36967157114893 0.173926548717324 0.544749063254682
1.31937562619777 0.209424702571074 0.461142680510518
1.27622789313444 0.243091027263703 0.383838552168556
1.23840187347373 0.275200416327497 0.313041360841239
1.20490882259291 0.306008589864867 0.245159884712218
1.17491842403046 0.335690978294418 0.18175270604935
1.14801157323352 0.36444811848683 0.121774110763363
1.12425687404468 0.392597638555284 0.0626813509104858
1.10482052795082 0.420884010647932 0.00659799787988624
1.91791409637486 4.49511116320155e-06 1.02077042832025
1.62012570729891 0.0506289283530907 0.786189733914699
1.51267941582386 0.0945424634889913 0.663675993758345
1.43657424750202 0.134678835703315 0.561109264570843
1.37621762535435 0.172027203169294 0.476345250564207
1.32626842203711 0.207229440943299 0.393149767055487
1.28321325336431 0.240602485005808 0.321528553349733
1.24585516881993 0.272530818179359 0.248939884655548
1.21259698590735 0.303149246476838 0.185043125177468
1.18319570220799 0.332773791245996 0.121774110763363
1.15720788929574 0.36162746540492 0.0626813509104858
1.13593375505235 0.390477228299244 0.00659799787988624
1.92263853510596 4.43685815809673e-06 0.917222494558489
1.62573784334462 0.0500227028721419 0.705554944861469
1.51896933659958 0.0934750360984355 0.583252942893469
1.44288192335299 0.133189100617199 0.491768017424522
1.3831504063672 0.17023389616827 0.402562286778526
1.33331580236403 0.205125508056004 0.32581127946025
1.29055054865771 0.238255485906039 0.256580345882212
1.25344909265371 0.269973650725414 0.18836105652676
1.2208086549559 0.300506745835299 0.124507253997424
1.19236189716204 0.33019252536795 0.0626813509104858
1.16893086773452 0.359671036226005 0.00659799787988624
1.92736297807904 4.38037040484578e-06 0.818169413825455
1.63184074841585 0.0494497196489652 0.617168379221217
1.52521320337516 0.0924371638409191 0.507409552090246
1.449603448239 0.131782131658091 0.416870158064928
1.3900294934831 0.168488423452497 0.334454767699754
1.34052163927178 0.203109339283603 0.260440726574027
1.29824569385301 0.236044671609638 0.191706464648778
1.26158866269075 0.26760971632834 0.127268562015917
1.22994131259027 0.298167590930976 0.0647014139800806
1.2041340024809 0.328400182494792 0.00659799787988624
1.93240093944069 4.32627076004177e-06 0.717720377747771
1.63764468677204 0.048884916023046 0.539343115566314
1.53165913289523 0.0914423362922527 0.431403752586192
1.45627639417382 0.130412811418551 0.347614411548965
1.39708025183335 0.166815552457714 0.268241584703756
1.34810464455597 0.201209648441189 0.195079313829333
1.30630435403234 0.233964958931165 0.130058004766437
1.27088512252177 0.265558085303056 0.0647014139800806
1.24196036301614 0.296587549376989 0.00659799787988624
1.93743893803521 4.27376236335215e-06 0.62290186990997
1.64394412870483 0.0483512979030835 0.456124334062681
1.53806308927274 0.0904742993689847 0.361006250102359
1.46337083533723 0.129120956059167 0.276148964283469
1.4045301847068 0.165238845259624 0.201907191183259
1.35607013091589 0.199422078075866 0.132875551923222
1.31556506158736 0.232158540280122 0.0667503033235153
1.28296612929295 0.264140085442666 0.00659799787988624
1.9427905359854 4.22345768694902e-06 0.528602732278734
1.65021211686449 0.0478322352714345 0.379221054954777
1.5449212611661 0.0895606528212229 0.288209032608066
1.47089136619863 0.127903597060751 0.205362146603395
1.41260882760453 0.163780733635307 0.135721172887554
1.36528791536819 0.197867813821477 0.0688279958296629
1.32792022724717 0.2309426482169 0.00659799787988624
1.94814218370963 4.17459039362326e-06 0.441217550092295
1.65698061929463 0.0473423034084181 0.300506884935313
1.55223760320221 0.0886992916115548 0.215890637771741
1.47884237992771 0.126757918279518 0.138594836788079
1.42199796868137 0.162514053563585 0.0688279958296629
1.37793718220047 0.196848168885782 0.00659799787988624
1.95412111403986 4.12842488881519e-06 0.352052619876714
1.6639868695077 0.0468728695635972 0.226663780251305
1.56026411699836 0.0879022037745557 0.144426168551396
1.48817078379085 0.125760911306269 0.0709344681060402
1.43473951165409 0.161660790045532 0.00659799787988624
1.96104108756233 4.08550226576188e-06 0.260440726574027
1.67176493994425 0.0464379149984513 0.153382700798777
1.56950291511458 0.0871946063952545 0.0752336569944192
1.50124769864391 0.125103974886992 0.00659799787988624
1.96858857386401 4.04504501469473e-06 0.175254544919486
1.6813841169709 0.0460653182731751 0.0774263254172316
1.58319852285042 0.0867506039918037 0.00659799787988624
1.97801839534301 4.00949674715853e-06 0.0911838095932034
1.69551861124249 0.0458248273308784 0.00659799787988624
1.99435013619272 3.98870027256895e-06 0.00659799787988624
