0 0 6
0.000333444481493831 0.000666888962987663 5.99799933311104
0.000666888962987663 0.00133377792597533 5.99599866622207
0.00100033344448149 0.00200066688896299 5.99399799933311
0.00133377792597533 0.00266755585195065 5.99199733244415
0.00166722240746916 0.00333444481493831 5.98999666555518
0.00200066688896299 0.00400133377792598 5.98799599866622
0.00233411137045682 0.00466822274091364 5.98599533177726
0.00266755585195065 0.0053351117039013 5.9839946648883
0.00300100033344448 0.00600200066688896 5.98199399799933
0.00333444481493831 0.00666888962987663 5.97999333111037
0.00366788929643214 0.00733577859286429 5.97799266422141
0.00400133377792598 0.00800266755585195 5.97599199733244
0.00433477825941981 0.00866955651883961 5.97399133044348
0.00466822274091364 0.00933644548182728 5.97199066355452
0.00500166722240747 0.0100033344448149 5.96998999666556
0.0053351117039013 0.0106702234078026 5.96798932977659
0.00566855618539513 0.0113371123707903 5.96598866288763
0.00600200066688896 0.0120040013337779 5.96398799599867
0.00633544514838279 0.0126708902967656 5.9619873291097
0.00666888962987663 0.0133377792597533 5.95998666222074
0.00700233411137046 0.0140046682227409 5.95798599533178
0.00733577859286429 0.0146715571857286 5.95598532844281
0.00766922307435812 0.0153384461487162 5.95398466155385
0.00800266755585195 0.0160053351117039 5.95198399466489
0.00833611203734578 0.0166722240746916 5.94998332777593
0.00866955651883961 0.0173391130376792 5.94798266088696
0.00900300100033345 0.0180060020006669 5.945981993998
0.00933644548182728 0.0186728909636546 5.94398132710904
0.00966988996332111 0.0193397799266422 5.94198066022007
0.0100033344448149 0.0200066688896299 5.93997999333111
0.0103367789263088 0.0206735578526175 5.93797932644215
0.0106702234078026 0.0213404468156052 5.93597865955318
0.0110036678892964 0.0220073357785929 5.93397799266422
0.0113371123707903 0.0226742247415805 5.93197732577526
0.0116705568522841 0.0233411137045682 5.92997665888629
0.0120040013337779 0.0240080026675559 5.92797599199733
0.0123374458152718 0.0246748916305435 5.92597532510837
0.0126708902967656 0.0253417805935312 5.92397465821941
0.0130043347782594 0.0260086695565188 5.92197399133044
0.0133377792597533 0.0266755585195065 5.91997332444148
0.0136712237412471 0.0273424474824942 5.91797265755252
0.0140046682227409 0.0280093364454818 5.91597199066355
0.0143381127042347 0.0286762254084695 5.91397132377459
0.0146715571857286 0.0293431143714572 5.91197065688563
0.0150050016672224 0.0300100033344448 5.90996998999667
0.0153384461487162 0.0306768922974325 5.9079693231077
0.0156718906302101 0.0313437812604201 5.90596865621874
0.0160053351117039 0.0320106702234078 5.90396798932978
0.0163387795931977 0.0326775591863955 5.90196732244081
0.0166722240746916 0.0333444481493831 5.89996665555185
0.0170056685561854 0.0340113371123708 5.89796598866289
0.0173391130376792 0.0346782260753585 5.89596532177393
0.0176725575191731 0.0353451150383461 5.89396465488496
0.0180060020006669 0.0360120040013338 5.891963987996
0.0183394464821607 0.0366788929643214 5.88996332110704
0.0186728909636546 0.0373457819273091 5.88796265421807
0.0190063354451484 0.0380126708902968 5.88596198732911
0.0193397799266422 0.0386795598532844 5.88396132044015
0.019673224408136 0.0393464488162721 5.88196065355118
0.0200066688896299 0.0400133377792597 5.87995998666222
0.0203401133711237 0.0406802267422474 5.87795931977326
0.0206735578526175 0.0413471157052351 5.87595865288429
0.0210070023341114 0.0420140046682227 5.87395798599533
0.0213404468156052 0.0426808936312104 5.87195731910637
0.021673891297099 0.0433477825941981 5.86995665221741
0.0220073357785929 0.0440146715571857 5.86795598532844
0.0223407802600867 0.0446815605201734 5.86595531843948
0.0226742247415805 0.0453484494831611 5.86395465155052
0.0230076692230744 0.0460153384461487 5.86195398466155
0.0233411137045682 0.0466822274091364 5.85995331777259
0.023674558186062 0.047349116372124 5.85795265088363
0.0240080026675559 0.0480160053351117 5.85595198399466
0.0243414471490497 0.0486828942980994 5.8539513171057
0.0246748916305435 0.049349783261087 5.85195065021674
0.0250083361120373 0.0500166722240747 5.84994998332778
0.0253417805935312 0.0506835611870624 5.84794931643881
0.025675225075025 0.05135045015005 5.84594864954985
0.0260086695565188 0.0520173391130377 5.84394798266089
0.0263421140380127 0.0526842280760253 5.84194731577192
0.0266755585195065 0.053351117039013 5.83994664888296
0.0270090030010003 0.0540180060020007 5.837945981994
0.0273424474824942 0.0546848949649883 5.83594531510504
0.027675891963988 0.055351783927976 5.83394464821607
0.0280093364454818 0.0560186728909637 5.83194398132711
0.0283427809269757 0.0566855618539513 5.82994331443815
0.0286762254084695 0.057352450816939 5.82794264754918
0.0290096698899633 0.0580193397799266 5.82594198066022
0.0293431143714572 0.0586862287429143 5.82394131377126
0.029676558852951 0.059353117705902 5.82194064688229
0.0300100033344448 0.0600200066688896 5.81993997999333
0.0303434478159386 0.0606868956318773 5.81793931310437
0.0306768922974325 0.061353784594865 5.8159386462154
0.0310103367789263 0.0620206735578526 5.81393797932644
0.0313437812604201 0.0626875625208403 5.81193731243748
0.031677225741914 0.0633544514838279 5.80993664554852
0.0320106702234078 0.0640213404468156 5.80793597865955
0.0323441147049016 0.0646882294098033 5.80593531177059
0.0326775591863955 0.0653551183727909 5.80393464488163
0.0330110036678893 0.0660220073357786 5.80193397799266
0.0333444481493831 0.0666888962987663 5.7999333111037
0.033677892630877 0.0673557852617539 5.79793264421474
0.0340113371123708 0.0680226742247416 5.79593197732578
0.0343447815938646 0.0686895631877292 5.79393131043681
0.0346782260753585 0.0693564521507169 5.79193064354785
0.0350116705568523 0.0700233411137046 5.78992997665889
0.0353451150383461 0.0706902300766922 5.78792930976992
0.0356785595198399 0.0713571190396799 5.78592864288096
0.0360120040013338 0.0720240080026676 5.783927975992
0.0363454484828276 0.0726908969656552 5.78192730910303
0.0366788929643214 0.0733577859286429 5.77992664221407
0.0370123374458153 0.0740246748916305 5.77792597532511
0.0373457819273091 0.0746915638546182 5.77592530843615
0.0376792264088029 0.0753584528176059 5.77392464154718
0.0380126708902968 0.0760253417805935 5.77192397465822
0.0383461153717906 0.0766922307435812 5.76992330776926
0.0386795598532844 0.0773591197065689 5.76792264088029
0.0390130043347783 0.0780260086695565 5.76592197399133
0.0393464488162721 0.0786928976325442 5.76392130710237
0.0396798932977659 0.0793597865955318 5.7619206402134
0.0400133377792597 0.0800266755585195 5.75991997332444
0.0403467822607536 0.0806935645215072 5.75791930643548
0.0406802267422474 0.0813604534844948 5.75591863954651
0.0410136712237412 0.0820273424474825 5.75391797265755
0.0413471157052351 0.0826942314104702 5.75191730576859
0.0416805601867289 0.0833611203734578 5.74991663887963
0.0420140046682227 0.0840280093364455 5.74791597199066
0.0423474491497166 0.0846948982994331 5.7459153051017
0.0426808936312104 0.0853617872624208 5.74391463821274
0.0430143381127042 0.0860286762254085 5.74191397132377
0.0433477825941981 0.0866955651883961 5.73991330443481
0.0436812270756919 0.0873624541513838 5.73791263754585
0.0440146715571857 0.0880293431143715 5.73591197065689
0.0443481160386796 0.0886962320773591 5.73391130376792
0.0446815605201734 0.0893631210403468 5.73191063687896
0.0450150050016672 0.0900300100033345 5.72990996999
0.0453484494831611 0.0906968989663221 5.72790930310103
0.0456818939646549 0.0913637879293098 5.72590863621207
0.0460153384461487 0.0920306768922974 5.72390796932311
0.0463487829276425 0.0926975658552851 5.72190730243415
0.0466822274091364 0.0933644548182728 5.71990663554518
0.0470156718906302 0.0940313437812604 5.71790596865622
0.047349116372124 0.0946982327442481 5.71590530176726
0.0476825608536179 0.0953651217072357 5.71390463487829
0.0480160053351117 0.0960320106702234 5.71190396798933
0.0483494498166055 0.0966988996332111 5.70990330110037
0.0486828942980994 0.0973657885961987 5.7079026342114
0.0490163387795932 0.0980326775591864 5.70590196732244
0.049349783261087 0.0986995665221741 5.70390130043348
0.0496832277425809 0.0993664554851617 5.70190063354451
0.0500166722240747 0.100033344448149 5.69989996665555
0.0503501167055685 0.100700233411137 5.69789929976659
0.0506835611870624 0.101367122374125 5.69589863287763
0.0510170056685562 0.102034011337112 5.69389796598866
0.05135045015005 0.1027009003001 5.6918972990997
0.0516838946315438 0.103367789263088 5.68989663221074
0.0520173391130377 0.104034678226075 5.68789596532177
0.0523507835945315 0.104701567189063 5.68589529843281
0.0526842280760253 0.105368456152051 5.68389463154385
0.0530176725575192 0.106035345115038 5.68189396465488
0.053351117039013 0.106702234078026 5.67989329776592
0.0536845615205068 0.107369123041014 5.67789263087696
0.0540180060020007 0.108036012004001 5.675891963988
0.0543514504834945 0.108702900966989 5.67389129709903
0.0546848949649883 0.109369789929977 5.67189063021007
0.0550183394464822 0.110036678892964 5.66988996332111
0.055351783927976 0.110703567855952 5.66788929643214
0.0556852284094698 0.11137045681894 5.66588862954318
0.0560186728909637 0.112037345781927 5.66388796265422
0.0563521173724575 0.112704234744915 5.66188729576526
0.0566855618539513 0.113371123707903 5.65988662887629
0.0570190063354451 0.11403801267089 5.65788596198733
0.057352450816939 0.114704901633878 5.65588529509837
0.0576858952984328 0.115371790596866 5.6538846282094
0.0580193397799266 0.116038679559853 5.65188396132044
0.0583527842614205 0.116705568522841 5.64988329443148
0.0586862287429143 0.117372457485829 5.64788262754251
0.0590196732244081 0.118039346448816 5.64588196065355
0.059353117705902 0.118706235411804 5.64388129376459
0.0596865621873958 0.119373124374792 5.64188062687563
0.0600200066688896 0.120040013337779 5.63987995998666
0.0603534511503835 0.120706902300767 5.6378792930977
0.0606868956318773 0.121373791263755 5.63587862620874
0.0610203401133711 0.122040680226742 5.63387795931977
0.061353784594865 0.12270756918973 5.63187729243081
0.0616872290763588 0.123374458152718 5.62987662554185
0.0620206735578526 0.124041347115705 5.62787595865288
0.0623541180393464 0.124708236078693 5.62587529176392
0.0626875625208403 0.125375125041681 5.62387462487496
0.0630210070023341 0.126042014004668 5.621873957986
0.0633544514838279 0.126708902967656 5.61987329109703
0.0636878959653218 0.127375791930644 5.61787262420807
0.0640213404468156 0.128042680893631 5.61587195731911
0.0643547849283094 0.128709569856619 5.61387129043014
0.0646882294098033 0.129376458819607 5.61187062354118
0.0650216738912971 0.130043347782594 5.60986995665222
0.0653551183727909 0.130710236745582 5.60786928976325
0.0656885628542848 0.13137712570857 5.60586862287429
0.0660220073357786 0.132044014671557 5.60386795598533
0.0663554518172724 0.132710903634545 5.60186728909636
0.0666888962987663 0.133377792597533 5.5998666222074
0.0670223407802601 0.13404468156052 5.59786595531844
0.0673557852617539 0.134711570523508 5.59586528842948
0.0676892297432477 0.135378459486495 5.59386462154051
0.0680226742247416 0.136045348449483 5.59186395465155
0.0683561187062354 0.136712237412471 5.58986328776259
0.0686895631877292 0.137379126375458 5.58786262087362
0.0690230076692231 0.138046015338446 5.58586195398466
0.0693564521507169 0.138712904301434 5.5838612870957
0.0696898966322107 0.139379793264421 5.58186062020674
0.0700233411137046 0.140046682227409 5.57985995331777
0.0703567855951984 0.140713571190397 5.57785928642881
0.0706902300766922 0.141380460153384 5.57585861953985
0.0710236745581861 0.142047349116372 5.57385795265088
0.0713571190396799 0.14271423807936 5.57185728576192
0.0716905635211737 0.143381127042347 5.56985661887296
0.0720240080026676 0.144048016005335 5.567855951984
0.0723574524841614 0.144714904968323 5.56585528509503
0.0726908969656552 0.14538179393131 5.56385461820607
0.073024341447149 0.146048682894298 5.56185395131711
0.0733577859286429 0.146715571857286 5.55985328442814
0.0736912304101367 0.147382460820273 5.55785261753918
0.0740246748916305 0.148049349783261 5.55585195065022
0.0743581193731244 0.148716238746249 5.55385128376125
0.0746915638546182 0.149383127709236 5.55185061687229
0.075025008336112 0.150050016672224 5.54984994998333
0.0753584528176059 0.150716905635212 5.54784928309437
0.0756918972990997 0.151383794598199 5.5458486162054
0.0760253417805935 0.152050683561187 5.54384794931644
0.0763587862620874 0.152717572524175 5.54184728242748
0.0766922307435812 0.153384461487162 5.53984661553851
0.077025675225075 0.15405135045015 5.53784594864955
0.0773591197065689 0.154718239413138 5.53584528176059
0.0776925641880627 0.155385128376125 5.53384461487162
0.0780260086695565 0.156052017339113 5.53184394798266
0.0783594531510503 0.156718906302101 5.5298432810937
0.0786928976325442 0.157385795265088 5.52784261420473
0.079026342114038 0.158052684228076 5.52584194731577
0.0793597865955318 0.158719573191064 5.52384128042681
0.0796932310770257 0.159386462154051 5.52184061353785
0.0800266755585195 0.160053351117039 5.51983994664888
0.0803601200400133 0.160720240080027 5.51783927975992
0.0806935645215072 0.161387129043014 5.51583861287096
0.081027009003001 0.162054018006002 5.51383794598199
0.0813604534844948 0.16272090696899 5.51183727909303
0.0816938979659887 0.163387795931977 5.50983661220407
0.0820273424474825 0.164054684894965 5.50783594531511
0.0823607869289763 0.164721573857953 5.50583527842614
0.0826942314104702 0.16538846282094 5.50383461153718
0.083027675891964 0.166055351783928 5.50183394464822
0.0833611203734578 0.166722240746916 5.49983327775925
0.0836945648549517 0.167389129709903 5.49783261087029
0.0840280093364455 0.168056018672891 5.49583194398133
0.0843614538179393 0.168722907635879 5.49383127709236
0.0846948982994331 0.169389796598866 5.4918306102034
0.085028342780927 0.170056685561854 5.48982994331444
0.0853617872624208 0.170723574524842 5.48782927642548
0.0856952317439146 0.171390463487829 5.48582860953651
0.0860286762254085 0.172057352450817 5.48382794264755
0.0863621207069023 0.172724241413805 5.48182727575859
0.0866955651883961 0.173391130376792 5.47982660886962
0.08702900966989 0.17405801933978 5.47782594198066
0.0873624541513838 0.174724908302768 5.4758252750917
0.0876958986328776 0.175391797265755 5.47382460820273
0.0880293431143715 0.176058686228743 5.47182394131377
0.0883627875958653 0.176725575191731 5.46982327442481
0.0886962320773591 0.177392464154718 5.46782260753585
0.089029676558853 0.178059353117706 5.46582194064688
0.0893631210403468 0.178726242080694 5.46382127375792
0.0896965655218406 0.179393131043681 5.46182060686896
0.0900300100033345 0.180060020006669 5.45981993997999
0.0903634544848283 0.180726908969657 5.45781927309103
0.0906968989663221 0.181393797932644 5.45581860620207
0.0910303434478159 0.182060686895632 5.4538179393131
0.0913637879293098 0.18272757585862 5.45181727242414
0.0916972324108036 0.183394464821607 5.44981660553518
0.0920306768922974 0.184061353784595 5.44781593864622
0.0923641213737913 0.184728242747583 5.44581527175725
0.0926975658552851 0.18539513171057 5.44381460486829
0.0930310103367789 0.186062020673558 5.44181393797933
0.0933644548182728 0.186728909636546 5.43981327109036
0.0936978992997666 0.187395798599533 5.4378126042014
0.0940313437812604 0.188062687562521 5.43581193731244
0.0943647882627543 0.188729576525509 5.43381127042347
0.0946982327442481 0.189396465488496 5.43181060353451
0.0950316772257419 0.190063354451484 5.42980993664555
0.0953651217072357 0.190730243414471 5.42780926975658
0.0956985661887296 0.191397132377459 5.42580860286762
0.0960320106702234 0.192064021340447 5.42380793597866
0.0963654551517172 0.192730910303434 5.4218072690897
0.0966988996332111 0.193397799266422 5.41980660220073
0.0970323441147049 0.19406468822941 5.41780593531177
0.0973657885961987 0.194731577192397 5.41580526842281
0.0976992330776926 0.195398466155385 5.41380460153384
0.0980326775591864 0.196065355118373 5.41180393464488
0.0983661220406802 0.19673224408136 5.40980326775592
0.0986995665221741 0.197399133044348 5.40780260086696
0.0990330110036679 0.198066022007336 5.40580193397799
0.0993664554851617 0.198732910970323 5.40380126708903
0.0996998999666556 0.199399799933311 5.40180060020007
0.100033344448149 0.200066688896299 5.3997999333111
0.100366788929643 0.200733577859286 5.39779926642214
0.100700233411137 0.201400466822274 5.39579859953318
0.101033677892631 0.202067355785262 5.39379793264422
0.101367122374125 0.202734244748249 5.39179726575525
0.101700566855619 0.203401133711237 5.38979659886629
0.102034011337112 0.204068022674225 5.38779593197733
0.102367455818606 0.204734911637212 5.38579526508836
0.1027009003001 0.2054018006002 5.3837945981994
0.103034344781594 0.206068689563188 5.38179393131044
0.103367789263088 0.206735578526175 5.37979326442147
0.103701233744582 0.207402467489163 5.37779259753251
0.104034678226075 0.208069356452151 5.37579193064355
0.104368122707569 0.208736245415138 5.37379126375459
0.104701567189063 0.209403134378126 5.37179059686562
0.105035011670557 0.210070023341114 5.36978992997666
0.105368456152051 0.210736912304101 5.3677892630877
0.105701900633545 0.211403801267089 5.36578859619873
0.106035345115038 0.212070690230077 5.36378792930977
0.106368789596532 0.212737579193064 5.36178726242081
0.106702234078026 0.213404468156052 5.35978659553184
0.10703567855952 0.21407135711904 5.35778592864288
0.107369123041014 0.214738246082027 5.35578526175392
0.107702567522508 0.215405135045015 5.35378459486495
0.108036012004001 0.216072024008003 5.35178392797599
0.108369456485495 0.21673891297099 5.34978326108703
0.108702900966989 0.217405801933978 5.34778259419807
0.109036345448483 0.218072690896966 5.3457819273091
0.109369789929977 0.218739579859953 5.34378126042014
0.10970323441147 0.219406468822941 5.34178059353118
0.110036678892964 0.220073357785929 5.33977992664221
0.110370123374458 0.220740246748916 5.33777925975325
0.110703567855952 0.221407135711904 5.33577859286429
0.111037012337446 0.222074024674892 5.33377792597533
0.11137045681894 0.222740913637879 5.33177725908636
0.111703901300433 0.223407802600867 5.3297765921974
0.112037345781927 0.224074691563855 5.32777592530844
0.112370790263421 0.224741580526842 5.32577525841947
0.112704234744915 0.22540846948983 5.32377459153051
0.113037679226409 0.226075358452818 5.32177392464155
0.113371123707903 0.226742247415805 5.31977325775258
0.113704568189396 0.227409136378793 5.31777259086362
0.11403801267089 0.228076025341781 5.31577192397466
0.114371457152384 0.228742914304768 5.31377125708569
0.114704901633878 0.229409803267756 5.31177059019673
0.115038346115372 0.230076692230744 5.30976992330777
0.115371790596866 0.230743581193731 5.30776925641881
0.115705235078359 0.231410470156719 5.30576858952984
0.116038679559853 0.232077359119707 5.30376792264088
0.116372124041347 0.232744248082694 5.30176725575192
0.116705568522841 0.233411137045682 5.29976658886295
0.117039013004335 0.23407802600867 5.29776592197399
0.117372457485829 0.234744914971657 5.29576525508503
0.117705901967322 0.235411803934645 5.29376458819607
0.118039346448816 0.236078692897633 5.2917639213071
0.11837279093031 0.23674558186062 5.28976325441814
0.118706235411804 0.237412470823608 5.28776258752918
0.119039679893298 0.238079359786596 5.28576192064021
0.119373124374792 0.238746248749583 5.28376125375125
0.119706568856285 0.239413137712571 5.28176058686229
0.120040013337779 0.240080026675559 5.27975991997332
0.120373457819273 0.240746915638546 5.27775925308436
0.120706902300767 0.241413804601534 5.2757585861954
0.121040346782261 0.242080693564521 5.27375791930644
0.121373791263755 0.242747582527509 5.27175725241747
0.121707235745248 0.243414471490497 5.26975658552851
0.122040680226742 0.244081360453484 5.26775591863955
0.122374124708236 0.244748249416472 5.26575525175058
0.12270756918973 0.24541513837946 5.26375458486162
0.123041013671224 0.246082027342447 5.26175391797266
0.123374458152718 0.246748916305435 5.2597532510837
0.123707902634211 0.247415805268423 5.25775258419473
0.124041347115705 0.24808269423141 5.25575191730577
0.124374791597199 0.248749583194398 5.2537512504168
0.124708236078693 0.249416472157386 5.25175058352784
0.125041680560187 0.250083361120373 5.24974991663888
0.125375125041681 0.250750250083361 5.24774924974992
0.125708569523174 0.251417139046349 5.24574858286095
0.126042014004668 0.252084028009336 5.24374791597199
0.126375458486162 0.252750916972324 5.24174724908303
0.126708902967656 0.253417805935312 5.23974658219406
0.12704234744915 0.254084694898299 5.2377459153051
0.127375791930644 0.254751583861287 5.23574524841614
0.127709236412137 0.255418472824275 5.23374458152718
0.128042680893631 0.256085361787262 5.23174391463821
0.128376125375125 0.25675225075025 5.22974324774925
0.128709569856619 0.257419139713238 5.22774258086029
0.129043014338113 0.258086028676225 5.22574191397132
0.129376458819607 0.258752917639213 5.22374124708236
0.1297099033011 0.259419806602201 5.2217405801934
0.130043347782594 0.260086695565188 5.21973991330444
0.130376792264088 0.260753584528176 5.21773924641547
0.130710236745582 0.261420473491164 5.21573857952651
0.131043681227076 0.262087362454151 5.21373791263755
0.13137712570857 0.262754251417139 5.21173724574858
0.131710570190063 0.263421140380127 5.20973657885962
0.132044014671557 0.264088029343114 5.20773591197066
0.132377459153051 0.264754918306102 5.20573524508169
0.132710903634545 0.26542180726909 5.20373457819273
0.133044348116039 0.266088696232077 5.20173391130377
0.133377792597533 0.266755585195065 5.19973324441481
0.133711237079026 0.267422474158053 5.19773257752584
0.13404468156052 0.26808936312104 5.19573191063688
0.134378126042014 0.268756252084028 5.19373124374792
0.134711570523508 0.269423141047016 5.19173057685895
0.135045015005002 0.270090030010003 5.18972990996999
0.135378459486495 0.270756918972991 5.18772924308103
0.135711903967989 0.271423807935979 5.18572857619206
0.136045348449483 0.272090696898966 5.1837279093031
0.136378792930977 0.272757585861954 5.18172724241414
0.136712237412471 0.273424474824942 5.17972657552517
0.137045681893965 0.274091363787929 5.17772590863621
0.137379126375458 0.274758252750917 5.17572524174725
0.137712570856952 0.275425141713905 5.17372457485829
0.138046015338446 0.276092030676892 5.17172390796932
0.13837945981994 0.27675891963988 5.16972324108036
0.138712904301434 0.277425808602868 5.1677225741914
0.139046348782928 0.278092697565855 5.16572190730243
0.139379793264421 0.278759586528843 5.16372124041347
0.139713237745915 0.279426475491831 5.16172057352451
0.140046682227409 0.280093364454818 5.15971990663555
0.140380126708903 0.280760253417806 5.15771923974658
0.140713571190397 0.281427142380794 5.15571857285762
0.141047015671891 0.282094031343781 5.15371790596866
0.141380460153384 0.282760920306769 5.15171723907969
0.141713904634878 0.283427809269757 5.14971657219073
0.142047349116372 0.284094698232744 5.14771590530177
0.142380793597866 0.284761587195732 5.1457152384128
0.14271423807936 0.28542847615872 5.14371457152384
0.143047682560854 0.286095365121707 5.14171390463488
0.143381127042347 0.286762254084695 5.13971323774591
0.143714571523841 0.287429143047683 5.13771257085695
0.144048016005335 0.28809603201067 5.13571190396799
0.144381460486829 0.288762920973658 5.13371123707903
0.144714904968323 0.289429809936646 5.13171057019006
0.145048349449817 0.290096698899633 5.1297099033011
0.14538179393131 0.290763587862621 5.12770923641214
0.145715238412804 0.291430476825609 5.12570856952317
0.146048682894298 0.292097365788596 5.12370790263421
0.146382127375792 0.292764254751584 5.12170723574525
0.146715571857286 0.293431143714572 5.11970656885629
0.14704901633878 0.294098032677559 5.11770590196732
0.147382460820273 0.294764921640547 5.11570523507836
0.147715905301767 0.295431810603535 5.1137045681894
0.148049349783261 0.296098699566522 5.11170390130043
0.148382794264755 0.29676558852951 5.10970323441147
0.148716238746249 0.297432477492498 5.10770256752251
0.149049683227743 0.298099366455485 5.10570190063354
0.149383127709236 0.298766255418473 5.10370123374458
0.14971657219073 0.299433144381461 5.10170056685562
0.150050016672224 0.300100033344448 5.09969989996666
0.150383461153718 0.300766922307436 5.09769923307769
0.150716905635212 0.301433811270423 5.09569856618873
0.151050350116706 0.302100700233411 5.09369789929977
0.151383794598199 0.302767589196399 5.0916972324108
0.151717239079693 0.303434478159386 5.08969656552184
0.152050683561187 0.304101367122374 5.08769589863288
0.152384128042681 0.304768256085362 5.08569523174392
0.152717572524175 0.305435145048349 5.08369456485495
0.153051017005669 0.306102034011337 5.08169389796599
0.153384461487162 0.306768922974325 5.07969323107702
0.153717905968656 0.307435811937312 5.07769256418806
0.15405135045015 0.3081027009003 5.0756918972991
0.154384794931644 0.308769589863288 5.07369123041014
0.154718239413138 0.309436478826275 5.07169056352117
0.155051683894632 0.310103367789263 5.06968989663221
0.155385128376125 0.310770256752251 5.06768922974325
0.155718572857619 0.311437145715238 5.06568856285429
0.156052017339113 0.312104034678226 5.06368789596532
0.156385461820607 0.312770923641214 5.06168722907636
0.156718906302101 0.313437812604201 5.0596865621874
0.157052350783595 0.314104701567189 5.05768589529843
0.157385795265088 0.314771590530177 5.05568522840947
0.157719239746582 0.315438479493164 5.05368456152051
0.158052684228076 0.316105368456152 5.05168389463154
0.15838612870957 0.31677225741914 5.04968322774258
0.158719573191064 0.317439146382127 5.04768256085362
0.159053017672558 0.318106035345115 5.04568189396466
0.159386462154051 0.318772924308103 5.04368122707569
0.159719906635545 0.31943981327109 5.04168056018673
0.160053351117039 0.320106702234078 5.03967989329777
0.160386795598533 0.320773591197066 5.0376792264088
0.160720240080027 0.321440480160053 5.03567855951984
0.16105368456152 0.322107369123041 5.03367789263088
0.161387129043014 0.322774258086029 5.03167722574191
0.161720573524508 0.323441147049016 5.02967655885295
0.162054018006002 0.324108036012004 5.02767589196399
0.162387462487496 0.324774924974992 5.02567522507502
0.16272090696899 0.325441813937979 5.02367455818606
0.163054351450483 0.326108702900967 5.0216738912971
0.163387795931977 0.326775591863955 5.01967322440814
0.163721240413471 0.327442480826942 5.01767255751917
0.164054684894965 0.32810936978993 5.01567189063021
0.164388129376459 0.328776258752918 5.01367122374125
0.164721573857953 0.329443147715905 5.01167055685228
0.165055018339446 0.330110036678893 5.00966988996332
0.16538846282094 0.330776925641881 5.00766922307436
0.165721907302434 0.331443814604868 5.0056685561854
0.166055351783928 0.332110703567856 5.00366788929643
0.166388796265422 0.332777592530844 5.00166722240747
0.166722240746916 0.333444481493831 4.99966655551851
0.167055685228409 0.334111370456819 4.99766588862954
0.167389129709903 0.334778259419807 4.99566522174058
0.167722574191397 0.335445148382794 4.99366455485162
0.168056018672891 0.336112037345782 4.99166388796265
0.168389463154385 0.33677892630877 4.98966322107369
0.168722907635879 0.337445815271757 4.98766255418473
0.169056352117372 0.338112704234745 4.98566188729577
0.169389796598866 0.338779593197733 4.9836612204068
0.16972324108036 0.33944648216072 4.98166055351784
0.170056685561854 0.340113371123708 4.97965988662888
0.170390130043348 0.340780260086696 4.97765921973991
0.170723574524842 0.341447149049683 4.97565855285095
0.171057019006335 0.342114038012671 4.97365788596199
0.171390463487829 0.342780926975659 4.97165721907302
0.171723907969323 0.343447815938646 4.96965655218406
0.172057352450817 0.344114704901634 4.9676558852951
0.172390796932311 0.344781593864622 4.96565521840614
0.172724241413805 0.345448482827609 4.96365455151717
0.173057685895298 0.346115371790597 4.96165388462821
0.173391130376792 0.346782260753585 4.95965321773925
0.173724574858286 0.347449149716572 4.95765255085028
0.17405801933978 0.34811603867956 4.95565188396132
0.174391463821274 0.348782927642548 4.95365121707236
0.174724908302768 0.349449816605535 4.95165055018339
0.175058352784261 0.350116705568523 4.94964988329443
0.175391797265755 0.35078359453151 4.94764921640547
0.175725241747249 0.351450483494498 4.94564854951651
0.176058686228743 0.352117372457486 4.94364788262754
0.176392130710237 0.352784261420473 4.94164721573858
0.176725575191731 0.353451150383461 4.93964654884962
0.177059019673224 0.354118039346449 4.93764588196065
0.177392464154718 0.354784928309436 4.93564521507169
0.177725908636212 0.355451817272424 4.93364454818273
0.178059353117706 0.356118706235412 4.93164388129376
0.1783927975992 0.356785595198399 4.9296432144048
0.178726242080694 0.357452484161387 4.92764254751584
0.179059686562187 0.358119373124375 4.92564188062688
0.179393131043681 0.358786262087362 4.92364121373791
0.179726575525175 0.35945315105035 4.92164054684895
0.180060020006669 0.360120040013338 4.91963987995999
0.180393464488163 0.360786928976325 4.91763921307102
0.180726908969657 0.361453817939313 4.91563854618206
0.18106035345115 0.362120706902301 4.9136378792931
0.181393797932644 0.362787595865288 4.91163721240413
0.181727242414138 0.363454484828276 4.90963654551517
0.182060686895632 0.364121373791264 4.90763587862621
0.182394131377126 0.364788262754251 4.90563521173725
0.18272757585862 0.365455151717239 4.90363454484828
0.183061020340113 0.366122040680227 4.90163387795932
0.183394464821607 0.366788929643214 4.89963321107036
0.183727909303101 0.367455818606202 4.89763254418139
0.184061353784595 0.36812270756919 4.89563187729243
0.184394798266089 0.368789596532177 4.89363121040347
0.184728242747583 0.369456485495165 4.89163054351451
0.185061687229076 0.370123374458153 4.88962987662554
0.18539513171057 0.37079026342114 4.88762920973658
0.185728576192064 0.371457152384128 4.88562854284762
0.186062020673558 0.372124041347116 4.88362787595865
0.186395465155052 0.372790930310103 4.88162720906969
0.186728909636546 0.373457819273091 4.87962654218073
0.187062354118039 0.374124708236079 4.87762587529176
0.187395798599533 0.374791597199066 4.8756252084028
0.187729243081027 0.375458486162054 4.87362454151384
0.188062687562521 0.376125375125042 4.87162387462488
0.188396132044015 0.376792264088029 4.86962320773591
0.188729576525509 0.377459153051017 4.86762254084695
0.189063021007002 0.378126042014005 4.86562187395799
0.189396465488496 0.378792930976992 4.86362120706902
0.18972990996999 0.37945981993998 4.86162054018006
0.190063354451484 0.380126708902968 4.8596198732911
0.190396798932978 0.380793597865955 4.85761920640213
0.190730243414471 0.381460486828943 4.85561853951317
0.191063687895965 0.382127375791931 4.85361787262421
0.191397132377459 0.382794264754918 4.85161720573524
0.191730576858953 0.383461153717906 4.84961653884628
0.192064021340447 0.384128042680894 4.84761587195732
0.192397465821941 0.384794931643881 4.84561520506836
0.192730910303434 0.385461820606869 4.84361453817939
0.193064354784928 0.386128709569857 4.84161387129043
0.193397799266422 0.386795598532844 4.83961320440147
0.193731243747916 0.387462487495832 4.8376125375125
0.19406468822941 0.38812937645882 4.83561187062354
0.194398132710904 0.388796265421807 4.83361120373458
0.194731577192397 0.389463154384795 4.83161053684562
0.195065021673891 0.390130043347783 4.82960986995665
0.195398466155385 0.39079693231077 4.82760920306769
0.195731910636879 0.391463821273758 4.82560853617873
0.196065355118373 0.392130710236746 4.82360786928976
0.196398799599867 0.392797599199733 4.8216072024008
0.19673224408136 0.393464488162721 4.81960653551184
0.197065688562854 0.394131377125709 4.81760586862287
0.197399133044348 0.394798266088696 4.81560520173391
0.197732577525842 0.395465155051684 4.81360453484495
0.198066022007336 0.396132044014672 4.81160386795599
0.19839946648883 0.396798932977659 4.80960320106702
0.198732910970323 0.397465821940647 4.80760253417806
0.199066355451817 0.398132710903635 4.8056018672891
0.199399799933311 0.398799599866622 4.80360120040013
0.199733244414805 0.39946648882961 4.80160053351117
0.200066688896299 0.400133377792598 4.79959986662221
0.200400133377793 0.400800266755585 4.79759919973324
0.200733577859286 0.401467155718573 4.79559853284428
0.20106702234078 0.40213404468156 4.79359786595532
0.201400466822274 0.402800933644548 4.79159719906636
0.201733911303768 0.403467822607536 4.78959653217739
0.202067355785262 0.404134711570523 4.78759586528843
0.202400800266756 0.404801600533511 4.78559519839947
0.202734244748249 0.405468489496499 4.7835945315105
0.203067689229743 0.406135378459486 4.78159386462154
0.203401133711237 0.406802267422474 4.77959319773258
0.203734578192731 0.407469156385462 4.77759253084361
0.204068022674225 0.408136045348449 4.77559186395465
0.204401467155719 0.408802934311437 4.77359119706569
0.204734911637212 0.409469823274425 4.77159053017673
0.205068356118706 0.410136712237412 4.76958986328776
0.2054018006002 0.4108036012004 4.7675891963988
0.205735245081694 0.411470490163388 4.76558852950984
0.206068689563188 0.412137379126375 4.76358786262087
0.206402134044682 0.412804268089363 4.76158719573191
0.206735578526175 0.413471157052351 4.75958652884295
0.207069023007669 0.414138046015338 4.75758586195398
0.207402467489163 0.414804934978326 4.75558519506502
0.207735911970657 0.415471823941314 4.75358452817606
0.208069356452151 0.416138712904301 4.7515838612871
0.208402800933645 0.416805601867289 4.74958319439813
0.208736245415138 0.417472490830277 4.74758252750917
0.209069689896632 0.418139379793264 4.74558186062021
0.209403134378126 0.418806268756252 4.74358119373124
0.20973657885962 0.41947315771924 4.74158052684228
0.210070023341114 0.420140046682227 4.73957985995332
0.210403467822608 0.420806935645215 4.73757919306435
0.210736912304101 0.421473824608203 4.73557852617539
0.211070356785595 0.42214071357119 4.73357785928643
0.211403801267089 0.422807602534178 4.73157719239747
0.211737245748583 0.423474491497166 4.7295765255085
0.212070690230077 0.424141380460153 4.72757585861954
0.212404134711571 0.424808269423141 4.72557519173058
0.212737579193064 0.425475158386129 4.72357452484161
0.213071023674558 0.426142047349116 4.72157385795265
0.213404468156052 0.426808936312104 4.71957319106369
0.213737912637546 0.427475825275092 4.71757252417473
0.21407135711904 0.428142714238079 4.71557185728576
0.214404801600534 0.428809603201067 4.7135711903968
0.214738246082027 0.429476492164055 4.71157052350784
0.215071690563521 0.430143381127042 4.70956985661887
0.215405135045015 0.43081027009003 4.70756918972991
0.215738579526509 0.431477159053018 4.70556852284095
0.216072024008003 0.432144048016005 4.70356785595198
0.216405468489496 0.432810936978993 4.70156718906302
0.21673891297099 0.433477825941981 4.69956652217406
0.217072357452484 0.434144714904968 4.6975658552851
0.217405801933978 0.434811603867956 4.69556518839613
0.217739246415472 0.435478492830944 4.69356452150717
0.218072690896966 0.436145381793931 4.69156385461821
0.218406135378459 0.436812270756919 4.68956318772924
0.218739579859953 0.437479159719907 4.68756252084028
0.219073024341447 0.438146048682894 4.68556185395132
0.219406468822941 0.438812937645882 4.68356118706235
0.219739913304435 0.43947982660887 4.68156052017339
0.220073357785929 0.440146715571857 4.67955985328443
0.220406802267422 0.440813604534845 4.67755918639546
0.220740246748916 0.441480493497833 4.6755585195065
0.22107369123041 0.44214738246082 4.67355785261754
0.221407135711904 0.442814271423808 4.67155718572858
0.221740580193398 0.443481160386796 4.66955651883961
0.222074024674892 0.444148049349783 4.66755585195065
0.222407469156385 0.444814938312771 4.66555518506169
0.222740913637879 0.445481827275759 4.66355451817272
0.223074358119373 0.446148716238746 4.66155385128376
0.223407802600867 0.446815605201734 4.6595531843948
0.223741247082361 0.447482494164722 4.65755251750584
0.224074691563855 0.448149383127709 4.65555185061687
0.224408136045348 0.448816272090697 4.65355118372791
0.224741580526842 0.449483161053685 4.65155051683895
0.225075025008336 0.450150050016672 4.64954984994998
0.22540846948983 0.45081693897966 4.64754918306102
0.225741913971324 0.451483827942648 4.64554851617206
0.226075358452818 0.452150716905635 4.64354784928309
0.226408802934311 0.452817605868623 4.64154718239413
0.226742247415805 0.453484494831611 4.63954651550517
0.227075691897299 0.454151383794598 4.63754584861621
0.227409136378793 0.454818272757586 4.63554518172724
0.227742580860287 0.455485161720574 4.63354451483828
0.228076025341781 0.456152050683561 4.63154384794932
0.228409469823274 0.456818939646549 4.62954318106035
0.228742914304768 0.457485828609537 4.62754251417139
0.229076358786262 0.458152717572524 4.62554184728243
0.229409803267756 0.458819606535512 4.62354118039346
0.22974324774925 0.4594864954985 4.6215405135045
0.230076692230744 0.460153384461487 4.61953984661554
0.230410136712237 0.460820273424475 4.61753917972658
0.230743581193731 0.461487162387463 4.61553851283761
0.231077025675225 0.46215405135045 4.61353784594865
0.231410470156719 0.462820940313438 4.61153717905969
0.231743914638213 0.463487829276425 4.60953651217072
0.232077359119707 0.464154718239413 4.60753584528176
0.2324108036012 0.464821607202401 4.6055351783928
0.232744248082694 0.465488496165388 4.60353451150383
0.233077692564188 0.466155385128376 4.60153384461487
0.233411137045682 0.466822274091364 4.59953317772591
0.233744581527176 0.467489163054351 4.59753251083695
0.23407802600867 0.468156052017339 4.59553184394798
0.234411470490163 0.468822940980327 4.59353117705902
0.234744914971657 0.469489829943314 4.59153051017006
0.235078359453151 0.470156718906302 4.58952984328109
0.235411803934645 0.47082360786929 4.58752917639213
0.235745248416139 0.471490496832277 4.58552850950317
0.236078692897633 0.472157385795265 4.58352784261421
0.236412137379126 0.472824274758253 4.58152717572524
0.23674558186062 0.47349116372124 4.57952650883628
0.237079026342114 0.474158052684228 4.57752584194732
0.237412470823608 0.474824941647216 4.57552517505835
0.237745915305102 0.475491830610203 4.57352450816939
0.238079359786596 0.476158719573191 4.57152384128043
0.238412804268089 0.476825608536179 4.56952317439146
0.238746248749583 0.477492497499166 4.5675225075025
0.239079693231077 0.478159386462154 4.56552184061354
0.239413137712571 0.478826275425142 4.56352117372457
0.239746582194065 0.479493164388129 4.56152050683561
0.240080026675559 0.480160053351117 4.55951983994665
0.240413471157052 0.480826942314105 4.55751917305769
0.240746915638546 0.481493831277092 4.55551850616872
0.24108036012004 0.48216072024008 4.55351783927976
0.241413804601534 0.482827609203068 4.5515171723908
0.241747249083028 0.483494498166055 4.54951650550183
0.242080693564521 0.484161387129043 4.54751583861287
0.242414138046015 0.484828276092031 4.54551517172391
0.242747582527509 0.485495165055018 4.54351450483495
0.243081027009003 0.486162054018006 4.54151383794598
0.243414471490497 0.486828942980994 4.53951317105702
0.243747915971991 0.487495831943981 4.53751250416806
0.244081360453484 0.488162720906969 4.53551183727909
0.244414804934978 0.488829609869957 4.53351117039013
0.244748249416472 0.489496498832944 4.53151050350117
0.245081693897966 0.490163387795932 4.5295098366122
0.24541513837946 0.49083027675892 4.52750916972324
0.245748582860954 0.491497165721907 4.52550850283428
0.246082027342447 0.492164054684895 4.52350783594532
0.246415471823941 0.492830943647883 4.52150716905635
0.246748916305435 0.49349783261087 4.51950650216739
0.247082360786929 0.494164721573858 4.51750583527843
0.247415805268423 0.494831610536846 4.51550516838946
0.247749249749917 0.495498499499833 4.5135045015005
0.24808269423141 0.496165388462821 4.51150383461154
0.248416138712904 0.496832277425809 4.50950316772257
0.248749583194398 0.497499166388796 4.50750250083361
0.249083027675892 0.498166055351784 4.50550183394465
0.249416472157386 0.498832944314772 4.50350116705568
0.24974991663888 0.499499833277759 4.50150050016672
0.250083361120373 0.500166722240747 4.49949983327776
0.250416805601867 0.500833611203735 4.4974991663888
0.250750250083361 0.501500500166722 4.49549849949983
0.251083694564855 0.50216738912971 4.49349783261087
0.251417139046349 0.502834278092698 4.49149716572191
0.251750583527843 0.503501167055685 4.48949649883294
0.252084028009336 0.504168056018673 4.48749583194398
0.25241747249083 0.504834944981661 4.48549516505502
0.252750916972324 0.505501833944648 4.48349449816606
0.253084361453818 0.506168722907636 4.48149383127709
0.253417805935312 0.506835611870624 4.47949316438813
0.253751250416806 0.507502500833611 4.47749249749917
0.254084694898299 0.508169389796599 4.4754918306102
0.254418139379793 0.508836278759586 4.47349116372124
0.254751583861287 0.509503167722574 4.47149049683228
0.255085028342781 0.510170056685562 4.46948982994331
0.255418472824275 0.51083694564855 4.46748916305435
0.255751917305769 0.511503834611537 4.46548849616539
0.256085361787262 0.512170723574525 4.46348782927643
0.256418806268756 0.512837612537512 4.46148716238746
0.25675225075025 0.5135045015005 4.4594864954985
0.257085695231744 0.514171390463488 4.45748582860954
0.257419139713238 0.514838279426476 4.45548516172057
0.257752584194732 0.515505168389463 4.45348449483161
0.258086028676225 0.516172057352451 4.45148382794265
0.258419473157719 0.516838946315438 4.44948316105368
0.258752917639213 0.517505835278426 4.44748249416472
0.259086362120707 0.518172724241414 4.44548182727576
0.259419806602201 0.518839613204401 4.4434811603868
0.259753251083695 0.519506502167389 4.44148049349783
0.260086695565188 0.520173391130377 4.43947982660887
0.260420140046682 0.520840280093364 4.43747915971991
0.260753584528176 0.521507169056352 4.43547849283094
0.26108702900967 0.52217405801934 4.43347782594198
0.261420473491164 0.522840946982327 4.43147715905302
0.261753917972658 0.523507835945315 4.42947649216405
0.262087362454151 0.524174724908303 4.42747582527509
0.262420806935645 0.52484161387129 4.42547515838613
0.262754251417139 0.525508502834278 4.42347449149717
0.263087695898633 0.526175391797266 4.4214738246082
0.263421140380127 0.526842280760253 4.41947315771924
0.263754584861621 0.527509169723241 4.41747249083028
0.264088029343114 0.528176058686229 4.41547182394131
0.264421473824608 0.528842947649216 4.41347115705235
0.264754918306102 0.529509836612204 4.41147049016339
0.265088362787596 0.530176725575192 4.40946982327443
0.26542180726909 0.530843614538179 4.40746915638546
0.265755251750584 0.531510503501167 4.4054684894965
0.266088696232077 0.532177392464155 4.40346782260753
0.266422140713571 0.532844281427142 4.40146715571857
0.266755585195065 0.53351117039013 4.39946648882961
0.267089029676559 0.534178059353118 4.39746582194065
0.267422474158053 0.534844948316105 4.39546515505168
0.267755918639547 0.535511837279093 4.39346448816272
0.26808936312104 0.536178726242081 4.39146382127376
0.268422807602534 0.536845615205068 4.3894631543848
0.268756252084028 0.537512504168056 4.38746248749583
0.269089696565522 0.538179393131044 4.38546182060687
0.269423141047016 0.538846282094031 4.38346115371791
0.26975658552851 0.539513171057019 4.38146048682894
0.270090030010003 0.540180060020007 4.37945981993998
0.270423474491497 0.540846948982994 4.37745915305102
0.270756918972991 0.541513837945982 4.37545848616205
0.271090363454485 0.54218072690897 4.37345781927309
0.271423807935979 0.542847615871957 4.37145715238413
0.271757252417473 0.543514504834945 4.36945648549517
0.272090696898966 0.544181393797933 4.3674558186062
0.27242414138046 0.54484828276092 4.36545515171724
0.272757585861954 0.545515171723908 4.36345448482828
0.273091030343448 0.546182060686896 4.36145381793931
0.273424474824942 0.546848949649883 4.35945315105035
0.273757919306436 0.547515838612871 4.35745248416139
0.274091363787929 0.548182727575859 4.35545181727242
0.274424808269423 0.548849616538846 4.35345115038346
0.274758252750917 0.549516505501834 4.3514504834945
0.275091697232411 0.550183394464822 4.34944981660554
0.275425141713905 0.550850283427809 4.34744914971657
0.275758586195398 0.551517172390797 4.34544848282761
0.276092030676892 0.552184061353785 4.34344781593865
0.276425475158386 0.552850950316772 4.34144714904968
0.27675891963988 0.55351783927976 4.33944648216072
0.277092364121374 0.554184728242748 4.33744581527176
0.277425808602868 0.554851617205735 4.33544514838279
0.277759253084361 0.555518506168723 4.33344448149383
0.278092697565855 0.556185395131711 4.33144381460487
0.278426142047349 0.556852284094698 4.32944314771591
0.278759586528843 0.557519173057686 4.32744248082694
0.279093031010337 0.558186062020674 4.32544181393798
0.279426475491831 0.558852950983661 4.32344114704902
0.279759919973324 0.559519839946649 4.32144048016005
0.280093364454818 0.560186728909636 4.31943981327109
0.280426808936312 0.560853617872624 4.31743914638213
0.280760253417806 0.561520506835612 4.31543847949316
0.2810936978993 0.5621873957986 4.3134378126042
0.281427142380794 0.562854284761587 4.31143714571524
0.281760586862287 0.563521173724575 4.30943647882628
0.282094031343781 0.564188062687562 4.30743581193731
0.282427475825275 0.56485495165055 4.30543514504835
0.282760920306769 0.565521840613538 4.30343447815939
0.283094364788263 0.566188729576526 4.30143381127042
0.283427809269757 0.566855618539513 4.29943314438146
0.28376125375125 0.567522507502501 4.2974324774925
0.284094698232744 0.568189396465488 4.29543181060353
0.284428142714238 0.568856285428476 4.29343114371457
0.284761587195732 0.569523174391464 4.29143047682561
0.285095031677226 0.570190063354451 4.28942980993665
0.28542847615872 0.570856952317439 4.28742914304768
0.285761920640213 0.571523841280427 4.28542847615872
0.286095365121707 0.572190730243414 4.28342780926976
0.286428809603201 0.572857619206402 4.28142714238079
0.286762254084695 0.57352450816939 4.27942647549183
0.287095698566189 0.574191397132377 4.27742580860287
0.287429143047683 0.574858286095365 4.2754251417139
0.287762587529176 0.575525175058353 4.27342447482494
0.28809603201067 0.57619206402134 4.27142380793598
0.288429476492164 0.576858952984328 4.26942314104702
0.288762920973658 0.577525841947316 4.26742247415805
0.289096365455152 0.578192730910303 4.26542180726909
0.289429809936646 0.578859619873291 4.26342114038013
0.289763254418139 0.579526508836279 4.26142047349116
0.290096698899633 0.580193397799266 4.2594198066022
0.290430143381127 0.580860286762254 4.25741913971324
0.290763587862621 0.581527175725242 4.25541847282427
0.291097032344115 0.582194064688229 4.25341780593531
0.291430476825609 0.582860953651217 4.25141713904635
0.291763921307102 0.583527842614205 4.24941647215739
0.292097365788596 0.584194731577192 4.24741580526842
0.29243081027009 0.58486162054018 4.24541513837946
0.292764254751584 0.585528509503168 4.2434144714905
0.293097699233078 0.586195398466155 4.24141380460153
0.293431143714572 0.586862287429143 4.23941313771257
0.293764588196065 0.587529176392131 4.23741247082361
0.294098032677559 0.588196065355118 4.23541180393465
0.294431477159053 0.588862954318106 4.23341113704568
0.294764921640547 0.589529843281094 4.23141047015672
0.295098366122041 0.590196732244081 4.22940980326776
0.295431810603535 0.590863621207069 4.22740913637879
0.295765255085028 0.591530510170057 4.22540846948983
0.296098699566522 0.592197399133044 4.22340780260087
0.296432144048016 0.592864288096032 4.2214071357119
0.29676558852951 0.59353117705902 4.21940646882294
0.297099033011004 0.594198066022007 4.21740580193398
0.297432477492498 0.594864954984995 4.21540513504502
0.297765921973991 0.595531843947983 4.21340446815605
0.298099366455485 0.59619873291097 4.21140380126709
0.298432810936979 0.596865621873958 4.20940313437813
0.298766255418473 0.597532510836946 4.20740246748916
0.299099699899967 0.598199399799933 4.2054018006002
0.299433144381461 0.598866288762921 4.20340113371124
0.299766588862954 0.599533177725909 4.20140046682227
0.300100033344448 0.600200066688896 4.19939979993331
0.300433477825942 0.600866955651884 4.19739913304435
0.300766922307436 0.601533844614872 4.19539846615539
0.30110036678893 0.602200733577859 4.19339779926642
0.301433811270423 0.602867622540847 4.19139713237746
0.301767255751917 0.603534511503835 4.1893964654885
0.302100700233411 0.604201400466822 4.18739579859953
0.302434144714905 0.60486828942981 4.18539513171057
0.302767589196399 0.605535178392798 4.18339446482161
0.303101033677893 0.606202067355785 4.18139379793264
0.303434478159386 0.606868956318773 4.17939313104368
0.30376792264088 0.607535845281761 4.17739246415472
0.304101367122374 0.608202734244748 4.17539179726576
0.304434811603868 0.608869623207736 4.17339113037679
0.304768256085362 0.609536512170724 4.17139046348783
0.305101700566856 0.610203401133711 4.16938979659887
0.305435145048349 0.610870290096699 4.1673891297099
0.305768589529843 0.611537179059687 4.16538846282094
0.306102034011337 0.612204068022674 4.16338779593198
0.306435478492831 0.612870956985662 4.16138712904301
0.306768922974325 0.61353784594865 4.15938646215405
0.307102367455819 0.614204734911637 4.15738579526509
0.307435811937312 0.614871623874625 4.15538512837613
0.307769256418806 0.615538512837613 4.15338446148716
0.3081027009003 0.6162054018006 4.1513837945982
0.308436145381794 0.616872290763588 4.14938312770924
0.308769589863288 0.617539179726576 4.14738246082027
0.309103034344782 0.618206068689563 4.14538179393131
0.309436478826275 0.618872957652551 4.14338112704235
0.309769923307769 0.619539846615539 4.14138046015338
0.310103367789263 0.620206735578526 4.13937979326442
0.310436812270757 0.620873624541514 4.13737912637546
0.310770256752251 0.621540513504501 4.1353784594865
0.311103701233745 0.622207402467489 4.13337779259753
0.311437145715238 0.622874291430477 4.13137712570857
0.311770590196732 0.623541180393465 4.12937645881961
0.312104034678226 0.624208069356452 4.12737579193064
0.31243747915972 0.62487495831944 4.12537512504168
0.312770923641214 0.625541847282427 4.12337445815272
0.313104368122708 0.626208736245415 4.12137379126375
0.313437812604201 0.626875625208403 4.11937312437479
0.313771257085695 0.627542514171391 4.11737245748583
0.314104701567189 0.628209403134378 4.11537179059687
0.314438146048683 0.628876292097366 4.1133711237079
0.314771590530177 0.629543181060353 4.11137045681894
0.315105035011671 0.630210070023341 4.10936978992998
0.315438479493164 0.630876958986329 4.10736912304101
0.315771923974658 0.631543847949316 4.10536845615205
0.316105368456152 0.632210736912304 4.10336778926309
0.316438812937646 0.632877625875292 4.10136712237412
0.31677225741914 0.633544514838279 4.09936645548516
0.317105701900634 0.634211403801267 4.0973657885962
0.317439146382127 0.634878292764255 4.09536512170724
0.317772590863621 0.635545181727242 4.09336445481827
0.318106035345115 0.63621207069023 4.09136378792931
0.318439479826609 0.636878959653218 4.08936312104035
0.318772924308103 0.637545848616205 4.08736245415138
0.319106368789597 0.638212737579193 4.08536178726242
0.31943981327109 0.638879626542181 4.08336112037346
0.319773257752584 0.639546515505168 4.08136045348449
0.320106702234078 0.640213404468156 4.07935978659553
0.320440146715572 0.640880293431144 4.07735911970657
0.320773591197066 0.641547182394131 4.07535845281761
0.32110703567856 0.642214071357119 4.07335778592864
0.321440480160053 0.642880960320107 4.07135711903968
0.321773924641547 0.643547849283094 4.06935645215072
0.322107369123041 0.644214738246082 4.06735578526175
0.322440813604535 0.64488162720907 4.06535511837279
0.322774258086029 0.645548516172057 4.06335445148383
0.323107702567523 0.646215405135045 4.06135378459487
0.323441147049016 0.646882294098033 4.0593531177059
0.32377459153051 0.64754918306102 4.05735245081694
0.324108036012004 0.648216072024008 4.05535178392798
0.324441480493498 0.648882960986996 4.05335111703901
0.324774924974992 0.649549849949983 4.05135045015005
0.325108369456485 0.650216738912971 4.04934978326109
0.325441813937979 0.650883627875959 4.04734911637212
0.325775258419473 0.651550516838946 4.04534844948316
0.326108702900967 0.652217405801934 4.0433477825942
0.326442147382461 0.652884294764922 4.04134711570524
0.326775591863955 0.653551183727909 4.03934644881627
0.327109036345448 0.654218072690897 4.03734578192731
0.327442480826942 0.654884961653885 4.03534511503835
0.327775925308436 0.655551850616872 4.03334444814938
0.32810936978993 0.65621873957986 4.03134378126042
0.328442814271424 0.656885628542848 4.02934311437146
0.328776258752918 0.657552517505835 4.02734244748249
0.329109703234411 0.658219406468823 4.02534178059353
0.329443147715905 0.658886295431811 4.02334111370457
0.329776592197399 0.659553184394798 4.02134044681561
0.330110036678893 0.660220073357786 4.01933977992664
0.330443481160387 0.660886962320774 4.01733911303768
0.330776925641881 0.661553851283761 4.01533844614872
0.331110370123374 0.662220740246749 4.01333777925975
0.331443814604868 0.662887629209737 4.01133711237079
0.331777259086362 0.663554518172724 4.00933644548183
0.332110703567856 0.664221407135712 4.00733577859286
0.33244414804935 0.6648882960987 4.0053351117039
0.332777592530844 0.665555185061687 4.00333444481494
0.333111037012337 0.666222074024675 4.00133377792597
0.333444481493831 0.666888962987663 3.99933311103701
0.333777925975325 0.66755585195065 3.99733244414805
0.334111370456819 0.668222740913638 3.99533177725909
0.334444814938313 0.668889629876626 3.99333111037012
0.334778259419807 0.669556518839613 3.99133044348116
0.3351117039013 0.670223407802601 3.9893297765922
0.335445148382794 0.670890296765589 3.98732910970323
0.335778592864288 0.671557185728576 3.98532844281427
0.336112037345782 0.672224074691564 3.98332777592531
0.336445481827276 0.672890963654551 3.98132710903635
0.33677892630877 0.673557852617539 3.97932644214738
0.337112370790263 0.674224741580527 3.97732577525842
0.337445815271757 0.674891630543515 3.97532510836946
0.337779259753251 0.675558519506502 3.97332444148049
0.338112704234745 0.67622540846949 3.97132377459153
0.338446148716239 0.676892297432477 3.96932310770257
0.338779593197733 0.677559186395465 3.9673224408136
0.339113037679226 0.678226075358453 3.96532177392464
0.33944648216072 0.678892964321441 3.96332110703568
0.339779926642214 0.679559853284428 3.96132044014672
0.340113371123708 0.680226742247416 3.95931977325775
0.340446815605202 0.680893631210403 3.95731910636879
0.340780260086696 0.681560520173391 3.95531843947983
0.341113704568189 0.682227409136379 3.95331777259086
0.341447149049683 0.682894298099366 3.9513171057019
0.341780593531177 0.683561187062354 3.94931643881294
0.342114038012671 0.684228076025342 3.94731577192398
0.342447482494165 0.684894964988329 3.94531510503501
0.342780926975659 0.685561853951317 3.94331443814605
0.343114371457152 0.686228742914305 3.94131377125709
0.343447815938646 0.686895631877292 3.93931310436812
0.34378126042014 0.68756252084028 3.93731243747916
0.344114704901634 0.688229409803268 3.9353117705902
0.344448149383128 0.688896298766255 3.93331110370123
0.344781593864622 0.689563187729243 3.93131043681227
0.345115038346115 0.690230076692231 3.92930976992331
0.345448482827609 0.690896965655218 3.92730910303434
0.345781927309103 0.691563854618206 3.92530843614538
0.346115371790597 0.692230743581194 3.92330776925642
0.346448816272091 0.692897632544181 3.92130710236746
0.346782260753585 0.693564521507169 3.91930643547849
0.347115705235078 0.694231410470157 3.91730576858953
0.347449149716572 0.694898299433144 3.91530510170057
0.347782594198066 0.695565188396132 3.9133044348116
0.34811603867956 0.69623207735912 3.91130376792264
0.348449483161054 0.696898966322107 3.90930310103368
0.348782927642548 0.697565855285095 3.90730243414471
0.349116372124041 0.698232744248083 3.90530176725575
0.349449816605535 0.69889963321107 3.90330110036679
0.349783261087029 0.699566522174058 3.90130043347783
0.350116705568523 0.700233411137046 3.89929976658886
0.350450150050017 0.700900300100033 3.8972990996999
0.35078359453151 0.701567189063021 3.89529843281094
0.351117039013004 0.702234078026009 3.89329776592197
0.351450483494498 0.702900966988996 3.89129709903301
0.351783927975992 0.703567855951984 3.88929643214405
0.352117372457486 0.704234744914972 3.88729576525509
0.35245081693898 0.704901633877959 3.88529509836612
0.352784261420473 0.705568522840947 3.88329443147716
0.353117705901967 0.706235411803935 3.8812937645882
0.353451150383461 0.706902300766922 3.87929309769923
0.353784594864955 0.70756918972991 3.87729243081027
0.354118039346449 0.708236078692898 3.87529176392131
0.354451483827943 0.708902967655885 3.87329109703234
0.354784928309436 0.709569856618873 3.87129043014338
0.35511837279093 0.710236745581861 3.86928976325442
0.355451817272424 0.710903634544848 3.86728909636546
0.355785261753918 0.711570523507836 3.86528842947649
0.356118706235412 0.712237412470824 3.86328776258753
0.356452150716906 0.712904301433811 3.86128709569857
0.356785595198399 0.713571190396799 3.8592864288096
0.357119039679893 0.714238079359787 3.85728576192064
0.357452484161387 0.714904968322774 3.85528509503168
0.357785928642881 0.715571857285762 3.85328442814271
0.358119373124375 0.71623874624875 3.85128376125375
0.358452817605869 0.716905635211737 3.84928309436479
0.358786262087362 0.717572524174725 3.84728242747582
0.359119706568856 0.718239413137713 3.84528176058686
0.35945315105035 0.7189063021007 3.8432810936979
0.359786595531844 0.719573191063688 3.84128042680894
0.360120040013338 0.720240080026676 3.83927975991997
0.360453484494832 0.720906968989663 3.83727909303101
0.360786928976325 0.721573857952651 3.83527842614205
0.361120373457819 0.722240746915639 3.83327775925308
0.361453817939313 0.722907635878626 3.83127709236412
0.361787262420807 0.723574524841614 3.82927642547516
0.362120706902301 0.724241413804601 3.8272757585862
0.362454151383795 0.724908302767589 3.82527509169723
0.362787595865288 0.725575191730577 3.82327442480827
0.363121040346782 0.726242080693565 3.82127375791931
0.363454484828276 0.726908969656552 3.81927309103034
0.36378792930977 0.72757585861954 3.81727242414138
0.364121373791264 0.728242747582527 3.81527175725242
0.364454818272758 0.728909636545515 3.81327109036345
0.364788262754251 0.729576525508503 3.81127042347449
0.365121707235745 0.730243414471491 3.80926975658553
0.365455151717239 0.730910303434478 3.80726908969657
0.365788596198733 0.731577192397466 3.8052684228076
0.366122040680227 0.732244081360453 3.80326775591864
0.366455485161721 0.732910970323441 3.80126708902968
0.366788929643214 0.733577859286429 3.79926642214071
0.367122374124708 0.734244748249416 3.79726575525175
0.367455818606202 0.734911637212404 3.79526508836279
0.367789263087696 0.735578526175392 3.79326442147382
0.36812270756919 0.736245415138379 3.79126375458486
0.368456152050684 0.736912304101367 3.7892630876959
0.368789596532177 0.737579193064355 3.78726242080694
0.369123041013671 0.738246082027342 3.78526175391797
0.369456485495165 0.73891297099033 3.78326108702901
0.369789929976659 0.739579859953318 3.78126042014005
0.370123374458153 0.740246748916305 3.77925975325108
0.370456818939647 0.740913637879293 3.77725908636212
0.37079026342114 0.741580526842281 3.77525841947316
0.371123707902634 0.742247415805268 3.7732577525842
0.371457152384128 0.742914304768256 3.77125708569523
0.371790596865622 0.743581193731244 3.76925641880627
0.372124041347116 0.744248082694231 3.76725575191731
0.37245748582861 0.744914971657219 3.76525508502834
0.372790930310103 0.745581860620207 3.76325441813938
0.373124374791597 0.746248749583194 3.76125375125042
0.373457819273091 0.746915638546182 3.75925308436145
0.373791263754585 0.74758252750917 3.75725241747249
0.374124708236079 0.748249416472157 3.75525175058353
0.374458152717573 0.748916305435145 3.75325108369456
0.374791597199066 0.749583194398133 3.7512504168056
0.37512504168056 0.75025008336112 3.74924974991664
0.375458486162054 0.750916972324108 3.74724908302768
0.375791930643548 0.751583861287096 3.74524841613871
0.376125375125042 0.752250750250083 3.74324774924975
0.376458819606535 0.752917639213071 3.74124708236079
0.376792264088029 0.753584528176059 3.73924641547182
0.377125708569523 0.754251417139046 3.73724574858286
0.377459153051017 0.754918306102034 3.7352450816939
0.377792597532511 0.755585195065022 3.73324441480494
0.378126042014005 0.756252084028009 3.73124374791597
0.378459486495498 0.756918972990997 3.72924308102701
0.378792930976992 0.757585861953985 3.72724241413805
0.379126375458486 0.758252750916972 3.72524174724908
0.37945981993998 0.75891963987996 3.72324108036012
0.379793264421474 0.759586528842948 3.72124041347116
0.380126708902968 0.760253417805935 3.71923974658219
0.380460153384461 0.760920306768923 3.71723907969323
0.380793597865955 0.761587195731911 3.71523841280427
0.381127042347449 0.762254084694898 3.71323774591531
0.381460486828943 0.762920973657886 3.71123707902634
0.381793931310437 0.763587862620874 3.70923641213738
0.382127375791931 0.764254751583861 3.70723574524842
0.382460820273424 0.764921640546849 3.70523507835945
0.382794264754918 0.765588529509837 3.70323441147049
0.383127709236412 0.766255418472824 3.70123374458153
0.383461153717906 0.766922307435812 3.69923307769256
0.3837945981994 0.7675891963988 3.6972324108036
0.384128042680894 0.768256085361787 3.69523174391464
0.384461487162387 0.768922974324775 3.69323107702568
0.384794931643881 0.769589863287763 3.69123041013671
0.385128376125375 0.77025675225075 3.68922974324775
0.385461820606869 0.770923641213738 3.68722907635879
0.385795265088363 0.771590530176726 3.68522840946982
0.386128709569857 0.772257419139713 3.68322774258086
0.38646215405135 0.772924308102701 3.6812270756919
0.386795598532844 0.773591197065689 3.67922640880293
0.387129043014338 0.774258086028676 3.67722574191397
0.387462487495832 0.774924974991664 3.67522507502501
0.387795931977326 0.775591863954652 3.67322440813605
0.38812937645882 0.776258752917639 3.67122374124708
0.388462820940313 0.776925641880627 3.66922307435812
0.388796265421807 0.777592530843615 3.66722240746916
0.389129709903301 0.778259419806602 3.66522174058019
0.389463154384795 0.77892630876959 3.66322107369123
0.389796598866289 0.779593197732578 3.66122040680227
0.390130043347783 0.780260086695565 3.6592197399133
0.390463487829276 0.780926975658553 3.65721907302434
0.39079693231077 0.781593864621541 3.65521840613538
0.391130376792264 0.782260753584528 3.65321773924642
0.391463821273758 0.782927642547516 3.65121707235745
0.391797265755252 0.783594531510504 3.64921640546849
0.392130710236746 0.784261420473491 3.64721573857953
0.392464154718239 0.784928309436479 3.64521507169056
0.392797599199733 0.785595198399466 3.6432144048016
0.393131043681227 0.786262087362454 3.64121373791264
0.393464488162721 0.786928976325442 3.63921307102367
0.393797932644215 0.78759586528843 3.63721240413471
0.394131377125709 0.788262754251417 3.63521173724575
0.394464821607202 0.788929643214405 3.63321107035679
0.394798266088696 0.789596532177392 3.63121040346782
0.39513171057019 0.79026342114038 3.62920973657886
0.395465155051684 0.790930310103368 3.6272090696899
0.395798599533178 0.791597199066356 3.62520840280093
0.396132044014672 0.792264088029343 3.62320773591197
0.396465488496165 0.792930976992331 3.62120706902301
0.396798932977659 0.793597865955318 3.61920640213404
0.397132377459153 0.794264754918306 3.61720573524508
0.397465821940647 0.794931643881294 3.61520506835612
0.397799266422141 0.795598532844281 3.61320440146716
0.398132710903635 0.796265421807269 3.61120373457819
0.398466155385128 0.796932310770257 3.60920306768923
0.398799599866622 0.797599199733244 3.60720240080027
0.399133044348116 0.798266088696232 3.6052017339113
0.39946648882961 0.79893297765922 3.60320106702234
0.399799933311104 0.799599866622207 3.60120040013338
0.400133377792598 0.800266755585195 3.59919973324442
0.400466822274091 0.800933644548183 3.59719906635545
0.400800266755585 0.80160053351117 3.59519839946649
0.401133711237079 0.802267422474158 3.59319773257753
0.401467155718573 0.802934311437146 3.59119706568856
0.401800600200067 0.803601200400133 3.5891963987996
0.40213404468156 0.804268089363121 3.58719573191064
0.402467489163054 0.804934978326109 3.58519506502167
0.402800933644548 0.805601867289096 3.58319439813271
0.403134378126042 0.806268756252084 3.58119373124375
0.403467822607536 0.806935645215072 3.57919306435478
0.40380126708903 0.807602534178059 3.57719239746582
0.404134711570523 0.808269423141047 3.57519173057686
0.404468156052017 0.808936312104035 3.5731910636879
0.404801600533511 0.809603201067022 3.57119039679893
0.405135045015005 0.81027009003001 3.56918972990997
0.405468489496499 0.810936978992998 3.56718906302101
0.405801933977993 0.811603867955985 3.56518839613204
0.406135378459486 0.812270756918973 3.56318772924308
0.40646882294098 0.812937645881961 3.56118706235412
0.406802267422474 0.813604534844948 3.55918639546516
0.407135711903968 0.814271423807936 3.55718572857619
0.407469156385462 0.814938312770924 3.55518506168723
0.407802600866956 0.815605201733911 3.55318439479827
0.408136045348449 0.816272090696899 3.5511837279093
0.408469489829943 0.816938979659887 3.54918306102034
0.408802934311437 0.817605868622874 3.54718239413138
0.409136378792931 0.818272757585862 3.54518172724241
0.409469823274425 0.81893964654885 3.54318106035345
0.409803267755919 0.819606535511837 3.54118039346449
0.410136712237412 0.820273424474825 3.53917972657553
0.410470156718906 0.820940313437813 3.53717905968656
0.4108036012004 0.8216072024008 3.5351783927976
0.411137045681894 0.822274091363788 3.53317772590864
0.411470490163388 0.822940980326776 3.53117705901967
0.411803934644882 0.823607869289763 3.52917639213071
0.412137379126375 0.824274758252751 3.52717572524175
0.412470823607869 0.824941647215739 3.52517505835278
0.412804268089363 0.825608536178726 3.52317439146382
0.413137712570857 0.826275425141714 3.52117372457486
0.413471157052351 0.826942314104702 3.5191730576859
0.413804601533845 0.827609203067689 3.51717239079693
0.414138046015338 0.828276092030677 3.51517172390797
0.414471490496832 0.828942980993665 3.51317105701901
0.414804934978326 0.829609869956652 3.51117039013004
0.41513837945982 0.83027675891964 3.50916972324108
0.415471823941314 0.830943647882628 3.50716905635212
0.415805268422808 0.831610536845615 3.50516838946315
0.416138712904301 0.832277425808603 3.50316772257419
0.416472157385795 0.83294431477159 3.50116705568523
0.416805601867289 0.833611203734578 3.49916638879627
0.417139046348783 0.834278092697566 3.4971657219073
0.417472490830277 0.834944981660554 3.49516505501834
0.417805935311771 0.835611870623541 3.49316438812938
0.418139379793264 0.836278759586529 3.49116372124041
0.418472824274758 0.836945648549516 3.48916305435145
0.418806268756252 0.837612537512504 3.48716238746249
0.419139713237746 0.838279426475492 3.48516172057352
0.41947315771924 0.83894631543848 3.48316105368456
0.419806602200734 0.839613204401467 3.4811603867956
0.420140046682227 0.840280093364455 3.47915971990664
0.420473491163721 0.840946982327442 3.47715905301767
0.420806935645215 0.84161387129043 3.47515838612871
0.421140380126709 0.842280760253418 3.47315771923975
0.421473824608203 0.842947649216405 3.47115705235078
0.421807269089697 0.843614538179393 3.46915638546182
0.42214071357119 0.844281427142381 3.46715571857286
0.422474158052684 0.844948316105368 3.46515505168389
0.422807602534178 0.845615205068356 3.46315438479493
0.423141047015672 0.846282094031344 3.46115371790597
0.423474491497166 0.846948982994331 3.45915305101701
0.42380793597866 0.847615871957319 3.45715238412804
0.424141380460153 0.848282760920307 3.45515171723908
0.424474824941647 0.848949649883294 3.45315105035012
0.424808269423141 0.849616538846282 3.45115038346115
0.425141713904635 0.85028342780927 3.44914971657219
0.425475158386129 0.850950316772257 3.44714904968323
0.425808602867623 0.851617205735245 3.44514838279426
0.426142047349116 0.852284094698233 3.4431477159053
0.42647549183061 0.85295098366122 3.44114704901634
0.426808936312104 0.853617872624208 3.43914638212738
0.427142380793598 0.854284761587196 3.43714571523841
0.427475825275092 0.854951650550183 3.43514504834945
0.427809269756586 0.855618539513171 3.43314438146049
0.428142714238079 0.856285428476159 3.43114371457152
0.428476158719573 0.856952317439146 3.42914304768256
0.428809603201067 0.857619206402134 3.4271423807936
0.429143047682561 0.858286095365122 3.42514171390463
0.429476492164055 0.858952984328109 3.42314104701567
0.429809936645549 0.859619873291097 3.42114038012671
0.430143381127042 0.860286762254085 3.41913971323775
0.430476825608536 0.860953651217072 3.41713904634878
0.43081027009003 0.86162054018006 3.41513837945982
0.431143714571524 0.862287429143048 3.41313771257086
0.431477159053018 0.862954318106035 3.41113704568189
0.431810603534512 0.863621207069023 3.40913637879293
0.432144048016005 0.864288096032011 3.40713571190397
0.432477492497499 0.864954984994998 3.405135045015
0.432810936978993 0.865621873957986 3.40313437812604
0.433144381460487 0.866288762920974 3.40113371123708
0.433477825941981 0.866955651883961 3.39913304434812
0.433811270423475 0.867622540846949 3.39713237745915
0.434144714904968 0.868289429809937 3.39513171057019
0.434478159386462 0.868956318772924 3.39313104368123
0.434811603867956 0.869623207735912 3.39113037679226
0.43514504834945 0.8702900966989 3.3891297099033
0.435478492830944 0.870956985661887 3.38712904301434
0.435811937312438 0.871623874624875 3.38512837612538
0.436145381793931 0.872290763587863 3.38312770923641
0.436478826275425 0.87295765255085 3.38112704234745
0.436812270756919 0.873624541513838 3.37912637545849
0.437145715238413 0.874291430476826 3.37712570856952
0.437479159719907 0.874958319439813 3.37512504168056
0.4378126042014 0.875625208402801 3.3731243747916
0.438146048682894 0.876292097365789 3.37112370790263
0.438479493164388 0.876958986328776 3.36912304101367
0.438812937645882 0.877625875291764 3.36712237412471
0.439146382127376 0.878292764254752 3.36512170723575
0.43947982660887 0.878959653217739 3.36312104034678
0.439813271090363 0.879626542180727 3.36112037345782
0.440146715571857 0.880293431143715 3.35911970656886
0.440480160053351 0.880960320106702 3.35711903967989
0.440813604534845 0.88162720906969 3.35511837279093
0.441147049016339 0.882294098032678 3.35311770590197
0.441480493497833 0.882960986995665 3.351117039013
0.441813937979326 0.883627875958653 3.34911637212404
0.44214738246082 0.88429476492164 3.34711570523508
0.442480826942314 0.884961653884628 3.34511503834612
0.442814271423808 0.885628542847616 3.34311437145715
0.443147715905302 0.886295431810604 3.34111370456819
0.443481160386796 0.886962320773591 3.33911303767923
0.443814604868289 0.887629209736579 3.33711237079026
0.444148049349783 0.888296098699566 3.3351117039013
0.444481493831277 0.888962987662554 3.33311103701234
0.444814938312771 0.889629876625542 3.33111037012337
0.445148382794265 0.89029676558853 3.32910970323441
0.445481827275759 0.890963654551517 3.32710903634545
0.445815271757252 0.891630543514505 3.32510836945649
0.446148716238746 0.892297432477492 3.32310770256752
0.44648216072024 0.89296432144048 3.32110703567856
0.446815605201734 0.893631210403468 3.3191063687896
0.447149049683228 0.894298099366455 3.31710570190063
0.447482494164722 0.894964988329443 3.31510503501167
0.447815938646215 0.895631877292431 3.31310436812271
0.448149383127709 0.896298766255418 3.31110370123374
0.448482827609203 0.896965655218406 3.30910303434478
0.448816272090697 0.897632544181394 3.30710236745582
0.449149716572191 0.898299433144381 3.30510170056686
0.449483161053685 0.898966322107369 3.30310103367789
0.449816605535178 0.899633211070357 3.30110036678893
0.450150050016672 0.900300100033344 3.29909969989997
0.450483494498166 0.900966988996332 3.297099033011
0.45081693897966 0.90163387795932 3.29509836612204
0.451150383461154 0.902300766922307 3.29309769923308
0.451483827942648 0.902967655885295 3.29109703234411
0.451817272424141 0.903634544848283 3.28909636545515
0.452150716905635 0.90430143381127 3.28709569856619
0.452484161387129 0.904968322774258 3.28509503167723
0.452817605868623 0.905635211737246 3.28309436478826
0.453151050350117 0.906302100700233 3.2810936978993
0.453484494831611 0.906968989663221 3.27909303101034
0.453817939313104 0.907635878626209 3.27709236412137
0.454151383794598 0.908302767589196 3.27509169723241
0.454484828276092 0.908969656552184 3.27309103034345
0.454818272757586 0.909636545515172 3.27109036345449
0.45515171723908 0.910303434478159 3.26908969656552
0.455485161720574 0.910970323441147 3.26708902967656
0.455818606202067 0.911637212404135 3.2650883627876
0.456152050683561 0.912304101367122 3.26308769589863
0.456485495165055 0.91297099033011 3.26108702900967
0.456818939646549 0.913637879293098 3.25908636212071
0.457152384128043 0.914304768256085 3.25708569523174
0.457485828609537 0.914971657219073 3.25508502834278
0.45781927309103 0.915638546182061 3.25308436145382
0.458152717572524 0.916305435145048 3.25108369456485
0.458486162054018 0.916972324108036 3.24908302767589
0.458819606535512 0.917639213071024 3.24708236078693
0.459153051017006 0.918306102034011 3.24508169389797
0.4594864954985 0.918972990996999 3.243081027009
0.459819939979993 0.919639879959987 3.24108036012004
0.460153384461487 0.920306768922974 3.23907969323108
0.460486828942981 0.920973657885962 3.23707902634211
0.460820273424475 0.92164054684895 3.23507835945315
0.461153717905969 0.922307435811937 3.23307769256419
0.461487162387463 0.922974324774925 3.23107702567522
0.461820606868956 0.923641213737913 3.22907635878626
0.46215405135045 0.9243081027009 3.2270756918973
0.462487495831944 0.924974991663888 3.22507502500834
0.462820940313438 0.925641880626876 3.22307435811937
0.463154384794932 0.926308769589863 3.22107369123041
0.463487829276425 0.926975658552851 3.21907302434145
0.463821273757919 0.927642547515839 3.21707235745248
0.464154718239413 0.928309436478826 3.21507169056352
0.464488162720907 0.928976325441814 3.21307102367456
0.464821607202401 0.929643214404802 3.2110703567856
0.465155051683895 0.930310103367789 3.20906968989663
0.465488496165388 0.930976992330777 3.20706902300767
0.465821940646882 0.931643881293765 3.20506835611871
0.466155385128376 0.932310770256752 3.20306768922974
0.46648882960987 0.93297765921974 3.20106702234078
0.466822274091364 0.933644548182728 3.19906635545182
0.467155718572858 0.934311437145715 3.19706568856285
0.467489163054351 0.934978326108703 3.19506502167389
0.467822607535845 0.935645215071691 3.19306435478493
0.468156052017339 0.936312104034678 3.19106368789597
0.468489496498833 0.936978992997666 3.189063021007
0.468822940980327 0.937645881960654 3.18706235411804
0.469156385461821 0.938312770923641 3.18506168722908
0.469489829943314 0.938979659886629 3.18306102034011
0.469823274424808 0.939646548849617 3.18106035345115
0.470156718906302 0.940313437812604 3.17905968656219
0.470490163387796 0.940980326775592 3.17705901967322
0.47082360786929 0.94164721573858 3.17505835278426
0.471157052350784 0.942314104701567 3.1730576858953
0.471490496832277 0.942980993664555 3.17105701900633
0.471823941313771 0.943647882627543 3.16905635211737
0.472157385795265 0.94431477159053 3.16705568522841
0.472490830276759 0.944981660553518 3.16505501833945
0.472824274758253 0.945648549516505 3.16305435145048
0.473157719239747 0.946315438479493 3.16105368456152
0.47349116372124 0.946982327442481 3.15905301767256
0.473824608202734 0.947649216405469 3.15705235078359
0.474158052684228 0.948316105368456 3.15505168389463
0.474491497165722 0.948982994331444 3.15305101700567
0.474824941647216 0.949649883294431 3.15105035011671
0.47515838612871 0.950316772257419 3.14904968322774
0.475491830610203 0.950983661220407 3.14704901633878
0.475825275091697 0.951650550183395 3.14504834944982
0.476158719573191 0.952317439146382 3.14304768256085
0.476492164054685 0.95298432810937 3.14104701567189
0.476825608536179 0.953651217072357 3.13904634878293
0.477159053017673 0.954318106035345 3.13704568189396
0.477492497499166 0.954984994998333 3.135045015005
0.47782594198066 0.95565188396132 3.13304434811604
0.478159386462154 0.956318772924308 3.13104368122708
0.478492830943648 0.956985661887296 3.12904301433811
0.478826275425142 0.957652550850283 3.12704234744915
0.479159719906636 0.958319439813271 3.12504168056019
0.479493164388129 0.958986328776259 3.12304101367122
0.479826608869623 0.959653217739246 3.12104034678226
0.480160053351117 0.960320106702234 3.1190396798933
0.480493497832611 0.960986995665222 3.11703901300433
0.480826942314105 0.961653884628209 3.11503834611537
0.481160386795599 0.962320773591197 3.11303767922641
0.481493831277092 0.962987662554185 3.11103701233745
0.481827275758586 0.963654551517172 3.10903634544848
0.48216072024008 0.96432144048016 3.10703567855952
0.482494164721574 0.964988329443148 3.10503501167056
0.482827609203068 0.965655218406135 3.10303434478159
0.483161053684562 0.966322107369123 3.10103367789263
0.483494498166055 0.966988996332111 3.09903301100367
0.483827942647549 0.967655885295098 3.09703234411471
0.484161387129043 0.968322774258086 3.09503167722574
0.484494831610537 0.968989663221074 3.09303101033678
0.484828276092031 0.969656552184061 3.09103034344782
0.485161720573525 0.970323441147049 3.08902967655885
0.485495165055018 0.970990330110037 3.08702900966989
0.485828609536512 0.971657219073024 3.08502834278093
0.486162054018006 0.972324108036012 3.08302767589196
0.4864954984995 0.972990996999 3.081027009003
0.486828942980994 0.973657885961987 3.07902634211404
0.487162387462488 0.974324774924975 3.07702567522507
0.487495831943981 0.974991663887963 3.07502500833611
0.487829276425475 0.97565855285095 3.07302434144715
0.488162720906969 0.976325441813938 3.07102367455819
0.488496165388463 0.976992330776926 3.06902300766922
0.488829609869957 0.977659219739913 3.06702234078026
0.48916305435145 0.978326108702901 3.0650216738913
0.489496498832944 0.978992997665889 3.06302100700233
0.489829943314438 0.979659886628876 3.06102034011337
0.490163387795932 0.980326775591864 3.05901967322441
0.490496832277426 0.980993664554852 3.05701900633545
0.49083027675892 0.981660553517839 3.05501833944648
0.491163721240413 0.982327442480827 3.05301767255752
0.491497165721907 0.982994331443815 3.05101700566856
0.491830610203401 0.983661220406802 3.04901633877959
0.492164054684895 0.98432810936979 3.04701567189063
0.492497499166389 0.984994998332778 3.04501500500167
0.492830943647883 0.985661887295765 3.0430143381127
0.493164388129376 0.986328776258753 3.04101367122374
0.49349783261087 0.986995665221741 3.03901300433478
0.493831277092364 0.987662554184728 3.03701233744582
0.494164721573858 0.988329443147716 3.03501167055685
0.494498166055352 0.988996332110704 3.03301100366789
0.494831610536846 0.989663221073691 3.03101033677893
0.495165055018339 0.990330110036679 3.02900966988996
0.495498499499833 0.990996998999667 3.027009003001
0.495831943981327 0.991663887962654 3.02500833611204
0.496165388462821 0.992330776925642 3.02300766922307
0.496498832944315 0.99299766588863 3.02100700233411
0.496832277425809 0.993664554851617 3.01900633544515
0.497165721907302 0.994331443814605 3.01700566855619
0.497499166388796 0.994998332777593 3.01500500166722
0.49783261087029 0.99566522174058 3.01300433477826
0.498166055351784 0.996332110703568 3.0110036678893
0.498499499833278 0.996998999666555 3.00900300100033
0.498832944314772 0.997665888629543 3.00700233411137
0.499166388796265 0.998332777592531 3.00500166722241
0.499499833277759 0.998999666555519 3.00300100033344
0.499833277759253 0.999666555518506 3.00100033344448
0.500166722240747 1.00033344448149 2.99899966655552
0.500500166722241 1.00100033344448 2.99699899966656
0.500833611203735 1.00166722240747 2.99499833277759
0.501167055685228 1.00233411137046 2.99299766588863
0.501500500166722 1.00300100033344 2.99099699899967
0.501833944648216 1.00366788929643 2.9889963321107
0.50216738912971 1.00433477825942 2.98699566522174
0.502500833611204 1.00500166722241 2.98499499833278
0.502834278092698 1.0056685561854 2.98299433144381
0.503167722574191 1.00633544514838 2.98099366455485
0.503501167055685 1.00700233411137 2.97899299766589
0.503834611537179 1.00766922307436 2.97699233077693
0.504168056018673 1.00833611203735 2.97499166388796
0.504501500500167 1.00900300100033 2.972990996999
0.504834944981661 1.00966988996332 2.97099033011004
0.505168389463154 1.01033677892631 2.96898966322107
0.505501833944648 1.0110036678893 2.96698899633211
0.505835278426142 1.01167055685228 2.96498832944315
0.506168722907636 1.01233744581527 2.96298766255418
0.50650216738913 1.01300433477826 2.96098699566522
0.506835611870624 1.01367122374125 2.95898632877626
0.507169056352117 1.01433811270423 2.9569856618873
0.507502500833611 1.01500500166722 2.95498499499833
0.507835945315105 1.01567189063021 2.95298432810937
0.508169389796599 1.0163387795932 2.95098366122041
0.508502834278093 1.01700566855619 2.94898299433144
0.508836278759586 1.01767255751917 2.94698232744248
0.50916972324108 1.01833944648216 2.94498166055352
0.509503167722574 1.01900633544515 2.94298099366455
0.509836612204068 1.01967322440814 2.94098032677559
0.510170056685562 1.02034011337112 2.93897965988663
0.510503501167056 1.02100700233411 2.93697899299767
0.51083694564855 1.0216738912971 2.9349783261087
0.511170390130043 1.02234078026009 2.93297765921974
0.511503834611537 1.02300766922307 2.93097699233078
0.511837279093031 1.02367455818606 2.92897632544181
0.512170723574525 1.02434144714905 2.92697565855285
0.512504168056019 1.02500833611204 2.92497499166389
0.512837612537512 1.02567522507502 2.92297432477493
0.513171057019006 1.02634211403801 2.92097365788596
0.5135045015005 1.027009003001 2.918972990997
0.513837945981994 1.02767589196399 2.91697232410804
0.514171390463488 1.02834278092698 2.91497165721907
0.514504834944982 1.02900966988996 2.91297099033011
0.514838279426476 1.02967655885295 2.91097032344115
0.515171723907969 1.03034344781594 2.90896965655218
0.515505168389463 1.03101033677893 2.90696898966322
0.515838612870957 1.03167722574191 2.90496832277426
0.516172057352451 1.0323441147049 2.90296765588529
0.516505501833945 1.03301100366789 2.90096698899633
0.516838946315438 1.03367789263088 2.89896632210737
0.517172390796932 1.03434478159386 2.89696565521841
0.517505835278426 1.03501167055685 2.89496498832944
0.51783927975992 1.03567855951984 2.89296432144048
0.518172724241414 1.03634544848283 2.89096365455152
0.518506168722908 1.03701233744582 2.88896298766255
0.518839613204401 1.0376792264088 2.88696232077359
0.519173057685895 1.03834611537179 2.88496165388463
0.519506502167389 1.03901300433478 2.88296098699567
0.519839946648883 1.03967989329777 2.8809603201067
0.520173391130377 1.04034678226075 2.87895965321774
0.520506835611871 1.04101367122374 2.87695898632878
0.520840280093364 1.04168056018673 2.87495831943981
0.521173724574858 1.04234744914972 2.87295765255085
0.521507169056352 1.0430143381127 2.87095698566189
0.521840613537846 1.04368122707569 2.86895631877292
0.52217405801934 1.04434811603868 2.86695565188396
0.522507502500834 1.04501500500167 2.864954984995
0.522840946982327 1.04568189396465 2.86295431810604
0.523174391463821 1.04634878292764 2.86095365121707
0.523507835945315 1.04701567189063 2.85895298432811
0.523841280426809 1.04768256085362 2.85695231743915
0.524174724908303 1.04834944981661 2.85495165055018
0.524508169389797 1.04901633877959 2.85295098366122
0.52484161387129 1.04968322774258 2.85095031677226
0.525175058352784 1.05035011670557 2.84894964988329
0.525508502834278 1.05101700566856 2.84694898299433
0.525841947315772 1.05168389463154 2.84494831610537
0.526175391797266 1.05235078359453 2.84294764921641
0.52650883627876 1.05301767255752 2.84094698232744
0.526842280760253 1.05368456152051 2.83894631543848
0.527175725241747 1.05435145048349 2.83694564854952
0.527509169723241 1.05501833944648 2.83494498166055
0.527842614204735 1.05568522840947 2.83294431477159
0.528176058686229 1.05635211737246 2.83094364788263
0.528509503167723 1.05701900633545 2.82894298099366
0.528842947649216 1.05768589529843 2.8269423141047
0.52917639213071 1.05835278426142 2.82494164721574
0.529509836612204 1.05901967322441 2.82294098032678
0.529843281093698 1.0596865621874 2.82094031343781
0.530176725575192 1.06035345115038 2.81893964654885
0.530510170056686 1.06102034011337 2.81693897965989
0.530843614538179 1.06168722907636 2.81493831277092
0.531177059019673 1.06235411803935 2.81293764588196
0.531510503501167 1.06302100700233 2.810936978993
0.531843947982661 1.06368789596532 2.80893631210403
0.532177392464155 1.06435478492831 2.80693564521507
0.532510836945649 1.0650216738913 2.80493497832611
0.532844281427142 1.06568856285428 2.80293431143715
0.533177725908636 1.06635545181727 2.80093364454818
0.53351117039013 1.06702234078026 2.79893297765922
0.533844614871624 1.06768922974325 2.79693231077026
0.534178059353118 1.06835611870624 2.79493164388129
0.534511503834612 1.06902300766922 2.79293097699233
0.534844948316105 1.06968989663221 2.79093031010337
0.535178392797599 1.0703567855952 2.7889296432144
0.535511837279093 1.07102367455819 2.78692897632544
0.535845281760587 1.07169056352117 2.78492830943648
0.536178726242081 1.07235745248416 2.78292764254752
0.536512170723574 1.07302434144715 2.78092697565855
0.536845615205068 1.07369123041014 2.77892630876959
0.537179059686562 1.07435811937312 2.77692564188063
0.537512504168056 1.07502500833611 2.77492497499166
0.53784594864955 1.0756918972991 2.7729243081027
0.538179393131044 1.07635878626209 2.77092364121374
0.538512837612538 1.07702567522508 2.76892297432477
0.538846282094031 1.07769256418806 2.76692230743581
0.539179726575525 1.07835945315105 2.76492164054685
0.539513171057019 1.07902634211404 2.76292097365789
0.539846615538513 1.07969323107703 2.76092030676892
0.540180060020007 1.08036012004001 2.75891963987996
0.5405135045015 1.081027009003 2.756918972991
0.540846948982994 1.08169389796599 2.75491830610203
0.541180393464488 1.08236078692898 2.75291763921307
0.541513837945982 1.08302767589196 2.75091697232411
0.541847282427476 1.08369456485495 2.74891630543515
0.54218072690897 1.08436145381794 2.74691563854618
0.542514171390464 1.08502834278093 2.74491497165722
0.542847615871957 1.08569523174391 2.74291430476826
0.543181060353451 1.0863621207069 2.74091363787929
0.543514504834945 1.08702900966989 2.73891297099033
0.543847949316439 1.08769589863288 2.73691230410137
0.544181393797933 1.08836278759587 2.7349116372124
0.544514838279426 1.08902967655885 2.73291097032344
0.54484828276092 1.08969656552184 2.73091030343448
0.545181727242414 1.09036345448483 2.72890963654552
0.545515171723908 1.09103034344782 2.72690896965655
0.545848616205402 1.0916972324108 2.72490830276759
0.546182060686896 1.09236412137379 2.72290763587863
0.546515505168389 1.09303101033678 2.72090696898966
0.546848949649883 1.09369789929977 2.7189063021007
0.547182394131377 1.09436478826275 2.71690563521174
0.547515838612871 1.09503167722574 2.71490496832277
0.547849283094365 1.09569856618873 2.71290430143381
0.548182727575859 1.09636545515172 2.71090363454485
0.548516172057352 1.0970323441147 2.70890296765589
0.548849616538846 1.09769923307769 2.70690230076692
0.54918306102034 1.09836612204068 2.70490163387796
0.549516505501834 1.09903301100367 2.702900966989
0.549849949983328 1.09969989996666 2.70090030010003
0.550183394464822 1.10036678892964 2.69889963321107
0.550516838946315 1.10103367789263 2.69689896632211
0.550850283427809 1.10170056685562 2.69489829943314
0.551183727909303 1.10236745581861 2.69289763254418
0.551517172390797 1.10303434478159 2.69089696565522
0.551850616872291 1.10370123374458 2.68889629876626
0.552184061353785 1.10436812270757 2.68689563187729
0.552517505835278 1.10503501167056 2.68489496498833
0.552850950316772 1.10570190063354 2.68289429809937
0.553184394798266 1.10636878959653 2.6808936312104
0.55351783927976 1.10703567855952 2.67889296432144
0.553851283761254 1.10770256752251 2.67689229743248
0.554184728242748 1.1083694564855 2.67489163054351
0.554518172724241 1.10903634544848 2.67289096365455
0.554851617205735 1.10970323441147 2.67089029676559
0.555185061687229 1.11037012337446 2.66888962987663
0.555518506168723 1.11103701233745 2.66688896298766
0.555851950650217 1.11170390130043 2.6648882960987
0.556185395131711 1.11237079026342 2.66288762920974
0.556518839613204 1.11303767922641 2.66088696232077
0.556852284094698 1.1137045681894 2.65888629543181
0.557185728576192 1.11437145715238 2.65688562854285
0.557519173057686 1.11503834611537 2.65488496165388
0.55785261753918 1.11570523507836 2.65288429476492
0.558186062020674 1.11637212404135 2.65088362787596
0.558519506502167 1.11703901300433 2.648882960987
0.558852950983661 1.11770590196732 2.64688229409803
0.559186395465155 1.11837279093031 2.64488162720907
0.559519839946649 1.1190396798933 2.64288096032011
0.559853284428143 1.11970656885629 2.64088029343114
0.560186728909636 1.12037345781927 2.63887962654218
0.56052017339113 1.12104034678226 2.63687895965322
0.560853617872624 1.12170723574525 2.63487829276425
0.561187062354118 1.12237412470824 2.63287762587529
0.561520506835612 1.12304101367122 2.63087695898633
0.561853951317106 1.12370790263421 2.62887629209737
0.5621873957986 1.1243747915972 2.6268756252084
0.562520840280093 1.12504168056019 2.62487495831944
0.562854284761587 1.12570856952317 2.62287429143048
0.563187729243081 1.12637545848616 2.62087362454151
0.563521173724575 1.12704234744915 2.61887295765255
0.563854618206069 1.12770923641214 2.61687229076359
0.564188062687562 1.12837612537512 2.61487162387462
0.564521507169056 1.12904301433811 2.61287095698566
0.56485495165055 1.1297099033011 2.6108702900967
0.565188396132044 1.13037679226409 2.60886962320774
0.565521840613538 1.13104368122708 2.60686895631877
0.565855285095032 1.13171057019006 2.60486828942981
0.566188729576526 1.13237745915305 2.60286762254085
0.566522174058019 1.13304434811604 2.60086695565188
0.566855618539513 1.13371123707903 2.59886628876292
0.567189063021007 1.13437812604201 2.59686562187396
0.567522507502501 1.135045015005 2.59486495498499
0.567855951983995 1.13571190396799 2.59286428809603
0.568189396465488 1.13637879293098 2.59086362120707
0.568522840946982 1.13704568189396 2.58886295431811
0.568856285428476 1.13771257085695 2.58686228742914
0.56918972990997 1.13837945981994 2.58486162054018
0.569523174391464 1.13904634878293 2.58286095365122
0.569856618872958 1.13971323774592 2.58086028676225
0.570190063354451 1.1403801267089 2.57885961987329
0.570523507835945 1.14104701567189 2.57685895298433
0.570856952317439 1.14171390463488 2.57485828609537
0.571190396798933 1.14238079359787 2.5728576192064
0.571523841280427 1.14304768256085 2.57085695231744
0.571857285761921 1.14371457152384 2.56885628542848
0.572190730243414 1.14438146048683 2.56685561853951
0.572524174724908 1.14504834944982 2.56485495165055
0.572857619206402 1.1457152384128 2.56285428476159
0.573191063687896 1.14638212737579 2.56085361787262
0.57352450816939 1.14704901633878 2.55885295098366
0.573857952650884 1.14771590530177 2.5568522840947
0.574191397132377 1.14838279426475 2.55485161720574
0.574524841613871 1.14904968322774 2.55285095031677
0.574858286095365 1.14971657219073 2.55085028342781
0.575191730576859 1.15038346115372 2.54884961653885
0.575525175058353 1.15105035011671 2.54684894964988
0.575858619539847 1.15171723907969 2.54484828276092
0.57619206402134 1.15238412804268 2.54284761587196
0.576525508502834 1.15305101700567 2.54084694898299
0.576858952984328 1.15371790596866 2.53884628209403
0.577192397465822 1.15438479493164 2.53684561520507
0.577525841947316 1.15505168389463 2.53484494831611
0.57785928642881 1.15571857285762 2.53284428142714
0.578192730910303 1.15638546182061 2.53084361453818
0.578526175391797 1.15705235078359 2.52884294764922
0.578859619873291 1.15771923974658 2.52684228076025
0.579193064354785 1.15838612870957 2.52484161387129
0.579526508836279 1.15905301767256 2.52284094698233
0.579859953317773 1.15971990663555 2.52084028009336
0.580193397799266 1.16038679559853 2.5188396132044
0.58052684228076 1.16105368456152 2.51683894631544
0.580860286762254 1.16172057352451 2.51483827942648
0.581193731243748 1.1623874624875 2.51283761253751
0.581527175725242 1.16305435145048 2.51083694564855
0.581860620206736 1.16372124041347 2.50883627875959
0.582194064688229 1.16438812937646 2.50683561187062
0.582527509169723 1.16505501833945 2.50483494498166
0.582860953651217 1.16572190730243 2.5028342780927
0.583194398132711 1.16638879626542 2.50083361120373
0.583527842614205 1.16705568522841 2.49883294431477
0.583861287095699 1.1677225741914 2.49683227742581
0.584194731577192 1.16838946315438 2.49483161053685
0.584528176058686 1.16905635211737 2.49283094364788
0.58486162054018 1.16972324108036 2.49083027675892
0.585195065021674 1.17039013004335 2.48882960986996
0.585528509503168 1.17105701900634 2.48682894298099
0.585861953984662 1.17172390796932 2.48482827609203
0.586195398466155 1.17239079693231 2.48282760920307
0.586528842947649 1.1730576858953 2.4808269423141
0.586862287429143 1.17372457485829 2.47882627542514
0.587195731910637 1.17439146382127 2.47682560853618
0.587529176392131 1.17505835278426 2.47482494164722
0.587862620873625 1.17572524174725 2.47282427475825
0.588196065355118 1.17639213071024 2.47082360786929
0.588529509836612 1.17705901967322 2.46882294098033
0.588862954318106 1.17772590863621 2.46682227409136
0.5891963987996 1.1783927975992 2.4648216072024
0.589529843281094 1.17905968656219 2.46282094031344
0.589863287762588 1.17972657552518 2.46082027342447
0.590196732244081 1.18039346448816 2.45881960653551
0.590530176725575 1.18106035345115 2.45681893964655
0.590863621207069 1.18172724241414 2.45481827275759
0.591197065688563 1.18239413137713 2.45281760586862
0.591530510170057 1.18306102034011 2.45081693897966
0.591863954651551 1.1837279093031 2.4488162720907
0.592197399133044 1.18439479826609 2.44681560520173
0.592530843614538 1.18506168722908 2.44481493831277
0.592864288096032 1.18572857619206 2.44281427142381
0.593197732577526 1.18639546515505 2.44081360453484
0.59353117705902 1.18706235411804 2.43881293764588
0.593864621540514 1.18772924308103 2.43681227075692
0.594198066022007 1.18839613204401 2.43481160386796
0.594531510503501 1.189063021007 2.43281093697899
0.594864954984995 1.18972990996999 2.43081027009003
0.595198399466489 1.19039679893298 2.42880960320107
0.595531843947983 1.19106368789597 2.4268089363121
0.595865288429477 1.19173057685895 2.42480826942314
0.59619873291097 1.19239746582194 2.42280760253418
0.596532177392464 1.19306435478493 2.42080693564522
0.596865621873958 1.19373124374792 2.41880626875625
0.597199066355452 1.1943981327109 2.41680560186729
0.597532510836946 1.19506502167389 2.41480493497833
0.597865955318439 1.19573191063688 2.41280426808936
0.598199399799933 1.19639879959987 2.4108036012004
0.598532844281427 1.19706568856285 2.40880293431144
0.598866288762921 1.19773257752584 2.40680226742247
0.599199733244415 1.19839946648883 2.40480160053351
0.599533177725909 1.19906635545182 2.40280093364455
0.599866622207403 1.19973324441481 2.40080026675558
0.600200066688896 1.20040013337779 2.39879959986662
0.60053351117039 1.20106702234078 2.39679893297766
0.600866955651884 1.20173391130377 2.3947982660887
0.601200400133378 1.20240080026676 2.39279759919973
0.601533844614872 1.20306768922974 2.39079693231077
0.601867289096365 1.20373457819273 2.38879626542181
0.602200733577859 1.20440146715572 2.38679559853284
0.602534178059353 1.20506835611871 2.38479493164388
0.602867622540847 1.20573524508169 2.38279426475492
0.603201067022341 1.20640213404468 2.38079359786596
0.603534511503835 1.20706902300767 2.37879293097699
0.603867955985328 1.20773591197066 2.37679226408803
0.604201400466822 1.20840280093364 2.37479159719907
0.604534844948316 1.20906968989663 2.3727909303101
0.60486828942981 1.20973657885962 2.37079026342114
0.605201733911304 1.21040346782261 2.36878959653218
0.605535178392798 1.2110703567856 2.36678892964321
0.605868622874291 1.21173724574858 2.36478826275425
0.606202067355785 1.21240413471157 2.36278759586529
0.606535511837279 1.21307102367456 2.36078692897633
0.606868956318773 1.21373791263755 2.35878626208736
0.607202400800267 1.21440480160053 2.3567855951984
0.607535845281761 1.21507169056352 2.35478492830944
0.607869289763254 1.21573857952651 2.35278426142047
0.608202734244748 1.2164054684895 2.35078359453151
0.608536178726242 1.21707235745248 2.34878292764255
0.608869623207736 1.21773924641547 2.34678226075358
0.60920306768923 1.21840613537846 2.34478159386462
0.609536512170724 1.21907302434145 2.34278092697566
0.609869956652217 1.21973991330443 2.3407802600867
0.610203401133711 1.22040680226742 2.33877959319773
0.610536845615205 1.22107369123041 2.33677892630877
0.610870290096699 1.2217405801934 2.33477825941981
0.611203734578193 1.22240746915639 2.33277759253084
0.611537179059687 1.22307435811937 2.33077692564188
0.61187062354118 1.22374124708236 2.32877625875292
0.612204068022674 1.22440813604535 2.32677559186395
0.612537512504168 1.22507502500834 2.32477492497499
0.612870956985662 1.22574191397132 2.32277425808603
0.613204401467156 1.22640880293431 2.32077359119707
0.61353784594865 1.2270756918973 2.3187729243081
0.613871290430143 1.22774258086029 2.31677225741914
0.614204734911637 1.22840946982327 2.31477159053018
0.614538179393131 1.22907635878626 2.31277092364121
0.614871623874625 1.22974324774925 2.31077025675225
0.615205068356119 1.23041013671224 2.30876958986329
0.615538512837613 1.23107702567523 2.30676892297432
0.615871957319106 1.23174391463821 2.30476825608536
0.6162054018006 1.2324108036012 2.3027675891964
0.616538846282094 1.23307769256419 2.30076692230744
0.616872290763588 1.23374458152718 2.29876625541847
0.617205735245082 1.23441147049016 2.29676558852951
0.617539179726576 1.23507835945315 2.29476492164055
0.617872624208069 1.23574524841614 2.29276425475158
0.618206068689563 1.23641213737913 2.29076358786262
0.618539513171057 1.23707902634211 2.28876292097366
0.618872957652551 1.2377459153051 2.28676225408469
0.619206402134045 1.23841280426809 2.28476158719573
0.619539846615539 1.23907969323108 2.28276092030677
0.619873291097032 1.23974658219406 2.28076025341781
0.620206735578526 1.24041347115705 2.27875958652884
0.62054018006002 1.24108036012004 2.27675891963988
0.620873624541514 1.24174724908303 2.27475825275092
0.621207069023008 1.24241413804602 2.27275758586195
0.621540513504501 1.243081027009 2.27075691897299
0.621873957985995 1.24374791597199 2.26875625208403
0.622207402467489 1.24441480493498 2.26675558519506
0.622540846948983 1.24508169389797 2.2647549183061
0.622874291430477 1.24574858286095 2.26275425141714
0.623207735911971 1.24641547182394 2.26075358452818
0.623541180393465 1.24708236078693 2.25875291763921
0.623874624874958 1.24774924974992 2.25675225075025
0.624208069356452 1.2484161387129 2.25475158386129
0.624541513837946 1.24908302767589 2.25275091697232
0.62487495831944 1.24974991663888 2.25075025008336
0.625208402800934 1.25041680560187 2.2487495831944
0.625541847282427 1.25108369456485 2.24674891630544
0.625875291763921 1.25175058352784 2.24474824941647
0.626208736245415 1.25241747249083 2.24274758252751
0.626542180726909 1.25308436145382 2.24074691563855
0.626875625208403 1.25375125041681 2.23874624874958
0.627209069689897 1.25441813937979 2.23674558186062
0.627542514171391 1.25508502834278 2.23474491497166
0.627875958652884 1.25575191730577 2.23274424808269
0.628209403134378 1.25641880626876 2.23074358119373
0.628542847615872 1.25708569523174 2.22874291430477
0.628876292097366 1.25775258419473 2.2267422474158
0.62920973657886 1.25841947315772 2.22474158052684
0.629543181060353 1.25908636212071 2.22274091363788
0.629876625541847 1.25975325108369 2.22074024674892
0.630210070023341 1.26042014004668 2.21873957985995
0.630543514504835 1.26108702900967 2.21673891297099
0.630876958986329 1.26175391797266 2.21473824608203
0.631210403467823 1.26242080693565 2.21273757919306
0.631543847949316 1.26308769589863 2.2107369123041
0.63187729243081 1.26375458486162 2.20873624541514
0.632210736912304 1.26442147382461 2.20673557852618
0.632544181393798 1.2650883627876 2.20473491163721
0.632877625875292 1.26575525175058 2.20273424474825
0.633211070356786 1.26642214071357 2.20073357785929
0.633544514838279 1.26708902967656 2.19873291097032
0.633877959319773 1.26775591863955 2.19673224408136
0.634211403801267 1.26842280760253 2.1947315771924
0.634544848282761 1.26908969656552 2.19273091030343
0.634878292764255 1.26975658552851 2.19073024341447
0.635211737245749 1.2704234744915 2.18872957652551
0.635545181727242 1.27109036345448 2.18672890963655
0.635878626208736 1.27175725241747 2.18472824274758
0.63621207069023 1.27242414138046 2.18272757585862
0.636545515171724 1.27309103034345 2.18072690896966
0.636878959653218 1.27375791930644 2.17872624208069
0.637212404134712 1.27442480826942 2.17672557519173
0.637545848616205 1.27509169723241 2.17472490830277
0.637879293097699 1.2757585861954 2.17272424141381
0.638212737579193 1.27642547515839 2.17072357452484
0.638546182060687 1.27709236412137 2.16872290763588
0.638879626542181 1.27775925308436 2.16672224074692
0.639213071023675 1.27842614204735 2.16472157385795
0.639546515505168 1.27909303101034 2.16272090696899
0.639879959986662 1.27975991997332 2.16072024008003
0.640213404468156 1.28042680893631 2.15871957319106
0.64054684894965 1.2810936978993 2.1567189063021
0.640880293431144 1.28176058686229 2.15471823941314
0.641213737912638 1.28242747582528 2.15271757252417
0.641547182394131 1.28309436478826 2.15071690563521
0.641880626875625 1.28376125375125 2.14871623874625
0.642214071357119 1.28442814271424 2.14671557185729
0.642547515838613 1.28509503167723 2.14471490496832
0.642880960320107 1.28576192064021 2.14271423807936
0.643214404801601 1.2864288096032 2.1407135711904
0.643547849283094 1.28709569856619 2.13871290430143
0.643881293764588 1.28776258752918 2.13671223741247
0.644214738246082 1.28842947649216 2.13471157052351
0.644548182727576 1.28909636545515 2.13271090363454
0.64488162720907 1.28976325441814 2.13071023674558
0.645215071690563 1.29043014338113 2.12870956985662
0.645548516172057 1.29109703234411 2.12670890296766
0.645881960653551 1.2917639213071 2.12470823607869
0.646215405135045 1.29243081027009 2.12270756918973
0.646548849616539 1.29309769923308 2.12070690230077
0.646882294098033 1.29376458819607 2.1187062354118
0.647215738579527 1.29443147715905 2.11670556852284
0.64754918306102 1.29509836612204 2.11470490163388
0.647882627542514 1.29576525508503 2.11270423474491
0.648216072024008 1.29643214404802 2.11070356785595
0.648549516505502 1.297099033011 2.10870290096699
0.648882960986996 1.29776592197399 2.10670223407803
0.649216405468489 1.29843281093698 2.10470156718906
0.649549849949983 1.29909969989997 2.1027009003001
0.649883294431477 1.29976658886295 2.10070023341114
0.650216738912971 1.30043347782594 2.09869956652217
0.650550183394465 1.30110036678893 2.09669889963321
0.650883627875959 1.30176725575192 2.09469823274425
0.651217072357453 1.30243414471491 2.09269756585528
0.651550516838946 1.30310103367789 2.09069689896632
0.65188396132044 1.30376792264088 2.08869623207736
0.652217405801934 1.30443481160387 2.0866955651884
0.652550850283428 1.30510170056686 2.08469489829943
0.652884294764922 1.30576858952984 2.08269423141047
0.653217739246415 1.30643547849283 2.08069356452151
0.653551183727909 1.30710236745582 2.07869289763254
0.653884628209403 1.30776925641881 2.07669223074358
0.654218072690897 1.30843614538179 2.07469156385462
0.654551517172391 1.30910303434478 2.07269089696566
0.654884961653885 1.30976992330777 2.07069023007669
0.655218406135378 1.31043681227076 2.06868956318773
0.655551850616872 1.31110370123374 2.06668889629877
0.655885295098366 1.31177059019673 2.0646882294098
0.65621873957986 1.31243747915972 2.06268756252084
0.656552184061354 1.31310436812271 2.06068689563188
0.656885628542848 1.3137712570857 2.05868622874291
0.657219073024341 1.31443814604868 2.05668556185395
0.657552517505835 1.31510503501167 2.05468489496499
0.657885961987329 1.31577192397466 2.05268422807603
0.658219406468823 1.31643881293765 2.05068356118706
0.658552850950317 1.31710570190063 2.0486828942981
0.658886295431811 1.31777259086362 2.04668222740914
0.659219739913304 1.31843947982661 2.04468156052017
0.659553184394798 1.3191063687896 2.04268089363121
0.659886628876292 1.31977325775258 2.04068022674225
0.660220073357786 1.32044014671557 2.03867955985328
0.66055351783928 1.32110703567856 2.03667889296432
0.660886962320774 1.32177392464155 2.03467822607536
0.661220406802267 1.32244081360453 2.0326775591864
0.661553851283761 1.32310770256752 2.03067689229743
0.661887295765255 1.32377459153051 2.02867622540847
0.662220740246749 1.3244414804935 2.02667555851951
0.662554184728243 1.32510836945649 2.02467489163054
0.662887629209737 1.32577525841947 2.02267422474158
0.66322107369123 1.32644214738246 2.02067355785262
0.663554518172724 1.32710903634545 2.01867289096365
0.663887962654218 1.32777592530844 2.01667222407469
0.664221407135712 1.32844281427142 2.01467155718573
0.664554851617206 1.32910970323441 2.01267089029677
0.6648882960987 1.3297765921974 2.0106702234078
0.665221740580193 1.33044348116039 2.00866955651884
0.665555185061687 1.33111037012337 2.00666888962988
0.665888629543181 1.33177725908636 2.00466822274091
0.666222074024675 1.33244414804935 2.00266755585195
0.666555518506169 1.33311103701234 2.00066688896299
0.666888962987663 1.33377792597533 1.99866622207402
0.667222407469156 1.33444481493831 1.99666555518506
0.66755585195065 1.3351117039013 1.9946648882961
0.667889296432144 1.33577859286429 1.99266422140714
0.668222740913638 1.33644548182728 1.99066355451817
0.668556185395132 1.33711237079026 1.98866288762921
0.668889629876626 1.33777925975325 1.98666222074025
0.669223074358119 1.33844614871624 1.98466155385128
0.669556518839613 1.33911303767923 1.98266088696232
0.669889963321107 1.33977992664221 1.98066022007336
0.670223407802601 1.3404468156052 1.9786595531844
0.670556852284095 1.34111370456819 1.97665888629543
0.670890296765589 1.34178059353118 1.97465821940647
0.671223741247082 1.34244748249416 1.97265755251751
0.671557185728576 1.34311437145715 1.97065688562854
0.67189063021007 1.34378126042014 1.96865621873958
0.672224074691564 1.34444814938313 1.96665555185062
0.672557519173058 1.34511503834612 1.96465488496165
0.672890963654551 1.3457819273091 1.96265421807269
0.673224408136045 1.34644881627209 1.96065355118373
0.673557852617539 1.34711570523508 1.95865288429476
0.673891297099033 1.34778259419807 1.9566522174058
0.674224741580527 1.34844948316105 1.95465155051684
0.674558186062021 1.34911637212404 1.95265088362788
0.674891630543515 1.34978326108703 1.95065021673891
0.675225075025008 1.35045015005002 1.94864954984995
0.675558519506502 1.351117039013 1.94664888296099
0.675891963987996 1.35178392797599 1.94464821607202
0.67622540846949 1.35245081693898 1.94264754918306
0.676558852950984 1.35311770590197 1.9406468822941
0.676892297432477 1.35378459486495 1.93864621540514
0.677225741913971 1.35445148382794 1.93664554851617
0.677559186395465 1.35511837279093 1.93464488162721
0.677892630876959 1.35578526175392 1.93264421473825
0.678226075358453 1.35645215071691 1.93064354784928
0.678559519839947 1.35711903967989 1.92864288096032
0.678892964321441 1.35778592864288 1.92664221407136
0.679226408802934 1.35845281760587 1.92464154718239
0.679559853284428 1.35911970656886 1.92264088029343
0.679893297765922 1.35978659553184 1.92064021340447
0.680226742247416 1.36045348449483 1.91863954651551
0.68056018672891 1.36112037345782 1.91663887962654
0.680893631210403 1.36178726242081 1.91463821273758
0.681227075691897 1.36245415138379 1.91263754584862
0.681560520173391 1.36312104034678 1.91063687895965
0.681893964654885 1.36378792930977 1.90863621207069
0.682227409136379 1.36445481827276 1.90663554518173
0.682560853617873 1.36512170723575 1.90463487829276
0.682894298099366 1.36578859619873 1.9026342114038
0.68322774258086 1.36645548516172 1.90063354451484
0.683561187062354 1.36712237412471 1.89863287762588
0.683894631543848 1.3677892630877 1.89663221073691
0.684228076025342 1.36845615205068 1.89463154384795
0.684561520506836 1.36912304101367 1.89263087695899
0.684894964988329 1.36978992997666 1.89063021007002
0.685228409469823 1.37045681893965 1.88862954318106
0.685561853951317 1.37112370790263 1.8866288762921
0.685895298432811 1.37179059686562 1.88462820940313
0.686228742914305 1.37245748582861 1.88262754251417
0.686562187395799 1.3731243747916 1.88062687562521
0.686895631877292 1.37379126375458 1.87862620873625
0.687229076358786 1.37445815271757 1.87662554184728
0.68756252084028 1.37512504168056 1.87462487495832
0.687895965321774 1.37579193064355 1.87262420806936
0.688229409803268 1.37645881960654 1.87062354118039
0.688562854284762 1.37712570856952 1.86862287429143
0.688896298766255 1.37779259753251 1.86662220740247
0.689229743247749 1.3784594864955 1.8646215405135
0.689563187729243 1.37912637545849 1.86262087362454
0.689896632210737 1.37979326442147 1.86062020673558
0.690230076692231 1.38046015338446 1.85861953984662
0.690563521173725 1.38112704234745 1.85661887295765
0.690896965655218 1.38179393131044 1.85461820606869
0.691230410136712 1.38246082027342 1.85261753917973
0.691563854618206 1.38312770923641 1.85061687229076
0.6918972990997 1.3837945981994 1.8486162054018
0.692230743581194 1.38446148716239 1.84661553851284
0.692564188062688 1.38512837612538 1.84461487162387
0.692897632544181 1.38579526508836 1.84261420473491
0.693231077025675 1.38646215405135 1.84061353784595
0.693564521507169 1.38712904301434 1.83861287095699
0.693897965988663 1.38779593197733 1.83661220406802
0.694231410470157 1.38846282094031 1.83461153717906
0.694564854951651 1.3891297099033 1.8326108702901
0.694898299433144 1.38979659886629 1.83061020340113
0.695231743914638 1.39046348782928 1.82860953651217
0.695565188396132 1.39113037679226 1.82660886962321
0.695898632877626 1.39179726575525 1.82460820273424
0.69623207735912 1.39246415471824 1.82260753584528
0.696565521840613 1.39313104368123 1.82060686895632
0.696898966322107 1.39379793264421 1.81860620206736
0.697232410803601 1.3944648216072 1.81660553517839
0.697565855285095 1.39513171057019 1.81460486828943
0.697899299766589 1.39579859953318 1.81260420140047
0.698232744248083 1.39646548849617 1.8106035345115
0.698566188729577 1.39713237745915 1.80860286762254
0.69889963321107 1.39779926642214 1.80660220073358
0.699233077692564 1.39846615538513 1.80460153384462
0.699566522174058 1.39913304434812 1.80260086695565
0.699899966655552 1.3997999333111 1.80060020006669
0.700233411137046 1.40046682227409 1.79859953317773
0.700566855618539 1.40113371123708 1.79659886628876
0.700900300100033 1.40180060020007 1.7945981993998
0.701233744581527 1.40246748916305 1.79259753251084
0.701567189063021 1.40313437812604 1.79059686562187
0.701900633544515 1.40380126708903 1.78859619873291
0.702234078026009 1.40446815605202 1.78659553184395
0.702567522507503 1.40513504501501 1.78459486495498
0.702900966988996 1.40580193397799 1.78259419806602
0.70323441147049 1.40646882294098 1.78059353117706
0.703567855951984 1.40713571190397 1.7785928642881
0.703901300433478 1.40780260086696 1.77659219739913
0.704234744914972 1.40846948982994 1.77459153051017
0.704568189396465 1.40913637879293 1.77259086362121
0.704901633877959 1.40980326775592 1.77059019673224
0.705235078359453 1.41047015671891 1.76858952984328
0.705568522840947 1.41113704568189 1.76658886295432
0.705901967322441 1.41180393464488 1.76458819606536
0.706235411803935 1.41247082360787 1.76258752917639
0.706568856285428 1.41313771257086 1.76058686228743
0.706902300766922 1.41380460153384 1.75858619539847
0.707235745248416 1.41447149049683 1.7565855285095
0.70756918972991 1.41513837945982 1.75458486162054
0.707902634211404 1.41580526842281 1.75258419473158
0.708236078692898 1.4164721573858 1.75058352784261
0.708569523174391 1.41713904634878 1.74858286095365
0.708902967655885 1.41780593531177 1.74658219406469
0.709236412137379 1.41847282427476 1.74458152717573
0.709569856618873 1.41913971323775 1.74258086028676
0.709903301100367 1.41980660220073 1.7405801933978
0.710236745581861 1.42047349116372 1.73857952650884
0.710570190063354 1.42114038012671 1.73657885961987
0.710903634544848 1.4218072690897 1.73457819273091
0.711237079026342 1.42247415805268 1.73257752584195
0.711570523507836 1.42314104701567 1.73057685895298
0.71190396798933 1.42380793597866 1.72857619206402
0.712237412470824 1.42447482494165 1.72657552517506
0.712570856952317 1.42514171390463 1.7245748582861
0.712904301433811 1.42580860286762 1.72257419139713
0.713237745915305 1.42647549183061 1.72057352450817
0.713571190396799 1.4271423807936 1.71857285761921
0.713904634878293 1.42780926975659 1.71657219073024
0.714238079359787 1.42847615871957 1.71457152384128
0.71457152384128 1.42914304768256 1.71257085695232
0.714904968322774 1.42980993664555 1.71057019006335
0.715238412804268 1.43047682560854 1.70856952317439
0.715571857285762 1.43114371457152 1.70656885628543
0.715905301767256 1.43181060353451 1.70456818939647
0.71623874624875 1.4324774924975 1.7025675225075
0.716572190730243 1.43314438146049 1.70056685561854
0.716905635211737 1.43381127042347 1.69856618872958
0.717239079693231 1.43447815938646 1.69656552184061
0.717572524174725 1.43514504834945 1.69456485495165
0.717905968656219 1.43581193731244 1.69256418806269
0.718239413137713 1.43647882627543 1.69056352117372
0.718572857619206 1.43714571523841 1.68856285428476
0.7189063021007 1.4378126042014 1.6865621873958
0.719239746582194 1.43847949316439 1.68456152050684
0.719573191063688 1.43914638212738 1.68256085361787
0.719906635545182 1.43981327109036 1.68056018672891
0.720240080026676 1.44048016005335 1.67855951983995
0.720573524508169 1.44114704901634 1.67655885295098
0.720906968989663 1.44181393797933 1.67455818606202
0.721240413471157 1.44248082694231 1.67255751917306
0.721573857952651 1.4431477159053 1.6705568522841
0.721907302434145 1.44381460486829 1.66855618539513
0.722240746915639 1.44448149383128 1.66655551850617
0.722574191397132 1.44514838279426 1.66455485161721
0.722907635878626 1.44581527175725 1.66255418472824
0.72324108036012 1.44648216072024 1.66055351783928
0.723574524841614 1.44714904968323 1.65855285095032
0.723907969323108 1.44781593864622 1.65655218406135
0.724241413804601 1.4484828276092 1.65455151717239
0.724574858286095 1.44914971657219 1.65255085028343
0.724908302767589 1.44981660553518 1.65055018339446
0.725241747249083 1.45048349449817 1.6485495165055
0.725575191730577 1.45115038346115 1.64654884961654
0.725908636212071 1.45181727242414 1.64454818272758
0.726242080693565 1.45248416138713 1.64254751583861
0.726575525175058 1.45315105035012 1.64054684894965
0.726908969656552 1.4538179393131 1.63854618206069
0.727242414138046 1.45448482827609 1.63654551517172
0.72757585861954 1.45515171723908 1.63454484828276
0.727909303101034 1.45581860620207 1.6325441813938
0.728242747582527 1.45648549516505 1.63054351450484
0.728576192064021 1.45715238412804 1.62854284761587
0.728909636545515 1.45781927309103 1.62654218072691
0.729243081027009 1.45848616205402 1.62454151383795
0.729576525508503 1.45915305101701 1.62254084694898
0.729909969989997 1.45981993997999 1.62054018006002
0.730243414471491 1.46048682894298 1.61853951317106
0.730576858952984 1.46115371790597 1.61653884628209
0.730910303434478 1.46182060686896 1.61453817939313
0.731243747915972 1.46248749583194 1.61253751250417
0.731577192397466 1.46315438479493 1.61053684561521
0.73191063687896 1.46382127375792 1.60853617872624
0.732244081360453 1.46448816272091 1.60653551183728
0.732577525841947 1.46515505168389 1.60453484494832
0.732910970323441 1.46582194064688 1.60253417805935
0.733244414804935 1.46648882960987 1.60053351117039
0.733577859286429 1.46715571857286 1.59853284428143
0.733911303767923 1.46782260753585 1.59653217739246
0.734244748249416 1.46848949649883 1.5945315105035
0.73457819273091 1.46915638546182 1.59253084361454
0.734911637212404 1.46982327442481 1.59053017672558
0.735245081693898 1.4704901633878 1.58852950983661
0.735578526175392 1.47115705235078 1.58652884294765
0.735911970656886 1.47182394131377 1.58452817605869
0.736245415138379 1.47249083027676 1.58252750916972
0.736578859619873 1.47315771923975 1.58052684228076
0.736912304101367 1.47382460820273 1.5785261753918
0.737245748582861 1.47449149716572 1.57652550850283
0.737579193064355 1.47515838612871 1.57452484161387
0.737912637545849 1.4758252750917 1.57252417472491
0.738246082027342 1.47649216405468 1.57052350783595
0.738579526508836 1.47715905301767 1.56852284094698
0.73891297099033 1.47782594198066 1.56652217405802
0.739246415471824 1.47849283094365 1.56452150716906
0.739579859953318 1.47915971990664 1.56252084028009
0.739913304434812 1.47982660886962 1.56052017339113
0.740246748916305 1.48049349783261 1.55851950650217
0.740580193397799 1.4811603867956 1.5565188396132
0.740913637879293 1.48182727575859 1.55451817272424
0.741247082360787 1.48249416472157 1.55251750583528
0.741580526842281 1.48316105368456 1.55051683894632
0.741913971323775 1.48382794264755 1.54851617205735
0.742247415805268 1.48449483161054 1.54651550516839
0.742580860286762 1.48516172057352 1.54451483827943
0.742914304768256 1.48582860953651 1.54251417139046
0.74324774924975 1.4864954984995 1.5405135045015
0.743581193731244 1.48716238746249 1.53851283761254
0.743914638212738 1.48782927642548 1.53651217072357
0.744248082694231 1.48849616538846 1.53451150383461
0.744581527175725 1.48916305435145 1.53251083694565
0.744914971657219 1.48982994331444 1.53051017005669
0.745248416138713 1.49049683227743 1.52850950316772
0.745581860620207 1.49116372124041 1.52650883627876
0.745915305101701 1.4918306102034 1.5245081693898
0.746248749583194 1.49249749916639 1.52250750250083
0.746582194064688 1.49316438812938 1.52050683561187
0.746915638546182 1.49383127709236 1.51850616872291
0.747249083027676 1.49449816605535 1.51650550183394
0.74758252750917 1.49516505501834 1.51450483494498
0.747915971990664 1.49583194398133 1.51250416805602
0.748249416472157 1.49649883294431 1.51050350116706
0.748582860953651 1.4971657219073 1.50850283427809
0.748916305435145 1.49783261087029 1.50650216738913
0.749249749916639 1.49849949983328 1.50450150050017
0.749583194398133 1.49916638879627 1.5025008336112
0.749916638879627 1.49983327775925 1.50050016672224
0.75025008336112 1.50050016672224 1.49849949983328
0.750583527842614 1.50116705568523 1.49649883294431
0.750916972324108 1.50183394464822 1.49449816605535
0.751250416805602 1.5025008336112 1.49249749916639
0.751583861287096 1.50316772257419 1.49049683227743
0.75191730576859 1.50383461153718 1.48849616538846
0.752250750250083 1.50450150050017 1.4864954984995
0.752584194731577 1.50516838946315 1.48449483161054
0.752917639213071 1.50583527842614 1.48249416472157
0.753251083694565 1.50650216738913 1.48049349783261
0.753584528176059 1.50716905635212 1.47849283094365
0.753917972657553 1.50783594531511 1.47649216405468
0.754251417139046 1.50850283427809 1.47449149716572
0.75458486162054 1.50916972324108 1.47249083027676
0.754918306102034 1.50983661220407 1.4704901633878
0.755251750583528 1.51050350116706 1.46848949649883
0.755585195065022 1.51117039013004 1.46648882960987
0.755918639546516 1.51183727909303 1.46448816272091
0.756252084028009 1.51250416805602 1.46248749583194
0.756585528509503 1.51317105701901 1.46048682894298
0.756918972990997 1.51383794598199 1.45848616205402
0.757252417472491 1.51450483494498 1.45648549516505
0.757585861953985 1.51517172390797 1.45448482827609
0.757919306435478 1.51583861287096 1.45248416138713
0.758252750916972 1.51650550183394 1.45048349449817
0.758586195398466 1.51717239079693 1.4484828276092
0.75891963987996 1.51783927975992 1.44648216072024
0.759253084361454 1.51850616872291 1.44448149383128
0.759586528842948 1.5191730576859 1.44248082694231
0.759919973324442 1.51983994664888 1.44048016005335
0.760253417805935 1.52050683561187 1.43847949316439
0.760586862287429 1.52117372457486 1.43647882627543
0.760920306768923 1.52184061353785 1.43447815938646
0.761253751250417 1.52250750250083 1.4324774924975
0.761587195731911 1.52317439146382 1.43047682560854
0.761920640213404 1.52384128042681 1.42847615871957
0.762254084694898 1.5245081693898 1.42647549183061
0.762587529176392 1.52517505835278 1.42447482494165
0.762920973657886 1.52584194731577 1.42247415805268
0.76325441813938 1.52650883627876 1.42047349116372
0.763587862620874 1.52717572524175 1.41847282427476
0.763921307102367 1.52784261420473 1.4164721573858
0.764254751583861 1.52850950316772 1.41447149049683
0.764588196065355 1.52917639213071 1.41247082360787
0.764921640546849 1.5298432810937 1.41047015671891
0.765255085028343 1.53051017005669 1.40846948982994
0.765588529509837 1.53117705901967 1.40646882294098
0.76592197399133 1.53184394798266 1.40446815605202
0.766255418472824 1.53251083694565 1.40246748916305
0.766588862954318 1.53317772590864 1.40046682227409
0.766922307435812 1.53384461487162 1.39846615538513
0.767255751917306 1.53451150383461 1.39646548849617
0.7675891963988 1.5351783927976 1.3944648216072
0.767922640880293 1.53584528176059 1.39246415471824
0.768256085361787 1.53651217072357 1.39046348782928
0.768589529843281 1.53717905968656 1.38846282094031
0.768922974324775 1.53784594864955 1.38646215405135
0.769256418806269 1.53851283761254 1.38446148716239
0.769589863287763 1.53917972657553 1.38246082027342
0.769923307769256 1.53984661553851 1.38046015338446
0.77025675225075 1.5405135045015 1.3784594864955
0.770590196732244 1.54118039346449 1.37645881960654
0.770923641213738 1.54184728242748 1.37445815271757
0.771257085695232 1.54251417139046 1.37245748582861
0.771590530176726 1.54318106035345 1.37045681893965
0.771923974658219 1.54384794931644 1.36845615205068
0.772257419139713 1.54451483827943 1.36645548516172
0.772590863621207 1.54518172724241 1.36445481827276
0.772924308102701 1.5458486162054 1.36245415138379
0.773257752584195 1.54651550516839 1.36045348449483
0.773591197065689 1.54718239413138 1.35845281760587
0.773924641547182 1.54784928309436 1.35645215071691
0.774258086028676 1.54851617205735 1.35445148382794
0.77459153051017 1.54918306102034 1.35245081693898
0.774924974991664 1.54984994998333 1.35045015005002
0.775258419473158 1.55051683894632 1.34844948316105
0.775591863954652 1.5511837279093 1.34644881627209
0.775925308436145 1.55185061687229 1.34444814938313
0.776258752917639 1.55251750583528 1.34244748249416
0.776592197399133 1.55318439479827 1.3404468156052
0.776925641880627 1.55385128376125 1.33844614871624
0.777259086362121 1.55451817272424 1.33644548182728
0.777592530843615 1.55518506168723 1.33444481493831
0.777925975325108 1.55585195065022 1.33244414804935
0.778259419806602 1.5565188396132 1.33044348116039
0.778592864288096 1.55718572857619 1.32844281427142
0.77892630876959 1.55785261753918 1.32644214738246
0.779259753251084 1.55851950650217 1.3244414804935
0.779593197732578 1.55918639546516 1.32244081360453
0.779926642214071 1.55985328442814 1.32044014671557
0.780260086695565 1.56052017339113 1.31843947982661
0.780593531177059 1.56118706235412 1.31643881293765
0.780926975658553 1.56185395131711 1.31443814604868
0.781260420140047 1.56252084028009 1.31243747915972
0.781593864621541 1.56318772924308 1.31043681227076
0.781927309103034 1.56385461820607 1.30843614538179
0.782260753584528 1.56452150716906 1.30643547849283
0.782594198066022 1.56518839613204 1.30443481160387
0.782927642547516 1.56585528509503 1.30243414471491
0.78326108702901 1.56652217405802 1.30043347782594
0.783594531510504 1.56718906302101 1.29843281093698
0.783927975991997 1.56785595198399 1.29643214404802
0.784261420473491 1.56852284094698 1.29443147715905
0.784594864954985 1.56918972990997 1.29243081027009
0.784928309436479 1.56985661887296 1.29043014338113
0.785261753917973 1.57052350783595 1.28842947649216
0.785595198399466 1.57119039679893 1.2864288096032
0.78592864288096 1.57185728576192 1.28442814271424
0.786262087362454 1.57252417472491 1.28242747582527
0.786595531843948 1.5731910636879 1.28042680893631
0.786928976325442 1.57385795265088 1.27842614204735
0.787262420806936 1.57452484161387 1.27642547515839
0.78759586528843 1.57519173057686 1.27442480826942
0.787929309769923 1.57585861953985 1.27242414138046
0.788262754251417 1.57652550850283 1.2704234744915
0.788596198732911 1.57719239746582 1.26842280760253
0.788929643214405 1.57785928642881 1.26642214071357
0.789263087695899 1.5785261753918 1.26442147382461
0.789596532177392 1.57919306435478 1.26242080693565
0.789929976658886 1.57985995331777 1.26042014004668
0.79026342114038 1.58052684228076 1.25841947315772
0.790596865621874 1.58119373124375 1.25641880626876
0.790930310103368 1.58186062020674 1.25441813937979
0.791263754584862 1.58252750916972 1.25241747249083
0.791597199066356 1.58319439813271 1.25041680560187
0.791930643547849 1.5838612870957 1.2484161387129
0.792264088029343 1.58452817605869 1.24641547182394
0.792597532510837 1.58519506502167 1.24441480493498
0.792930976992331 1.58586195398466 1.24241413804602
0.793264421473825 1.58652884294765 1.24041347115705
0.793597865955318 1.58719573191064 1.23841280426809
0.793931310436812 1.58786262087362 1.23641213737913
0.794264754918306 1.58852950983661 1.23441147049016
0.7945981993998 1.5891963987996 1.2324108036012
0.794931643881294 1.58986328776259 1.23041013671224
0.795265088362788 1.59053017672558 1.22840946982327
0.795598532844281 1.59119706568856 1.22640880293431
0.795931977325775 1.59186395465155 1.22440813604535
0.796265421807269 1.59253084361454 1.22240746915639
0.796598866288763 1.59319773257753 1.22040680226742
0.796932310770257 1.59386462154051 1.21840613537846
0.797265755251751 1.5945315105035 1.2164054684895
0.797599199733244 1.59519839946649 1.21440480160053
0.797932644214738 1.59586528842948 1.21240413471157
0.798266088696232 1.59653217739246 1.21040346782261
0.798599533177726 1.59719906635545 1.20840280093364
0.79893297765922 1.59786595531844 1.20640213404468
0.799266422140714 1.59853284428143 1.20440146715572
0.799599866622207 1.59919973324441 1.20240080026676
0.799933311103701 1.5998666222074 1.20040013337779
0.800266755585195 1.60053351117039 1.19839946648883
0.800600200066689 1.60120040013338 1.19639879959987
0.800933644548183 1.60186728909637 1.1943981327109
0.801267089029677 1.60253417805935 1.19239746582194
0.80160053351117 1.60320106702234 1.19039679893298
0.801933977992664 1.60386795598533 1.18839613204401
0.802267422474158 1.60453484494832 1.18639546515505
0.802600866955652 1.6052017339113 1.18439479826609
0.802934311437146 1.60586862287429 1.18239413137713
0.80326775591864 1.60653551183728 1.18039346448816
0.803601200400133 1.60720240080027 1.1783927975992
0.803934644881627 1.60786928976325 1.17639213071024
0.804268089363121 1.60853617872624 1.17439146382127
0.804601533844615 1.60920306768923 1.17239079693231
0.804934978326109 1.60986995665222 1.17039013004335
0.805268422807603 1.61053684561521 1.16838946315438
0.805601867289096 1.61120373457819 1.16638879626542
0.80593531177059 1.61187062354118 1.16438812937646
0.806268756252084 1.61253751250417 1.1623874624875
0.806602200733578 1.61320440146716 1.16038679559853
0.806935645215072 1.61387129043014 1.15838612870957
0.807269089696566 1.61453817939313 1.15638546182061
0.807602534178059 1.61520506835612 1.15438479493164
0.807935978659553 1.61587195731911 1.15238412804268
0.808269423141047 1.61653884628209 1.15038346115372
0.808602867622541 1.61720573524508 1.14838279426475
0.808936312104035 1.61787262420807 1.14638212737579
0.809269756585528 1.61853951317106 1.14438146048683
0.809603201067022 1.61920640213404 1.14238079359787
0.809936645548516 1.61987329109703 1.1403801267089
0.81027009003001 1.62054018006002 1.13837945981994
0.810603534511504 1.62120706902301 1.13637879293098
0.810936978992998 1.621873957986 1.13437812604201
0.811270423474492 1.62254084694898 1.13237745915305
0.811603867955985 1.62320773591197 1.13037679226409
0.811937312437479 1.62387462487496 1.12837612537513
0.812270756918973 1.62454151383795 1.12637545848616
0.812604201400467 1.62520840280093 1.1243747915972
0.812937645881961 1.62587529176392 1.12237412470824
0.813271090363454 1.62654218072691 1.12037345781927
0.813604534844948 1.6272090696899 1.11837279093031
0.813937979326442 1.62787595865288 1.11637212404135
0.814271423807936 1.62854284761587 1.11437145715238
0.81460486828943 1.62920973657886 1.11237079026342
0.814938312770924 1.62987662554185 1.11037012337446
0.815271757252418 1.63054351450484 1.10836945648549
0.815605201733911 1.63121040346782 1.10636878959653
0.815938646215405 1.63187729243081 1.10436812270757
0.816272090696899 1.6325441813938 1.10236745581861
0.816605535178393 1.63321107035679 1.10036678892964
0.816938979659887 1.63387795931977 1.09836612204068
0.81727242414138 1.63454484828276 1.09636545515172
0.817605868622874 1.63521173724575 1.09436478826275
0.817939313104368 1.63587862620874 1.09236412137379
0.818272757585862 1.63654551517172 1.09036345448483
0.818606202067356 1.63721240413471 1.08836278759587
0.81893964654885 1.6378792930977 1.0863621207069
0.819273091030343 1.63854618206069 1.08436145381794
0.819606535511837 1.63921307102367 1.08236078692898
0.819939979993331 1.63987995998666 1.08036012004001
0.820273424474825 1.64054684894965 1.07835945315105
0.820606868956319 1.64121373791264 1.07635878626209
0.820940313437813 1.64188062687563 1.07435811937312
0.821273757919306 1.64254751583861 1.07235745248416
0.8216072024008 1.6432144048016 1.0703567855952
0.821940646882294 1.64388129376459 1.06835611870624
0.822274091363788 1.64454818272758 1.06635545181727
0.822607535845282 1.64521507169056 1.06435478492831
0.822940980326776 1.64588196065355 1.06235411803935
0.823274424808269 1.64654884961654 1.06035345115038
0.823607869289763 1.64721573857953 1.05835278426142
0.823941313771257 1.64788262754251 1.05635211737246
0.824274758252751 1.6485495165055 1.05435145048349
0.824608202734245 1.64921640546849 1.05235078359453
0.824941647215739 1.64988329443148 1.05035011670557
0.825275091697232 1.65055018339446 1.04834944981661
0.825608536178726 1.65121707235745 1.04634878292764
0.82594198066022 1.65188396132044 1.04434811603868
0.826275425141714 1.65255085028343 1.04234744914972
0.826608869623208 1.65321773924642 1.04034678226075
0.826942314104702 1.6538846282094 1.03834611537179
0.827275758586195 1.65455151717239 1.03634544848283
0.827609203067689 1.65521840613538 1.03434478159386
0.827942647549183 1.65588529509837 1.0323441147049
0.828276092030677 1.65655218406135 1.03034344781594
0.828609536512171 1.65721907302434 1.02834278092698
0.828942980993665 1.65788596198733 1.02634211403801
0.829276425475158 1.65855285095032 1.02434144714905
0.829609869956652 1.6592197399133 1.02234078026009
0.829943314438146 1.65988662887629 1.02034011337112
0.83027675891964 1.66055351783928 1.01833944648216
0.830610203401134 1.66122040680227 1.0163387795932
0.830943647882628 1.66188729576526 1.01433811270423
0.831277092364121 1.66255418472824 1.01233744581527
0.831610536845615 1.66322107369123 1.01033677892631
0.831943981327109 1.66388796265422 1.00833611203735
0.832277425808603 1.66455485161721 1.00633544514838
0.832610870290097 1.66522174058019 1.00433477825942
0.83294431477159 1.66588862954318 1.00233411137046
0.833277759253084 1.66655551850617 1.00033344448149
0.833611203734578 1.66722240746916 0.998332777592531
0.833944648216072 1.66788929643214 0.996332110703568
0.834278092697566 1.66855618539513 0.994331443814605
0.83461153717906 1.66922307435812 0.992330776925642
0.834944981660554 1.66988996332111 0.990330110036679
0.835278426142047 1.67055685228409 0.988329443147716
0.835611870623541 1.67122374124708 0.986328776258753
0.835945315105035 1.67189063021007 0.98432810936979
0.836278759586529 1.67255751917306 0.982327442480827
0.836612204068023 1.67322440813605 0.980326775591864
0.836945648549516 1.67389129709903 0.978326108702901
0.83727909303101 1.67455818606202 0.976325441813938
0.837612537512504 1.67522507502501 0.974324774924975
0.837945981993998 1.675891963988 0.972324108036012
0.838279426475492 1.67655885295098 0.970323441147049
0.838612870956986 1.67722574191397 0.968322774258086
0.83894631543848 1.67789263087696 0.966322107369123
0.839279759919973 1.67855951983995 0.96432144048016
0.839613204401467 1.67922640880293 0.962320773591197
0.839946648882961 1.67989329776592 0.960320106702234
0.840280093364455 1.68056018672891 0.958319439813271
0.840613537845949 1.6812270756919 0.956318772924308
0.840946982327442 1.68189396465488 0.954318106035345
0.841280426808936 1.68256085361787 0.952317439146382
0.84161387129043 1.68322774258086 0.950316772257419
0.841947315771924 1.68389463154385 0.948316105368456
0.842280760253418 1.68456152050684 0.946315438479493
0.842614204734912 1.68522840946982 0.94431477159053
0.842947649216405 1.68589529843281 0.942314104701568
0.843281093697899 1.6865621873958 0.940313437812604
0.843614538179393 1.68722907635879 0.938312770923641
0.843947982660887 1.68789596532177 0.936312104034678
0.844281427142381 1.68856285428476 0.934311437145716
0.844614871623875 1.68922974324775 0.932310770256752
0.844948316105368 1.68989663221074 0.930310103367789
0.845281760586862 1.69056352117372 0.928309436478826
0.845615205068356 1.69123041013671 0.926308769589864
0.84594864954985 1.6918972990997 0.9243081027009
0.846282094031344 1.69256418806269 0.922307435811937
0.846615538512838 1.69323107702568 0.920306768922974
0.846948982994331 1.69389796598866 0.918306102034012
0.847282427475825 1.69456485495165 0.916305435145048
0.847615871957319 1.69523174391464 0.914304768256085
0.847949316438813 1.69589863287763 0.912304101367123
0.848282760920307 1.69656552184061 0.91030343447816
0.848616205401801 1.6972324108036 0.908302767589196
0.848949649883294 1.69789929976659 0.906302100700233
0.849283094364788 1.69856618872958 0.904301433811271
0.849616538846282 1.69923307769256 0.902300766922308
0.849949983327776 1.69989996665555 0.900300100033344
0.85028342780927 1.70056685561854 0.898299433144381
0.850616872290764 1.70123374458153 0.896298766255419
0.850950316772257 1.70190063354451 0.894298099366456
0.851283761253751 1.7025675225075 0.892297432477492
0.851617205735245 1.70323441147049 0.890296765588529
0.851950650216739 1.70390130043348 0.888296098699567
0.852284094698233 1.70456818939647 0.886295431810604
0.852617539179727 1.70523507835945 0.88429476492164
0.85295098366122 1.70590196732244 0.882294098032678
0.853284428142714 1.70656885628543 0.880293431143715
0.853617872624208 1.70723574524842 0.878292764254752
0.853951317105702 1.7079026342114 0.876292097365788
0.854284761587196 1.70856952317439 0.874291430476826
0.85461820606869 1.70923641213738 0.872290763587863
0.854951650550183 1.70990330110037 0.8702900966989
0.855285095031677 1.71057019006335 0.868289429809936
0.855618539513171 1.71123707902634 0.866288762920974
0.855951983994665 1.71190396798933 0.864288096032011
0.856285428476159 1.71257085695232 0.862287429143048
0.856618872957653 1.71323774591531 0.860286762254084
0.856952317439146 1.71390463487829 0.858286095365122
0.85728576192064 1.71457152384128 0.856285428476159
0.857619206402134 1.71523841280427 0.854284761587196
0.857952650883628 1.71590530176726 0.852284094698233
0.858286095365122 1.71657219073024 0.85028342780927
0.858619539846616 1.71723907969323 0.848282760920307
0.858952984328109 1.71790596865622 0.846282094031344
0.859286428809603 1.71857285761921 0.844281427142381
0.859619873291097 1.71923974658219 0.842280760253418
0.859953317772591 1.71990663554518 0.840280093364455
0.860286762254085 1.72057352450817 0.838279426475492
0.860620206735578 1.72124041347116 0.836278759586529
0.860953651217072 1.72190730243414 0.834278092697566
0.861287095698566 1.72257419139713 0.832277425808603
0.86162054018006 1.72324108036012 0.83027675891964
0.861953984661554 1.72390796932311 0.828276092030677
0.862287429143048 1.7245748582861 0.826275425141714
0.862620873624542 1.72524174724908 0.824274758252751
0.862954318106035 1.72590863621207 0.822274091363788
0.863287762587529 1.72657552517506 0.820273424474825
0.863621207069023 1.72724241413805 0.818272757585862
0.863954651550517 1.72790930310103 0.816272090696899
0.864288096032011 1.72857619206402 0.814271423807936
0.864621540513504 1.72924308102701 0.812270756918973
0.864954984994998 1.72990996999 0.81027009003001
0.865288429476492 1.73057685895298 0.808269423141047
0.865621873957986 1.73124374791597 0.806268756252084
0.86595531843948 1.73191063687896 0.804268089363121
0.866288762920974 1.73257752584195 0.802267422474158
0.866622207402468 1.73324441480494 0.800266755585195
0.866955651883961 1.73391130376792 0.798266088696232
0.867289096365455 1.73457819273091 0.796265421807269
0.867622540846949 1.7352450816939 0.794264754918306
0.867955985328443 1.73591197065689 0.792264088029343
0.868289429809937 1.73657885961987 0.79026342114038
0.86862287429143 1.73724574858286 0.788262754251417
0.868956318772924 1.73791263754585 0.786262087362454
0.869289763254418 1.73857952650884 0.784261420473491
0.869623207735912 1.73924641547182 0.782260753584528
0.869956652217406 1.73991330443481 0.780260086695565
0.8702900966989 1.7405801933978 0.778259419806602
0.870623541180393 1.74124708236079 0.776258752917639
0.870956985661887 1.74191397132377 0.774258086028676
0.871290430143381 1.74258086028676 0.772257419139713
0.871623874624875 1.74324774924975 0.77025675225075
0.871957319106369 1.74391463821274 0.768256085361787
0.872290763587863 1.74458152717573 0.766255418472824
0.872624208069356 1.74524841613871 0.764254751583861
0.87295765255085 1.7459153051017 0.762254084694898
0.873291097032344 1.74658219406469 0.760253417805935
0.873624541513838 1.74724908302768 0.758252750916972
0.873957985995332 1.74791597199066 0.756252084028009
0.874291430476826 1.74858286095365 0.754251417139047
0.874624874958319 1.74924974991664 0.752250750250083
0.874958319439813 1.74991663887963 0.75025008336112
0.875291763921307 1.75058352784261 0.748249416472157
0.875625208402801 1.7512504168056 0.746248749583195
0.875958652884295 1.75191730576859 0.744248082694231
0.876292097365789 1.75258419473158 0.742247415805268
0.876625541847282 1.75325108369456 0.740246748916305
0.876958986328776 1.75391797265755 0.738246082027343
0.87729243081027 1.75458486162054 0.736245415138379
0.877625875291764 1.75525175058353 0.734244748249416
0.877959319773258 1.75591863954652 0.732244081360453
0.878292764254752 1.7565855285095 0.730243414471491
0.878626208736245 1.75725241747249 0.728242747582527
0.878959653217739 1.75791930643548 0.726242080693564
0.879293097699233 1.75858619539847 0.724241413804602
0.879626542180727 1.75925308436145 0.722240746915639
0.879959986662221 1.75991997332444 0.720240080026675
0.880293431143715 1.76058686228743 0.718239413137712
0.880626875625208 1.76125375125042 0.71623874624875
0.880960320106702 1.7619206402134 0.714238079359787
0.881293764588196 1.76258752917639 0.712237412470824
0.88162720906969 1.76325441813938 0.71023674558186
0.881960653551184 1.76392130710237 0.708236078692898
0.882294098032678 1.76458819606536 0.706235411803935
0.882627542514171 1.76525508502834 0.704234744914972
0.882960986995665 1.76592197399133 0.702234078026008
0.883294431477159 1.76658886295432 0.700233411137046
0.883627875958653 1.76725575191731 0.698232744248083
0.883961320440147 1.76792264088029 0.69623207735912
0.88429476492164 1.76858952984328 0.694231410470157
0.884628209403134 1.76925641880627 0.692230743581194
0.884961653884628 1.76992330776926 0.690230076692231
0.885295098366122 1.77059019673224 0.688229409803268
0.885628542847616 1.77125708569523 0.686228742914305
0.88596198732911 1.77192397465822 0.684228076025342
0.886295431810604 1.77259086362121 0.682227409136379
0.886628876292097 1.77325775258419 0.680226742247416
0.886962320773591 1.77392464154718 0.678226075358453
0.887295765255085 1.77459153051017 0.67622540846949
0.887629209736579 1.77525841947316 0.674224741580527
0.887962654218073 1.77592530843615 0.672224074691564
0.888296098699566 1.77659219739913 0.670223407802601
0.88862954318106 1.77725908636212 0.668222740913638
0.888962987662554 1.77792597532511 0.666222074024675
0.889296432144048 1.7785928642881 0.664221407135712
0.889629876625542 1.77925975325108 0.662220740246749
0.889963321107036 1.77992664221407 0.660220073357786
0.89029676558853 1.78059353117706 0.658219406468823
0.890630210070023 1.78126042014005 0.65621873957986
0.890963654551517 1.78192730910303 0.654218072690897
0.891297099033011 1.78259419806602 0.652217405801934
0.891630543514505 1.78326108702901 0.650216738912971
0.891963987995999 1.783927975992 0.648216072024008
0.892297432477492 1.78459486495498 0.646215405135045
0.892630876958986 1.78526175391797 0.644214738246082
0.89296432144048 1.78592864288096 0.642214071357119
0.893297765921974 1.78659553184395 0.640213404468156
0.893631210403468 1.78726242080694 0.638212737579193
0.893964654884962 1.78792930976992 0.63621207069023
0.894298099366455 1.78859619873291 0.634211403801267
0.894631543847949 1.7892630876959 0.632210736912304
0.894964988329443 1.78992997665889 0.630210070023341
0.895298432810937 1.79059686562187 0.628209403134378
0.895631877292431 1.79126375458486 0.626208736245415
0.895965321773925 1.79193064354785 0.624208069356452
0.896298766255418 1.79259753251084 0.622207402467489
0.896632210736912 1.79326442147382 0.620206735578526
0.896965655218406 1.79393131043681 0.618206068689563
0.8972990996999 1.7945981993998 0.6162054018006
0.897632544181394 1.79526508836279 0.614204734911637
0.897965988662888 1.79593197732578 0.612204068022674
0.898299433144381 1.79659886628876 0.610203401133711
0.898632877625875 1.79726575525175 0.608202734244748
0.898966322107369 1.79793264421474 0.606202067355785
0.899299766588863 1.79859953317773 0.604201400466823
0.899633211070357 1.79926642214071 0.602200733577859
0.899966655551851 1.7999333111037 0.600200066688896
0.900300100033344 1.80060020006669 0.598199399799933
0.900633544514838 1.80126708902968 0.596198732910971
0.900966988996332 1.80193397799266 0.594198066022007
0.901300433477826 1.80260086695565 0.592197399133044
0.90163387795932 1.80326775591864 0.590196732244081
0.901967322440814 1.80393464488163 0.588196065355119
0.902300766922307 1.80460153384461 0.586195398466155
0.902634211403801 1.8052684228076 0.584194731577192
0.902967655885295 1.80593531177059 0.582194064688229
0.903301100366789 1.80660220073358 0.580193397799267
0.903634544848283 1.80726908969657 0.578192730910303
0.903967989329777 1.80793597865955 0.57619206402134
0.90430143381127 1.80860286762254 0.574191397132378
0.904634878292764 1.80926975658553 0.572190730243415
0.904968322774258 1.80993664554852 0.570190063354451
0.905301767255752 1.8106035345115 0.568189396465488
0.905635211737246 1.81127042347449 0.566188729576526
0.90596865621874 1.81193731243748 0.564188062687563
0.906302100700233 1.81260420140047 0.562187395798599
0.906635545181727 1.81327109036345 0.560186728909636
0.906968989663221 1.81393797932644 0.558186062020674
0.907302434144715 1.81460486828943 0.556185395131711
0.907635878626209 1.81527175725242 0.554184728242747
0.907969323107703 1.81593864621541 0.552184061353784
0.908302767589196 1.81660553517839 0.550183394464822
0.90863621207069 1.81727242414138 0.548182727575859
0.908969656552184 1.81793931310437 0.546182060686895
0.909303101033678 1.81860620206736 0.544181393797933
0.909636545515172 1.81927309103034 0.54218072690897
0.909969989996666 1.81993997999333 0.540180060020007
0.910303434478159 1.82060686895632 0.538179393131043
0.910636878959653 1.82127375791931 0.536178726242081
0.910970323441147 1.82194064688229 0.534178059353118
0.911303767922641 1.82260753584528 0.532177392464155
0.911637212404135 1.82327442480827 0.530176725575191
0.911970656885629 1.82394131377126 0.528176058686229
0.912304101367122 1.82460820273424 0.526175391797266
0.912637545848616 1.82527509169723 0.524174724908303
0.91297099033011 1.82594198066022 0.522174058019339
0.913304434811604 1.82660886962321 0.520173391130377
0.913637879293098 1.8272757585862 0.518172724241414
0.913971323774592 1.82794264754918 0.516172057352451
0.914304768256085 1.82860953651217 0.514171390463488
0.914638212737579 1.82927642547516 0.512170723574525
0.914971657219073 1.82994331443815 0.510170056685562
0.915305101700567 1.83061020340113 0.508169389796599
0.915638546182061 1.83127709236412 0.506168722907636
0.915971990663555 1.83194398132711 0.504168056018673
0.916305435145048 1.8326108702901 0.50216738912971
0.916638879626542 1.83327775925308 0.500166722240747
0.916972324108036 1.83394464821607 0.498166055351784
0.91730576858953 1.83461153717906 0.496165388462821
0.917639213071024 1.83527842614205 0.494164721573858
0.917972657552518 1.83594531510504 0.492164054684895
0.918306102034011 1.83661220406802 0.490163387795932
0.918639546515505 1.83727909303101 0.488162720906969
0.918972990996999 1.837945981994 0.486162054018006
0.919306435478493 1.83861287095699 0.484161387129043
0.919639879959987 1.83927975991997 0.48216072024008
0.919973324441481 1.83994664888296 0.480160053351117
0.920306768922974 1.84061353784595 0.478159386462154
0.920640213404468 1.84128042680894 0.476158719573191
0.920973657885962 1.84194731577192 0.474158052684228
0.921307102367456 1.84261420473491 0.472157385795265
0.92164054684895 1.8432810936979 0.470156718906302
0.921973991330443 1.84394798266089 0.468156052017339
0.922307435811937 1.84461487162387 0.466155385128376
0.922640880293431 1.84528176058686 0.464154718239413
0.922974324774925 1.84594864954985 0.46215405135045
0.923307769256419 1.84661553851284 0.460153384461487
0.923641213737913 1.84728242747583 0.458152717572524
0.923974658219406 1.84794931643881 0.456152050683561
0.9243081027009 1.8486162054018 0.454151383794599
0.924641547182394 1.84928309436479 0.452150716905635
0.924974991663888 1.84994998332778 0.450150050016672
0.925308436145382 1.85061687229076 0.448149383127709
0.925641880626876 1.85128376125375 0.446148716238747
0.925975325108369 1.85195065021674 0.444148049349783
0.926308769589863 1.85261753917973 0.44214738246082
0.926642214071357 1.85328442814271 0.440146715571857
0.926975658552851 1.8539513171057 0.438146048682895
0.927309103034345 1.85461820606869 0.436145381793931
0.927642547515839 1.85528509503168 0.434144714904968
0.927975991997332 1.85595198399466 0.432144048016005
0.928309436478826 1.85661887295765 0.430143381127043
0.92864288096032 1.85728576192064 0.428142714238079
0.928976325441814 1.85795265088363 0.426142047349116
0.929309769923308 1.85861953984662 0.424141380460154
0.929643214404802 1.8592864288096 0.422140713571191
0.929976658886295 1.85995331777259 0.420140046682227
0.930310103367789 1.86062020673558 0.418139379793264
0.930643547849283 1.86128709569857 0.416138712904302
0.930976992330777 1.86195398466155 0.414138046015339
0.931310436812271 1.86262087362454 0.412137379126375
0.931643881293765 1.86328776258753 0.410136712237412
0.931977325775258 1.86395465155052 0.40813604534845
0.932310770256752 1.8646215405135 0.406135378459487
0.932644214738246 1.86528842947649 0.404134711570523
0.93297765921974 1.86595531843948 0.40213404468156
0.933311103701234 1.86662220740247 0.400133377792598
0.933644548182728 1.86728909636546 0.398132710903635
0.933977992664221 1.86795598532844 0.396132044014671
0.934311437145715 1.86862287429143 0.394131377125709
0.934644881627209 1.86928976325442 0.392130710236746
0.934978326108703 1.86995665221741 0.390130043347783
0.935311770590197 1.87062354118039 0.388129376458819
0.935645215071691 1.87129043014338 0.386128709569857
0.935978659553184 1.87195731910637 0.384128042680894
0.936312104034678 1.87262420806936 0.382127375791931
0.936645548516172 1.87329109703234 0.380126708902967
0.936978992997666 1.87395798599533 0.378126042014005
0.93731243747916 1.87462487495832 0.376125375125042
0.937645881960654 1.87529176392131 0.374124708236079
0.937979326442147 1.87595865288429 0.372124041347115
0.938312770923641 1.87662554184728 0.370123374458153
0.938646215405135 1.87729243081027 0.36812270756919
0.938979659886629 1.87795931977326 0.366122040680227
0.939313104368123 1.87862620873625 0.364121373791264
0.939646548849617 1.87929309769923 0.362120706902301
0.93997999333111 1.87995998666222 0.360120040013338
0.940313437812604 1.88062687562521 0.358119373124375
0.940646882294098 1.8812937645882 0.356118706235412
0.940980326775592 1.88196065355118 0.354118039346449
0.941313771257086 1.88262754251417 0.352117372457486
0.94164721573858 1.88329443147716 0.350116705568523
0.941980660220073 1.88396132044015 0.34811603867956
0.942314104701567 1.88462820940313 0.346115371790597
0.942647549183061 1.88529509836612 0.344114704901634
0.942980993664555 1.88596198732911 0.342114038012671
0.943314438146049 1.8866288762921 0.340113371123708
0.943647882627543 1.88729576525509 0.338112704234745
0.943981327109036 1.88796265421807 0.336112037345782
0.94431477159053 1.88862954318106 0.334111370456819
0.944648216072024 1.88929643214405 0.332110703567856
0.944981660553518 1.88996332110704 0.330110036678893
0.945315105035012 1.89063021007002 0.32810936978993
0.945648549516505 1.89129709903301 0.326108702900967
0.945981993997999 1.891963987996 0.324108036012004
0.946315438479493 1.89263087695899 0.322107369123041
0.946648882960987 1.89329776592197 0.320106702234078
0.946982327442481 1.89396465488496 0.318106035345115
0.947315771923975 1.89463154384795 0.316105368456152
0.947649216405469 1.89529843281094 0.314104701567189
0.947982660886962 1.89596532177392 0.312104034678226
0.948316105368456 1.89663221073691 0.310103367789263
0.94864954984995 1.8972990996999 0.3081027009003
0.948982994331444 1.89796598866289 0.306102034011337
0.949316438812938 1.89863287762588 0.304101367122374
0.949649883294431 1.89929976658886 0.302100700233411
0.949983327775925 1.89996665555185 0.300100033344448
0.950316772257419 1.90063354451484 0.298099366455485
0.950650216738913 1.90130043347783 0.296098699566522
0.950983661220407 1.90196732244081 0.294098032677559
0.951317105701901 1.9026342114038 0.292097365788596
0.951650550183395 1.90330110036679 0.290096698899633
0.951983994664888 1.90396798932978 0.28809603201067
0.952317439146382 1.90463487829276 0.286095365121707
0.952650883627876 1.90530176725575 0.284094698232744
0.95298432810937 1.90596865621874 0.282094031343781
0.953317772590864 1.90663554518173 0.280093364454818
0.953651217072357 1.90730243414471 0.278092697565855
0.953984661553851 1.9079693231077 0.276092030676892
0.954318106035345 1.90863621207069 0.27409136378793
0.954651550516839 1.90930310103368 0.272090696898966
0.954984994998333 1.90996998999667 0.270090030010003
0.955318439479827 1.91063687895965 0.26808936312104
0.95565188396132 1.91130376792264 0.266088696232078
0.955985328442814 1.91197065688563 0.264088029343114
0.956318772924308 1.91263754584862 0.262087362454151
0.956652217405802 1.9133044348116 0.260086695565188
0.956985661887296 1.91397132377459 0.258086028676226
0.95731910636879 1.91463821273758 0.256085361787262
0.957652550850283 1.91530510170057 0.254084694898299
0.957985995331777 1.91597199066355 0.252084028009336
0.958319439813271 1.91663887962654 0.250083361120374
0.958652884294765 1.91730576858953 0.24808269423141
0.958986328776259 1.91797265755252 0.246082027342447
0.959319773257753 1.91863954651551 0.244081360453484
0.959653217739246 1.91930643547849 0.242080693564522
0.95998666222074 1.91997332444148 0.240080026675558
0.960320106702234 1.92064021340447 0.238079359786595
0.960653551183728 1.92130710236746 0.236078692897633
0.960986995665222 1.92197399133044 0.23407802600867
0.961320440146716 1.92264088029343 0.232077359119707
0.961653884628209 1.92330776925642 0.230076692230743
0.961987329109703 1.92397465821941 0.228076025341781
0.962320773591197 1.92464154718239 0.226075358452818
0.962654218072691 1.92530843614538 0.224074691563855
0.962987662554185 1.92597532510837 0.222074024674891
0.963321107035679 1.92664221407136 0.220073357785929
0.963654551517172 1.92730910303434 0.218072690896966
0.963987995998666 1.92797599199733 0.216072024008003
0.96432144048016 1.92864288096032 0.214071357119039
0.964654884961654 1.92930976992331 0.212070690230077
0.964988329443148 1.9299766588863 0.210070023341114
0.965321773924642 1.93064354784928 0.208069356452151
0.965655218406135 1.93131043681227 0.206068689563188
0.965988662887629 1.93197732577526 0.204068022674225
0.966322107369123 1.93264421473825 0.202067355785262
0.966655551850617 1.93331110370123 0.200066688896299
0.966988996332111 1.93397799266422 0.198066022007336
0.967322440813605 1.93464488162721 0.196065355118373
0.967655885295098 1.9353117705902 0.19406468822941
0.967989329776592 1.93597865955318 0.192064021340447
0.968322774258086 1.93664554851617 0.190063354451484
0.96865621873958 1.93731243747916 0.188062687562521
0.968989663221074 1.93797932644215 0.186062020673558
0.969323107702568 1.93864621540514 0.184061353784595
0.969656552184061 1.93931310436812 0.182060686895632
0.969989996665555 1.93997999333111 0.180060020006669
0.970323441147049 1.9406468822941 0.178059353117706
0.970656885628543 1.94131377125709 0.176058686228743
0.970990330110037 1.94198066022007 0.17405801933978
0.971323774591531 1.94264754918306 0.172057352450817
0.971657219073024 1.94331443814605 0.170056685561854
0.971990663554518 1.94398132710904 0.168056018672891
0.972324108036012 1.94464821607202 0.166055351783928
0.972657552517506 1.94531510503501 0.164054684894965
0.972990996999 1.945981993998 0.162054018006002
0.973324441480493 1.94664888296099 0.160053351117039
0.973657885961987 1.94731577192397 0.158052684228076
0.973991330443481 1.94798266088696 0.156052017339113
0.974324774924975 1.94864954984995 0.15405135045015
0.974658219406469 1.94931643881294 0.152050683561187
0.974991663887963 1.94998332777593 0.150050016672224
0.975325108369457 1.95065021673891 0.148049349783261
0.97565855285095 1.9513171057019 0.146048682894298
0.975991997332444 1.95198399466489 0.144048016005335
0.976325441813938 1.95265088362788 0.142047349116372
0.976658886295432 1.95331777259086 0.140046682227409
0.976992330776926 1.95398466155385 0.138046015338446
0.977325775258419 1.95465155051684 0.136045348449483
0.977659219739913 1.95531843947983 0.13404468156052
0.977992664221407 1.95598532844281 0.132044014671557
0.978326108702901 1.9566522174058 0.130043347782594
0.978659553184395 1.95731910636879 0.128042680893631
0.978992997665889 1.95798599533178 0.126042014004668
0.979326442147383 1.95865288429477 0.124041347115705
0.979659886628876 1.95931977325775 0.122040680226742
0.97999333111037 1.95998666222074 0.120040013337779
0.980326775591864 1.96065355118373 0.118039346448816
0.980660220073358 1.96132044014672 0.116038679559854
0.980993664554852 1.9619873291097 0.11403801267089
0.981327109036345 1.96265421807269 0.112037345781927
0.981660553517839 1.96332110703568 0.110036678892964
0.981993997999333 1.96398799599867 0.108036012004002
0.982327442480827 1.96465488496165 0.106035345115038
0.982660886962321 1.96532177392464 0.104034678226075
0.982994331443815 1.96598866288763 0.102034011337112
0.983327775925308 1.96665555185062 0.10003334444815
0.983661220406802 1.9673224408136 0.0980326775591864
0.983994664888296 1.96798932977659 0.0960320106702233
0.98432810936979 1.96865621873958 0.0940313437812601
0.984661553851284 1.96932310770257 0.0920306768922976
0.984994998332778 1.96998999666556 0.0900300100033344
0.985328442814271 1.97065688562854 0.0880293431143713
0.985661887295765 1.97132377459153 0.0860286762254088
0.985995331777259 1.97199066355452 0.0840280093364456
0.986328776258753 1.97265755251751 0.0820273424474824
0.986662220740247 1.97332444148049 0.0800266755585193
0.986995665221741 1.97399133044348 0.0780260086695568
0.987329109703234 1.97465821940647 0.0760253417805936
0.987662554184728 1.97532510836946 0.0740246748916304
0.987995998666222 1.97599199733244 0.0720240080026673
0.988329443147716 1.97665888629543 0.0700233411137048
0.98866288762921 1.97732577525842 0.0680226742247416
0.988996332110704 1.97799266422141 0.0660220073357785
0.989329776592197 1.97865955318439 0.0640213404468153
0.989663221073691 1.97932644214738 0.0620206735578528
0.989996665555185 1.97999333111037 0.0600200066688896
0.990330110036679 1.98066022007336 0.0580193397799265
0.990663554518173 1.98132710903635 0.056018672890964
0.990996998999667 1.98199399799933 0.0540180060020008
0.99133044348116 1.98266088696232 0.0520173391130376
0.991663887962654 1.98332777592531 0.0500166722240745
0.991997332444148 1.9839946648883 0.048016005335112
0.992330776925642 1.98466155385128 0.0460153384461488
0.992664221407136 1.98532844281427 0.0440146715571856
0.99299766588863 1.98599533177726 0.0420140046682225
0.993331110370123 1.98666222074025 0.04001333777926
0.993664554851617 1.98732910970323 0.0380126708902968
0.993997999333111 1.98799599866622 0.0360120040013336
0.994331443814605 1.98866288762921 0.0340113371123705
0.994664888296099 1.9893297765922 0.032010670223408
0.994998332777593 1.98999666555519 0.0300100033344448
0.995331777259086 1.99066355451817 0.0280093364454816
0.99566522174058 1.99133044348116 0.0260086695565191
0.995998666222074 1.99199733244415 0.024008002667556
0.996332110703568 1.99266422140714 0.0220073357785928
0.996665555185062 1.99333111037012 0.0200066688896297
0.996998999666555 1.99399799933311 0.0180060020006672
0.997332444148049 1.9946648882961 0.016005335111704
0.997665888629543 1.99533177725909 0.0140046682227408
0.997999333111037 1.99599866622207 0.0120040013337777
0.998332777592531 1.99666555518506 0.0100033344448152
0.998666222074025 1.99733244414805 0.00800266755585199
0.998999666555519 1.99799933311104 0.00600200066688883
0.999333111037012 1.99866622207402 0.00400133377792566
0.999666555518506 1.99933311103701 0.00200066688896317
1 2 0
